
=== 15:00:40.915 RDU N247SR ===
<record>
  <recSeqNum>20441</recSeqNum>
  <recSrc>A</recSrc>
  <recType>210</recType>
  <recSTARSTimestamp>54040590</recSTARSTimestamp>
  <recSTARSSrcID>0</recSTARSSrcID>
  <recSTARSTimeSync>true</recSTARSTimeSync>
  <recSAFAReceiptTime>2026-06-24T15:00:40.620Z</recSAFAReceiptTime>
  <recSAFATimeSync>true</recSAFATimeSync>
  <track>
    <trackNum>2164</trackNum>
    <mrtTime>2026-06-24T15:00:40.263Z</mrtTime>
    <status>active</status>
    <acAddress>a24ba0</acAddress>
    <xPos>976355</xPos>
    <yPos>306156</yPos>
    <lat>36.48511</lat>
    <lon>-78.43425</lon>
    <vVert>0</vVert>
    <vx>-72</vx>
    <vy>-157</vy>
    <vVertRaw>0</vVertRaw>
    <vxRaw>-328</vxRaw>
    <vyRaw>-715</vyRaw>
    <frozen>0</frozen>
    <new>0</new>
    <pseudo>0</pseudo>
    <adsb>1</adsb>
    <reportedBeaconCode>2415</reportedBeaconCode>
    <reportedAltitude>10000</reportedAltitude>
  </track>
  <flightPlan>
    <sfpn>561</sfpn>
    <ocr>normal handoff</ocr>
    <rnav>0</rnav>
    <scratchPad1>FLO</scratchPad1>
    <cps>1N</cps>
    <runway>NNNN</runway>
    <assignedBeaconCode>2415</assignedBeaconCode>
    <requestedAltitude>0</requestedAltitude>
    <assignedAltitude>10000</assignedAltitude>
    <category>I</category>
    <dbi></dbi>
    <acid>N247SR</acid>
    <acType>SR22</acType>
    <entryFix>LVL</entryFix>
    <exitFix>FAY</exitFix>
    <flightRules>E</flightRules>
    <rawFlightRules>E</rawFlightRules>
    <type>E</type>
    <status>active</status>
    <delete>0</delete>
    <suspended>0</suspended>
    <lld>NE</lld>
    <ECID>52V</ECID>
    <eqptSuffix>unavailable</eqptSuffix>
  </flightPlan>
  <enhancedData>
    <eramGufi>KW454334MC</eramGufi>
    <sfdpsGufi>us.fdps.2026-06-24T12:37:13Z.000/22/4MC</sfdpsGufi>
    <departureAirport>KHEF</departureAirport>
    <destinationAirport>KFIN</destinationAirport>
  </enhancedData>
</record>

=== 15:00:42.058 PCT SWA1011 ===
<record>
  <recSeqNum>61825</recSeqNum>
  <recSrc>A</recSrc>
  <recType>210</recType>
  <recSTARSTimestamp>54041840</recSTARSTimestamp>
  <recSTARSSrcID>0</recSTARSSrcID>
  <recSTARSTimeSync>true</recSTARSTimeSync>
  <recSAFAReceiptTime>2026-06-24T15:00:41.858Z</recSAFAReceiptTime>
  <recSAFATimeSync>true</recSAFATimeSync>
  <track>
    <trackNum>1765</trackNum>
    <mrtTime>2026-06-24T15:00:41.503Z</mrtTime>
    <status>active</status>
    <acAddress>a528d6</acAddress>
    <xPos>1014259</xPos>
    <yPos>323895</yPos>
    <lat>39.18081</lat>
    <lon>-76.78694</lon>
    <vVert>3146</vVert>
    <vx>-218</vx>
    <vy>22</vy>
    <vVertRaw>2148</vVertRaw>
    <vxRaw>-992</vxRaw>
    <vyRaw>102</vyRaw>
    <frozen>0</frozen>
    <new>0</new>
    <pseudo>0</pseudo>
    <adsb>1</adsb>
    <reportedBeaconCode>3706</reportedBeaconCode>
    <reportedAltitude>3500</reportedAltitude>
  </track>
  <flightPlan>
    <sfpn>1642</sfpn>
    <ocr>pending</ocr>
    <rnav>0</rnav>
    <cps>C</cps>
    <runway>NNNN</runway>
    <assignedBeaconCode>3706</assignedBeaconCode>
    <requestedAltitude>38000</requestedAltitude>
    <assignedAltitude>0</assignedAltitude>
    <category>F</category>
    <dbi></dbi>
    <acid>SWA1011</acid>
    <acType>B737</acType>
    <entryFix>BWI</entryFix>
    <exitFix>L78</exitFix>
    <airport>BWI</airport>
    <flightRules>IFR</flightRules>
    <rawFlightRules></rawFlightRules>
    <type>P</type>
    <ptdTime>1445</ptdTime>
    <status>active</status>
    <delete>0</delete>
    <suspended>0</suspended>
    <lld>SW</lld>
    <ECID>14V</ECID>
    <eqptSuffix>unavailable</eqptSuffix>
  </flightPlan>
  <enhancedData>
    <eramGufi>KW462664eL</eramGufi>
    <sfdpsGufi>us.fdps.2026-06-24T12:51:06Z.000/22/4eL</sfdpsGufi>
    <departureAirport>KBWI</departureAirport>
    <destinationAirport>KMKE</destinationAirport>
  </enhancedData>
</record>

=== 15:00:42.386 PCT N2320C ===
<record>
  <recSeqNum>61828</recSeqNum>
  <recSrc>A</recSrc>
  <recType>210</recType>
  <recSTARSTimestamp>54041980</recSTARSTimestamp>
  <recSTARSSrcID>0</recSTARSSrcID>
  <recSTARSTimeSync>true</recSTARSTimeSync>
  <recSAFAReceiptTime>2026-06-24T15:00:41.989Z</recSAFAReceiptTime>
  <recSAFATimeSync>true</recSAFATimeSync>
  <track>
    <trackNum>1624</trackNum>
    <mrtTime>2026-06-24T15:00:41.403Z</mrtTime>
    <status>active</status>
    <acAddress>a21249</acAddress>
    <xPos>998553</xPos>
    <yPos>320358</yPos>
    <lat>38.94789</lat>
    <lon>-78.099</lon>
    <vVert>3836</vVert>
    <vx>-381</vx>
    <vy>57</vy>
    <vVertRaw>2619</vVertRaw>
    <vxRaw>-1735</vxRaw>
    <vyRaw>261</vyRaw>
    <frozen>0</frozen>
    <new>0</new>
    <pseudo>0</pseudo>
    <adsb>1</adsb>
    <reportedBeaconCode>3723</reportedBeaconCode>
    <reportedAltitude>23100</reportedAltitude>
  </track>
  <flightPlan>
    <sfpn>1184</sfpn>
    <ocr>normal handoff</ocr>
    <rnav>0</rnav>
    <cps>C</cps>
    <runway>NNNN</runway>
    <assignedBeaconCode>3723</assignedBeaconCode>
    <requestedAltitude>47000</requestedAltitude>
    <assignedAltitude>0</assignedAltitude>
    <category>F</category>
    <dbi></dbi>
    <acid>N2320C</acid>
    <acType>GA5C</acType>
    <entryFix>IAD</entryFix>
    <exitFix>RAM</exitFix>
    <airport>IAD</airport>
    <flightRules>IFR</flightRules>
    <rawFlightRules></rawFlightRules>
    <type>P</type>
    <ptdTime>1430</ptdTime>
    <status>active</status>
    <delete>0</delete>
    <suspended>0</suspended>
    <lld>NW</lld>
    <ECID>46P</ECID>
    <eqptSuffix>unavailable</eqptSuffix>
  </flightPlan>
  <enhancedData>
    <eramGufi>KW52213413</eramGufi>
    <sfdpsGufi>us.fdps.2026-06-24T14:30:00Z.303/22/413</sfdpsGufi>
    <departureAirport>KIAD</departureAirport>
    <destinationAirport>KMKC</destinationAirport>
  </enhancedData>
</record>

=== 15:00:42.386 PCT HRD31 ===
<record>
  <recSeqNum>61885</recSeqNum>
  <recSrc>A</recSrc>
  <recType>210</recType>
  <recSTARSTimestamp>54042270</recSTARSTimestamp>
  <recSTARSSrcID>0</recSTARSSrcID>
  <recSTARSTimeSync>true</recSTARSTimeSync>
  <recSAFAReceiptTime>2026-06-24T15:00:42.290Z</recSAFAReceiptTime>
  <recSAFATimeSync>true</recSAFATimeSync>
  <track>
    <trackNum>3389</trackNum>
    <mrtTime>2026-06-24T15:00:41.899Z</mrtTime>
    <status>active</status>
    <acAddress>ab5d37</acAddress>
    <xPos>993921</xPos>
    <yPos>318898</yPos>
    <lat>38.84925</lat>
    <lon>-78.48378</lon>
    <vVert>0</vVert>
    <vx>-132</vx>
    <vy>-15</vy>
    <vVertRaw>0</vVertRaw>
    <vxRaw>-603</vxRaw>
    <vyRaw>-70</vyRaw>
    <frozen>0</frozen>
    <new>0</new>
    <pseudo>0</pseudo>
    <adsb>1</adsb>
    <reportedBeaconCode>7071</reportedBeaconCode>
    <reportedAltitude>8000</reportedAltitude>
  </track>
  <flightPlan>
    <sfpn>415</sfpn>
    <ocr>normal handoff</ocr>
    <rnav>0</rnav>
    <scratchPad1>HTS</scratchPad1>
    <scratchPad2>DIR</scratchPad2>
    <cps>C</cps>
    <runway>NNNN</runway>
    <assignedBeaconCode>7071</assignedBeaconCode>
    <requestedAltitude>8000</requestedAltitude>
    <assignedAltitude>0</assignedAltitude>
    <category>I</category>
    <dbi></dbi>
    <acid>HRD31</acid>
    <acType>SR20</acType>
    <entryFix>IAD</entryFix>
    <exitFix>P27</exitFix>
    <airport>IAD</airport>
    <flightRules>IFR</flightRules>
    <rawFlightRules></rawFlightRules>
    <type>P</type>
    <ptdTime>1448</ptdTime>
    <status>active</status>
    <delete>0</delete>
    <suspended>0</suspended>
    <lld>SW</lld>
    <ECID>747</ECID>
    <eqptSuffix>unavailable</eqptSuffix>
  </flightPlan>
  <enhancedData>
    <eramGufi>KW5151842M</eramGufi>
    <sfdpsGufi>us.fdps.2026-06-24T13:18:13Z.000/22/4Et</sfdpsGufi>
    <departureAirport>KIAD</departureAirport>
    <destinationAirport>KHTS</destinationAirport>
  </enhancedData>
</record>

=== 15:00:42.747 PCT DAL1592 ===
<record>
  <recSeqNum>61902</recSeqNum>
  <recSrc>A</recSrc>
  <recType>210</recType>
  <recSTARSTimestamp>54042430</recSTARSTimestamp>
  <recSTARSSrcID>0</recSTARSSrcID>
  <recSTARSTimeSync>true</recSTARSTimeSync>
  <recSAFAReceiptTime>2026-06-24T15:00:42.442Z</recSAFAReceiptTime>
  <recSAFATimeSync>true</recSAFATimeSync>
  <track>
    <trackNum>425</trackNum>
    <mrtTime>2026-06-24T15:00:41.414Z</mrtTime>
    <status>active</status>
    <acAddress>000000</acAddress>
    <xPos>998460</xPos>
    <yPos>311030</yPos>
    <lat>38.34</lat>
    <lon>-78.09936</lon>
    <vVert>2146</vVert>
    <vx>-349</vx>
    <vy>-240</vy>
    <vVertRaw>1465</vVertRaw>
    <vxRaw>-1589</vxRaw>
    <vyRaw>-1094</vyRaw>
    <frozen>0</frozen>
    <new>0</new>
    <pseudo>0</pseudo>
    <adsb>0</adsb>
    <reportedBeaconCode>2125</reportedBeaconCode>
    <reportedAltitude>29000</reportedAltitude>
  </track>
  <flightPlan>
    <sfpn>1545</sfpn>
    <ocr>normal handoff</ocr>
    <rnav>0</rnav>
    <cps>C</cps>
    <runway>NNNN</runway>
    <assignedBeaconCode>2125</assignedBeaconCode>
    <requestedAltitude>34000</requestedAltitude>
    <assignedAltitude>0</assignedAltitude>
    <category>F</category>
    <dbi></dbi>
    <acid>DAL1592</acid>
    <acType>B739</acType>
    <entryFix>BWI</entryFix>
    <exitFix>TCL</exitFix>
    <airport>BWI</airport>
    <flightRules>IFR</flightRules>
    <rawFlightRules></rawFlightRules>
    <type>P</type>
    <ptdTime>1433</ptdTime>
    <status>active</status>
    <delete>0</delete>
    <suspended>0</suspended>
    <lld>W</lld>
    <ECID>220</ECID>
    <eqptSuffix>unavailable</eqptSuffix>
  </flightPlan>
  <enhancedData>
    <eramGufi>KW4944040n</eramGufi>
    <sfdpsGufi>us.fdps.2026-06-24T13:44:00Z.000/22/40n</sfdpsGufi>
    <departureAirport>KBWI</departureAirport>
    <destinationAirport>KATL</destinationAirport>
  </enhancedData>
</record>

=== 15:00:42.748 PCT LXJ447 ===
<record>
  <recSeqNum>61904</recSeqNum>
  <recSrc>A</recSrc>
  <recType>210</recType>
  <recSTARSTimestamp>54042430</recSTARSTimestamp>
  <recSTARSSrcID>0</recSTARSSrcID>
  <recSTARSTimeSync>true</recSTARSTimeSync>
  <recSAFAReceiptTime>2026-06-24T15:00:42.442Z</recSAFAReceiptTime>
  <recSAFATimeSync>true</recSAFATimeSync>
  <track>
    <trackNum>267</trackNum>
    <mrtTime>2026-06-24T15:00:42.030Z</mrtTime>
    <status>active</status>
    <acAddress>a56531</acAddress>
    <xPos>1016166</xPos>
    <yPos>324882</yPos>
    <lat>39.24442</lat>
    <lon>-76.62678</lon>
    <vVert>2528</vVert>
    <vx>357</vx>
    <vy>-104</vy>
    <vVertRaw>1726</vVertRaw>
    <vxRaw>1626</vxRaw>
    <vyRaw>-473</vyRaw>
    <frozen>0</frozen>
    <new>0</new>
    <pseudo>0</pseudo>
    <adsb>1</adsb>
    <reportedBeaconCode>3711</reportedBeaconCode>
    <reportedAltitude>20000</reportedAltitude>
  </track>
  <flightPlan>
    <sfpn>1626</sfpn>
    <ocr>normal handoff</ocr>
    <rnav>0</rnav>
    <cps>C</cps>
    <runway>NNNN</runway>
    <assignedBeaconCode>3711</assignedBeaconCode>
    <requestedAltitude>23000</requestedAltitude>
    <assignedAltitude>0</assignedAltitude>
    <category>H</category>
    <dbi></dbi>
    <acid>LXJ447</acid>
    <acType>E545</acType>
    <entryFix>IAD</entryFix>
    <exitFix>BRO</exitFix>
    <airport>IAD</airport>
    <flightRules>IFR</flightRules>
    <rawFlightRules></rawFlightRules>
    <type>P</type>
    <ptdTime>1430</ptdTime>
    <status>active</status>
    <delete>0</delete>
    <suspended>0</suspended>
    <lld>NW</lld>
    <ECID>752</ECID>
    <eqptSuffix>unavailable</eqptSuffix>
  </flightPlan>
  <enhancedData>
    <eramGufi>KW52210410</eramGufi>
    <sfdpsGufi>us.fdps.2026-06-24T14:30:00Z.116/22/410</sfdpsGufi>
    <departureAirport>KIAD</departureAirport>
    <destinationAirport>KHPN</destinationAirport>
  </enhancedData>
</record>

=== 15:00:42.748 PCT POD3 ===
<record>
  <recSeqNum>61910</recSeqNum>
  <recSrc>A</recSrc>
  <recType>210</recType>
  <recSTARSTimestamp>54042430</recSTARSTimestamp>
  <recSTARSSrcID>0</recSTARSSrcID>
  <recSTARSTimeSync>true</recSTARSTimeSync>
  <recSAFAReceiptTime>2026-06-24T15:00:42.442Z</recSAFAReceiptTime>
  <recSAFATimeSync>true</recSAFATimeSync>
  <track>
    <trackNum>519</trackNum>
    <mrtTime>2026-06-24T15:00:42.120Z</mrtTime>
    <status>active</status>
    <acAddress>a25bc4</acAddress>
    <xPos>999639</xPos>
    <yPos>296269</yPos>
    <lat>37.37864</lat>
    <lon>-77.99172</lon>
    <vVert>-1225</vVert>
    <vx>194</vx>
    <vy>359</vy>
    <vVertRaw>-836</vVertRaw>
    <vxRaw>882</vxRaw>
    <vyRaw>1635</vyRaw>
    <frozen>0</frozen>
    <new>0</new>
    <pseudo>0</pseudo>
    <adsb>1</adsb>
    <reportedBeaconCode>3323</reportedBeaconCode>
    <reportedAltitude>20400</reportedAltitude>
  </track>
  <flightPlan>
    <sfpn>315</sfpn>
    <ocr>no change</ocr>
    <rnav>0</rnav>
    <scratchPad1>JYO</scratchPad1>
    <cps>C</cps>
    <runway>JYO</runway>
    <assignedBeaconCode>3323</assignedBeaconCode>
    <requestedAltitude>0</requestedAltitude>
    <assignedAltitude>21000</assignedAltitude>
    <category>H</category>
    <dbi></dbi>
    <acid>POD3</acid>
    <acType>CL30</acType>
    <entryFix>TFF</entryFix>
    <exitFix>JYO</exitFix>
    <airport>JYO</airport>
    <flightRules>IFR</flightRules>
    <rawFlightRules></rawFlightRules>
    <type>A</type>
    <ptdTime>1505</ptdTime>
    <status>active</status>
    <delete>0</delete>
    <suspended>0</suspended>
    <lld>SW</lld>
    <ECID>809</ECID>
    <eqptSuffix>unavailable</eqptSuffix>
  </flightPlan>
  <enhancedData>
    <eramGufi>KR377584FS</eramGufi>
    <sfdpsGufi>us.fdps.2026-06-24T10:29:18Z.000/17/4FS</sfdpsGufi>
    <departureAirport>KSUA</departureAirport>
    <destinationAirport>KJYO</destinationAirport>
  </enhancedData>
</record>

=== 15:00:44.530 PCT SWA1576 ===
<record>
  <recSeqNum>62151</recSeqNum>
  <recSrc>A</recSrc>
  <recType>210</recType>
  <recSTARSTimestamp>54044250</recSTARSTimestamp>
  <recSTARSSrcID>0</recSTARSSrcID>
  <recSTARSTimeSync>true</recSTARSTimeSync>
  <recSAFAReceiptTime>2026-06-24T15:00:44.261Z</recSAFAReceiptTime>
  <recSAFATimeSync>true</recSAFATimeSync>
  <track>
    <trackNum>610</trackNum>
    <mrtTime>2026-06-24T15:00:40.103Z</mrtTime>
    <status>active</status>
    <acAddress>000000</acAddress>
    <xPos>990022</xPos>
    <yPos>300996</yPos>
    <lat>37.67889</lat>
    <lon>-78.78353</lon>
    <vVert>1178</vVert>
    <vx>-282</vx>
    <vy>-310</vy>
    <vVertRaw>804</vVertRaw>
    <vxRaw>-1284</vxRaw>
    <vyRaw>-1409</vyRaw>
    <frozen>0</frozen>
    <new>0</new>
    <pseudo>0</pseudo>
    <adsb>0</adsb>
    <reportedBeaconCode>3575</reportedBeaconCode>
    <reportedAltitude>35700</reportedAltitude>
  </track>
  <flightPlan>
    <sfpn>304</sfpn>
    <ocr>normal handoff</ocr>
    <rnav>0</rnav>
    <cps>C</cps>
    <runway>NNNN</runway>
    <assignedBeaconCode>3575</assignedBeaconCode>
    <requestedAltitude>38000</requestedAltitude>
    <assignedAltitude>0</assignedAltitude>
    <category>F</category>
    <dbi></dbi>
    <acid>SWA1576</acid>
    <acType>B738</acType>
    <entryFix>BWI</entryFix>
    <exitFix>TSC</exitFix>
    <airport>BWI</airport>
    <flightRules>IFR</flightRules>
    <rawFlightRules></rawFlightRules>
    <type>P</type>
    <ptdTime>1415</ptdTime>
    <status>active</status>
    <delete>0</delete>
    <suspended>0</suspended>
    <lld>NE</lld>
    <ECID>878</ECID>
    <eqptSuffix>unavailable</eqptSuffix>
  </flightPlan>
  <enhancedData>
    <eramGufi>KW42182463</eramGufi>
    <sfdpsGufi>us.fdps.2026-06-24T11:43:02Z.000/22/463</sfdpsGufi>
    <departureAirport>KBWI</departureAirport>
    <destinationAirport>KAUS</destinationAirport>
  </enhancedData>
</record>

=== 15:00:44.530 PCT EJA110 ===
<record>
  <recSeqNum>62166</recSeqNum>
  <recSrc>A</recSrc>
  <recType>210</recType>
  <recSTARSTimestamp>54044390</recSTARSTimestamp>
  <recSTARSSrcID>0</recSTARSSrcID>
  <recSTARSTimeSync>true</recSTARSTimeSync>
  <recSAFAReceiptTime>2026-06-24T15:00:44.402Z</recSAFAReceiptTime>
  <recSAFATimeSync>true</recSAFATimeSync>
  <track>
    <trackNum>1914</trackNum>
    <mrtTime>2026-06-24T15:00:40.193Z</mrtTime>
    <status>active</status>
    <acAddress>000000</acAddress>
    <xPos>983899</xPos>
    <yPos>300470</yPos>
    <lat>37.63689</lat>
    <lon>-79.2845</lon>
    <vVert>28</vVert>
    <vx>-352</vx>
    <vy>-256</vy>
    <vVertRaw>19</vVertRaw>
    <vxRaw>-1603</vxRaw>
    <vyRaw>-1167</vyRaw>
    <frozen>0</frozen>
    <new>0</new>
    <pseudo>0</pseudo>
    <adsb>0</adsb>
    <reportedBeaconCode>7075</reportedBeaconCode>
    <reportedAltitude>43000</reportedAltitude>
  </track>
  <flightPlan>
    <sfpn>261</sfpn>
    <ocr>normal handoff</ocr>
    <rnav>0</rnav>
    <cps>C</cps>
    <runway>NNNN</runway>
    <assignedBeaconCode>7075</assignedBeaconCode>
    <requestedAltitude>43000</requestedAltitude>
    <assignedAltitude>0</assignedAltitude>
    <category>F</category>
    <dbi></dbi>
    <acid>EJA110</acid>
    <acType>GL5T</acType>
    <entryFix>IAD</entryFix>
    <exitFix>CLH</exitFix>
    <airport>IAD</airport>
    <flightRules>IFR</flightRules>
    <rawFlightRules></rawFlightRules>
    <type>P</type>
    <ptdTime>1354</ptdTime>
    <status>active</status>
    <delete>0</delete>
    <suspended>0</suspended>
    <lld>NE</lld>
    <ECID>478</ECID>
    <eqptSuffix>unavailable</eqptSuffix>
  </flightPlan>
  <enhancedData>
    <eramGufi>KW385444Rz</eramGufi>
    <sfdpsGufi>us.fdps.2026-06-24T10:42:24Z.000/22/4Rz</sfdpsGufi>
    <departureAirport>KIAD</departureAirport>
    <destinationAirport>KPDK</destinationAirport>
  </enhancedData>
</record>

=== 15:00:44.530 PCT SWA1426 ===
<record>
  <recSeqNum>62179</recSeqNum>
  <recSrc>A</recSrc>
  <recType>210</recType>
  <recSTARSTimestamp>54044390</recSTARSTimestamp>
  <recSTARSSrcID>0</recSTARSSrcID>
  <recSTARSTimeSync>true</recSTARSTimeSync>
  <recSAFAReceiptTime>2026-06-24T15:00:44.402Z</recSAFAReceiptTime>
  <recSAFATimeSync>true</recSAFATimeSync>
  <track>
    <trackNum>1470</trackNum>
    <mrtTime>2026-06-24T15:00:43.920Z</mrtTime>
    <status>active</status>
    <acAddress>aab09a</acAddress>
    <xPos>1006540</xPos>
    <yPos>320135</yPos>
    <lat>38.93642</lat>
    <lon>-77.43247</lon>
    <vVert>2243</vVert>
    <vx>-330</vx>
    <vy>-135</vy>
    <vVertRaw>1531</vVertRaw>
    <vxRaw>-1503</vxRaw>
    <vyRaw>-614</vyRaw>
    <frozen>0</frozen>
    <new>0</new>
    <pseudo>0</pseudo>
    <adsb>1</adsb>
    <reportedBeaconCode>6220</reportedBeaconCode>
    <reportedAltitude>14800</reportedAltitude>
  </track>
  <flightPlan>
    <sfpn>1757</sfpn>
    <ocr>normal handoff</ocr>
    <rnav>0</rnav>
    <cps>C</cps>
    <runway>NNNN</runway>
    <assignedBeaconCode>6220</assignedBeaconCode>
    <requestedAltitude>36000</requestedAltitude>
    <assignedAltitude>0</assignedAltitude>
    <category>F</category>
    <dbi></dbi>
    <acid>SWA1426</acid>
    <acType>B737</acType>
    <entryFix>DCA</entryFix>
    <exitFix>OTO</exitFix>
    <airport>DCA</airport>
    <flightRules>IFR</flightRules>
    <rawFlightRules></rawFlightRules>
    <type>P</type>
    <ptdTime>1435</ptdTime>
    <status>active</status>
    <delete>0</delete>
    <suspended>0</suspended>
    <lld>NW</lld>
    <ECID>81N</ECID>
    <eqptSuffix>unavailable</eqptSuffix>
  </flightPlan>
  <enhancedData>
    <eramGufi>KW452544g8</eramGufi>
    <sfdpsGufi>us.fdps.2026-06-24T12:34:14Z.000/22/4g8</sfdpsGufi>
    <departureAirport>KDCA</departureAirport>
    <destinationAirport>KBNA</destinationAirport>
  </enhancedData>
</record>

=== 15:00:44.789 ORF JIA5330 ===
<record>
  <recSeqNum>64770</recSeqNum>
  <recSrc>A</recSrc>
  <recType>210</recType>
  <recSTARSTimestamp>54044330</recSTARSTimestamp>
  <recSTARSSrcID>0</recSTARSSrcID>
  <recSTARSTimeSync>true</recSTARSTimeSync>
  <recSAFAReceiptTime>2026-06-24T15:00:44.352Z</recSAFAReceiptTime>
  <recSAFATimeSync>true</recSAFATimeSync>
  <track>
    <trackNum>3339</trackNum>
    <mrtTime>2026-06-24T15:00:43.961Z</mrtTime>
    <status>active</status>
    <acAddress>a682e3</acAddress>
    <xPos>1022657</xPos>
    <yPos>296056</yPos>
    <lat>37.46781</lat>
    <lon>-76.32161</lon>
    <vVert>-176</vVert>
    <vx>20</vx>
    <vy>-356</vy>
    <vVertRaw>-120</vVertRaw>
    <vxRaw>92</vxRaw>
    <vyRaw>-1622</vyRaw>
    <frozen>0</frozen>
    <new>0</new>
    <pseudo>0</pseudo>
    <adsb>1</adsb>
    <reportedBeaconCode>4650</reportedBeaconCode>
    <reportedAltitude>12000</reportedAltitude>
  </track>
  <flightPlan>
    <sfpn>1011</sfpn>
    <ocr>normal handoff</ocr>
    <rnav>0</rnav>
    <cps>1G</cps>
    <assignedBeaconCode>4650</assignedBeaconCode>
    <requestedAltitude>0</requestedAltitude>
    <assignedAltitude>13000</assignedAltitude>
    <category>G</category>
    <dbi></dbi>
    <acid>JIA5330</acid>
    <acType>CRJ7</acType>
    <entryFix>OT1</entryFix>
    <exitFix>ORF</exitFix>
    <airport>ORF</airport>
    <flightRules>IFR</flightRules>
    <rawFlightRules></rawFlightRules>
    <type>A</type>
    <ptdTime>1458</ptdTime>
    <status>active</status>
    <delete>0</delete>
    <suspended>0</suspended>
    <lld>NE</lld>
    <ECID>57P</ECID>
    <eqptSuffix>unavailable</eqptSuffix>
  </flightPlan>
  <enhancedData>
    <eramGufi>KW477514Ec</eramGufi>
    <sfdpsGufi>us.fdps.2026-06-24T13:15:51Z.000/22/4Ec</sfdpsGufi>
    <departureAirport>KDCA</departureAirport>
    <destinationAirport>KORF</destinationAirport>
  </enhancedData>
</record>

=== 15:00:44.953 PCT N300KC ===
<record>
  <recSeqNum>62201</recSeqNum>
  <recSrc>A</recSrc>
  <recType>210</recType>
  <recSTARSTimestamp>54044530</recSTARSTimestamp>
  <recSTARSSrcID>0</recSTARSSrcID>
  <recSTARSTimeSync>true</recSTARSTimeSync>
  <recSAFAReceiptTime>2026-06-24T15:00:44.552Z</recSAFAReceiptTime>
  <recSAFATimeSync>true</recSAFATimeSync>
  <track>
    <trackNum>3391</trackNum>
    <mrtTime>2026-06-24T15:00:40.839Z</mrtTime>
    <status>active</status>
    <acAddress>000000</acAddress>
    <xPos>992258</xPos>
    <yPos>318923</yPos>
    <lat>38.84931</lat>
    <lon>-78.62239</lon>
    <vVert>1723</vVert>
    <vx>-369</vx>
    <vy>-1</vy>
    <vVertRaw>1176</vVertRaw>
    <vxRaw>-1679</vxRaw>
    <vyRaw>-6</vyRaw>
    <frozen>0</frozen>
    <new>0</new>
    <pseudo>0</pseudo>
    <adsb>0</adsb>
    <reportedBeaconCode>5603</reportedBeaconCode>
    <reportedAltitude>27000</reportedAltitude>
  </track>
  <flightPlan>
    <sfpn>808</sfpn>
    <ocr>normal handoff</ocr>
    <rnav>0</rnav>
    <cps>C</cps>
    <runway>NNNN</runway>
    <assignedBeaconCode>5603</assignedBeaconCode>
    <requestedAltitude>34000</requestedAltitude>
    <assignedAltitude>0</assignedAltitude>
    <category>H</category>
    <dbi></dbi>
    <acid>N300KC</acid>
    <acType>CL30</acType>
    <entryFix>IAD</entryFix>
    <exitFix>OTO</exitFix>
    <airport>IAD</airport>
    <flightRules>IFR</flightRules>
    <rawFlightRules></rawFlightRules>
    <type>P</type>
    <ptdTime>1405</ptdTime>
    <status>active</status>
    <delete>0</delete>
    <suspended>0</suspended>
    <lld>NW</lld>
    <ECID>754</ECID>
    <eqptSuffix>unavailable</eqptSuffix>
  </flightPlan>
  <enhancedData>
    <eramGufi>KW50746446</eramGufi>
    <sfdpsGufi>us.fdps.2026-06-24T14:05:00Z.556/22/446</sfdpsGufi>
    <departureAirport>KIAD</departureAirport>
    <destinationAirport>KLUK</destinationAirport>
  </enhancedData>
</record>

=== 15:00:44.953 PCT ENY3462 ===
<record>
  <recSeqNum>62226</recSeqNum>
  <recSrc>A</recSrc>
  <recType>210</recType>
  <recSTARSTimestamp>54044680</recSTARSTimestamp>
  <recSTARSSrcID>0</recSTARSSrcID>
  <recSTARSTimeSync>true</recSTARSTimeSync>
  <recSAFAReceiptTime>2026-06-24T15:00:44.704Z</recSAFAReceiptTime>
  <recSAFATimeSync>true</recSAFATimeSync>
  <track>
    <trackNum>147</trackNum>
    <mrtTime>2026-06-24T15:00:44.224Z</mrtTime>
    <status>active</status>
    <acAddress>a234ef</acAddress>
    <xPos>1010557</xPos>
    <yPos>319742</yPos>
    <lat>38.91094</lat>
    <lon>-77.09736</lon>
    <vVert>1477</vVert>
    <vx>-184</vx>
    <vy>103</vy>
    <vVertRaw>1008</vVertRaw>
    <vxRaw>-839</vxRaw>
    <vyRaw>470</vyRaw>
    <frozen>0</frozen>
    <new>0</new>
    <pseudo>0</pseudo>
    <adsb>1</adsb>
    <reportedBeaconCode>6504</reportedBeaconCode>
    <reportedAltitude>2400</reportedAltitude>
  </track>
  <flightPlan>
    <sfpn>1591</sfpn>
    <ocr>pending</ocr>
    <rnav>0</rnav>
    <cps>C</cps>
    <runway>NNNN</runway>
    <assignedBeaconCode>6504</assignedBeaconCode>
    <requestedAltitude>34000</requestedAltitude>
    <assignedAltitude>0</assignedAltitude>
    <category>G</category>
    <dbi></dbi>
    <acid>ENY3462</acid>
    <acType>E170</acType>
    <entryFix>DCA</entryFix>
    <exitFix>RAM</exitFix>
    <airport>DCA</airport>
    <flightRules>IFR</flightRules>
    <rawFlightRules></rawFlightRules>
    <type>P</type>
    <ptdTime>1450</ptdTime>
    <status>active</status>
    <delete>0</delete>
    <suspended>0</suspended>
    <lld>NW</lld>
    <ECID>959</ECID>
    <eqptSuffix>unavailable</eqptSuffix>
  </flightPlan>
  <enhancedData>
    <eramGufi>KW489174kj</eramGufi>
    <sfdpsGufi>us.fdps.2026-06-24T13:35:17Z.000/22/4kj</sfdpsGufi>
    <departureAirport>KDCA</departureAirport>
    <destinationAirport>KCID</destinationAirport>
  </enhancedData>
</record>

=== 15:00:45.099 RDU N506C ===
<record>
  <recSeqNum>20546</recSeqNum>
  <recSrc>A</recSrc>
  <recType>210</recType>
  <recSTARSTimestamp>54044620</recSTARSTimestamp>
  <recSTARSSrcID>0</recSTARSSrcID>
  <recSTARSTimeSync>true</recSTARSTimeSync>
  <recSAFAReceiptTime>2026-06-24T15:00:44.623Z</recSAFAReceiptTime>
  <recSAFATimeSync>true</recSAFATimeSync>
  <track>
    <trackNum>3382</trackNum>
    <mrtTime>2026-06-24T15:00:43.845Z</mrtTime>
    <status>active</status>
    <acAddress>a6506c</acAddress>
    <xPos>979616</xPos>
    <yPos>308350</yPos>
    <lat>36.62708</lat>
    <lon>-78.16992</lon>
    <vVert>0</vVert>
    <vx>-90</vx>
    <vy>-132</vy>
    <vVertRaw>0</vVertRaw>
    <vxRaw>-411</vxRaw>
    <vyRaw>-603</vyRaw>
    <frozen>0</frozen>
    <new>0</new>
    <pseudo>0</pseudo>
    <adsb>1</adsb>
    <reportedBeaconCode>1736</reportedBeaconCode>
    <reportedAltitude>6500</reportedAltitude>
  </track>
  <flightPlan>
    <sfpn>559</sfpn>
    <ocr>normal handoff</ocr>
    <rnav>0</rnav>
    <cps>1N</cps>
    <runway>NNNN</runway>
    <assignedBeaconCode>1736</assignedBeaconCode>
    <requestedAltitude>0</requestedAltitude>
    <assignedAltitude>0</assignedAltitude>
    <category>I</category>
    <dbi></dbi>
    <acid>N506C</acid>
    <acType>PA32</acType>
    <entryFix>LVL</entryFix>
    <exitFix>BUF</exitFix>
    <flightRules>V</flightRules>
    <rawFlightRules>V</rawFlightRules>
    <type>E</type>
    <status>active</status>
    <delete>0</delete>
    <suspended>0</suspended>
    <lld>NE</lld>
    <ECID>229</ECID>
    <eqptSuffix>unavailable</eqptSuffix>
  </flightPlan>
  <enhancedData>
    <eramGufi>KN488544xy</eramGufi>
    <sfdpsGufi>us.fdps.2026-06-24T13:34:14Z.000/13/4xy</sfdpsGufi>
    <departureAirport>KMXE</departureAirport>
    <destinationAirport>KSAP</destinationAirport>
  </enhancedData>
</record>

=== 15:00:45.575 PCT POD3 ===
<record>
  <recSeqNum>62307</recSeqNum>
  <recSrc>A</recSrc>
  <recType>210</recType>
  <recSTARSTimestamp>54045360</recSTARSTimestamp>
  <recSTARSSrcID>0</recSTARSSrcID>
  <recSTARSTimeSync>true</recSTARSTimeSync>
  <recSAFAReceiptTime>2026-06-24T15:00:45.367Z</recSAFAReceiptTime>
  <recSAFATimeSync>true</recSAFATimeSync>
  <track>
    <trackNum>519</trackNum>
    <mrtTime>2026-06-24T15:00:44.103Z</mrtTime>
    <status>active</status>
    <acAddress>a25bc4</acAddress>
    <xPos>999666</xPos>
    <yPos>296320</yPos>
    <lat>37.38197</lat>
    <lon>-77.98953</lon>
    <vVert>-1225</vVert>
    <vx>194</vx>
    <vy>359</vy>
    <vVertRaw>-836</vVertRaw>
    <vxRaw>881</vxRaw>
    <vyRaw>1632</vyRaw>
    <frozen>0</frozen>
    <new>0</new>
    <pseudo>0</pseudo>
    <adsb>1</adsb>
    <reportedBeaconCode>3323</reportedBeaconCode>
    <reportedAltitude>20400</reportedAltitude>
  </track>
  <flightPlan>
    <sfpn>315</sfpn>
    <ocr>no change</ocr>
    <rnav>0</rnav>
    <scratchPad1>JYO</scratchPad1>
    <cps>C</cps>
    <runway>JYO</runway>
    <assignedBeaconCode>3323</assignedBeaconCode>
    <requestedAltitude>0</requestedAltitude>
    <assignedAltitude>21000</assignedAltitude>
    <category>H</category>
    <dbi></dbi>
    <acid>POD3</acid>
    <acType>CL30</acType>
    <entryFix>TFF</entryFix>
    <exitFix>JYO</exitFix>
    <airport>JYO</airport>
    <flightRules>IFR</flightRules>
    <rawFlightRules></rawFlightRules>
    <type>A</type>
    <ptdTime>1505</ptdTime>
    <status>active</status>
    <delete>0</delete>
    <suspended>0</suspended>
    <lld>SW</lld>
    <ECID>809</ECID>
    <eqptSuffix>unavailable</eqptSuffix>
  </flightPlan>
  <enhancedData>
    <eramGufi>KR377584FS</eramGufi>
    <sfdpsGufi>us.fdps.2026-06-24T10:29:18Z.000/17/4FS</sfdpsGufi>
    <departureAirport>KSUA</departureAirport>
    <destinationAirport>KJYO</destinationAirport>
  </enhancedData>
</record>

=== 15:00:46.583 PCT HRD31 ===
<record>
  <recSeqNum>62424</recSeqNum>
  <recSrc>A</recSrc>
  <recType>210</recType>
  <recSTARSTimestamp>54046330</recSTARSTimestamp>
  <recSTARSSrcID>0</recSTARSSrcID>
  <recSTARSTimeSync>true</recSTARSTimeSync>
  <recSAFAReceiptTime>2026-06-24T15:00:46.363Z</recSAFAReceiptTime>
  <recSAFATimeSync>true</recSAFATimeSync>
  <track>
    <trackNum>3389</trackNum>
    <mrtTime>2026-06-24T15:00:45.932Z</mrtTime>
    <status>active</status>
    <acAddress>ab5d37</acAddress>
    <xPos>993883</xPos>
    <yPos>318894</yPos>
    <lat>38.84897</lat>
    <lon>-78.48694</lon>
    <vVert>0</vVert>
    <vx>-132</vx>
    <vy>-15</vy>
    <vVertRaw>0</vVertRaw>
    <vxRaw>-603</vxRaw>
    <vyRaw>-67</vyRaw>
    <frozen>0</frozen>
    <new>0</new>
    <pseudo>0</pseudo>
    <adsb>1</adsb>
    <reportedBeaconCode>7071</reportedBeaconCode>
    <reportedAltitude>8000</reportedAltitude>
  </track>
  <flightPlan>
    <sfpn>415</sfpn>
    <ocr>normal handoff</ocr>
    <rnav>0</rnav>
    <scratchPad1>HTS</scratchPad1>
    <scratchPad2>DIR</scratchPad2>
    <cps>C</cps>
    <runway>NNNN</runway>
    <assignedBeaconCode>7071</assignedBeaconCode>
    <requestedAltitude>8000</requestedAltitude>
    <assignedAltitude>0</assignedAltitude>
    <category>I</category>
    <dbi></dbi>
    <acid>HRD31</acid>
    <acType>SR20</acType>
    <entryFix>IAD</entryFix>
    <exitFix>P27</exitFix>
    <airport>IAD</airport>
    <flightRules>IFR</flightRules>
    <rawFlightRules></rawFlightRules>
    <type>P</type>
    <ptdTime>1448</ptdTime>
    <status>active</status>
    <delete>0</delete>
    <suspended>0</suspended>
    <lld>SW</lld>
    <ECID>747</ECID>
    <eqptSuffix>unavailable</eqptSuffix>
  </flightPlan>
  <enhancedData>
    <eramGufi>KW5151842M</eramGufi>
    <sfdpsGufi>us.fdps.2026-06-24T13:18:13Z.000/22/4Et</sfdpsGufi>
    <departureAirport>KIAD</departureAirport>
    <destinationAirport>KHTS</destinationAirport>
  </enhancedData>
</record>

=== 15:00:46.988 PCT POD3 ===
<record>
  <recSeqNum>62443</recSeqNum>
  <recSrc>A</recSrc>
  <recType>210</recType>
  <recSTARSTimestamp>54046480</recSTARSTimestamp>
  <recSTARSSrcID>0</recSTARSSrcID>
  <recSTARSTimeSync>true</recSTARSTimeSync>
  <recSAFAReceiptTime>2026-06-24T15:00:46.504Z</recSAFAReceiptTime>
  <recSAFATimeSync>true</recSAFATimeSync>
  <track>
    <trackNum>519</trackNum>
    <mrtTime>2026-06-24T15:00:46.163Z</mrtTime>
    <status>active</status>
    <acAddress>a25bc4</acAddress>
    <xPos>999694</xPos>
    <yPos>296372</yPos>
    <lat>37.38539</lat>
    <lon>-77.98728</lon>
    <vVert>-1223</vVert>
    <vx>194</vx>
    <vy>359</vy>
    <vVertRaw>-835</vVertRaw>
    <vxRaw>881</vxRaw>
    <vyRaw>1632</vyRaw>
    <frozen>0</frozen>
    <new>0</new>
    <pseudo>0</pseudo>
    <adsb>1</adsb>
    <reportedBeaconCode>3323</reportedBeaconCode>
    <reportedAltitude>20400</reportedAltitude>
  </track>
  <flightPlan>
    <sfpn>315</sfpn>
    <ocr>no change</ocr>
    <rnav>0</rnav>
    <scratchPad1>JYO</scratchPad1>
    <cps>C</cps>
    <runway>JYO</runway>
    <assignedBeaconCode>3323</assignedBeaconCode>
    <requestedAltitude>0</requestedAltitude>
    <assignedAltitude>21000</assignedAltitude>
    <category>H</category>
    <dbi></dbi>
    <acid>POD3</acid>
    <acType>CL30</acType>
    <entryFix>TFF</entryFix>
    <exitFix>JYO</exitFix>
    <airport>JYO</airport>
    <flightRules>IFR</flightRules>
    <rawFlightRules></rawFlightRules>
    <type>A</type>
    <ptdTime>1505</ptdTime>
    <status>active</status>
    <delete>0</delete>
    <suspended>0</suspended>
    <lld>SW</lld>
    <ECID>809</ECID>
    <eqptSuffix>unavailable</eqptSuffix>
  </flightPlan>
  <enhancedData>
    <eramGufi>KR377584FS</eramGufi>
    <sfdpsGufi>us.fdps.2026-06-24T10:29:18Z.000/17/4FS</sfdpsGufi>
    <departureAirport>KSUA</departureAirport>
    <destinationAirport>KJYO</destinationAirport>
  </enhancedData>
</record>

=== 15:00:47.323 PCT LXJ447 ===
<record>
  <recSeqNum>62490</recSeqNum>
  <recSrc>A</recSrc>
  <recType>210</recType>
  <recSTARSTimestamp>54046930</recSTARSTimestamp>
  <recSTARSSrcID>0</recSTARSSrcID>
  <recSTARSTimeSync>true</recSTARSTimeSync>
  <recSAFAReceiptTime>2026-06-24T15:00:46.946Z</recSAFAReceiptTime>
  <recSAFATimeSync>true</recSAFATimeSync>
  <track>
    <trackNum>267</trackNum>
    <mrtTime>2026-06-24T15:00:45.931Z</mrtTime>
    <status>active</status>
    <acAddress>a56531</acAddress>
    <xPos>1016267</xPos>
    <yPos>324853</yPos>
    <lat>39.2425</lat>
    <lon>-76.61833</lon>
    <vVert>2528</vVert>
    <vx>358</vx>
    <vy>-104</vy>
    <vVertRaw>1726</vVertRaw>
    <vxRaw>1631</vxRaw>
    <vyRaw>-475</vyRaw>
    <frozen>0</frozen>
    <new>0</new>
    <pseudo>0</pseudo>
    <adsb>1</adsb>
    <reportedBeaconCode>3711</reportedBeaconCode>
    <reportedAltitude>20200</reportedAltitude>
  </track>
  <flightPlan>
    <sfpn>1626</sfpn>
    <ocr>normal handoff</ocr>
    <rnav>0</rnav>
    <cps>C</cps>
    <runway>NNNN</runway>
    <assignedBeaconCode>3711</assignedBeaconCode>
    <requestedAltitude>23000</requestedAltitude>
    <assignedAltitude>0</assignedAltitude>
    <category>H</category>
    <dbi></dbi>
    <acid>LXJ447</acid>
    <acType>E545</acType>
    <entryFix>IAD</entryFix>
    <exitFix>BRO</exitFix>
    <airport>IAD</airport>
    <flightRules>IFR</flightRules>
    <rawFlightRules></rawFlightRules>
    <type>P</type>
    <ptdTime>1430</ptdTime>
    <status>active</status>
    <delete>0</delete>
    <suspended>0</suspended>
    <lld>NW</lld>
    <ECID>752</ECID>
    <eqptSuffix>unavailable</eqptSuffix>
  </flightPlan>
  <enhancedData>
    <eramGufi>KW52210410</eramGufi>
    <sfdpsGufi>us.fdps.2026-06-24T14:30:00Z.116/22/410</sfdpsGufi>
    <departureAirport>KIAD</departureAirport>
    <destinationAirport>KHPN</destinationAirport>
  </enhancedData>
</record>

=== 15:00:47.323 PCT JIA5330 ===
<record>
  <recSeqNum>62513</recSeqNum>
  <recSrc>A</recSrc>
  <recType>210</recType>
  <recSTARSTimestamp>54047080</recSTARSTimestamp>
  <recSTARSSrcID>0</recSTARSSrcID>
  <recSTARSTimeSync>true</recSTARSTimeSync>
  <recSAFAReceiptTime>2026-06-24T15:00:47.087Z</recSAFAReceiptTime>
  <recSAFATimeSync>true</recSAFATimeSync>
  <track>
    <trackNum>1280</trackNum>
    <mrtTime>2026-06-24T15:00:46.619Z</mrtTime>
    <status>active</status>
    <acAddress>a682e3</acAddress>
    <xPos>1020078</xPos>
    <yPos>297584</yPos>
    <lat>37.46342</lat>
    <lon>-76.32125</lon>
    <vVert>-79</vVert>
    <vx>25</vx>
    <vy>-357</vy>
    <vVertRaw>-54</vVertRaw>
    <vxRaw>113</vxRaw>
    <vyRaw>-1623</vyRaw>
    <frozen>0</frozen>
    <new>0</new>
    <pseudo>0</pseudo>
    <adsb>1</adsb>
    <reportedBeaconCode>4650</reportedBeaconCode>
    <reportedAltitude>12000</reportedAltitude>
  </track>
  <flightPlan>
    <sfpn>1057</sfpn>
    <ocr>normal handoff</ocr>
    <rnav>0</rnav>
    <cps>C</cps>
    <runway>NNNN</runway>
    <assignedBeaconCode>4650</assignedBeaconCode>
    <requestedAltitude>14000</requestedAltitude>
    <assignedAltitude>0</assignedAltitude>
    <category>G</category>
    <dbi></dbi>
    <acid>JIA5330</acid>
    <acType>CRJ7</acType>
    <entryFix>DCA</entryFix>
    <exitFix>ORF</exitFix>
    <airport>DCA</airport>
    <flightRules>IFR</flightRules>
    <rawFlightRules></rawFlightRules>
    <type>P</type>
    <ptdTime>1415</ptdTime>
    <status>active</status>
    <delete>0</delete>
    <suspended>0</suspended>
    <lld>NW</lld>
    <ECID>57P</ECID>
    <eqptSuffix>unavailable</eqptSuffix>
  </flightPlan>
  <enhancedData>
    <eramGufi>KW477514Ec</eramGufi>
    <sfdpsGufi>us.fdps.2026-06-24T13:15:51Z.000/22/4Ec</sfdpsGufi>
    <departureAirport>KDCA</departureAirport>
    <destinationAirport>KORF</destinationAirport>
  </enhancedData>
</record>

=== 15:00:47.323 PCT DAL1592 ===
<record>
  <recSeqNum>62515</recSeqNum>
  <recSrc>A</recSrc>
  <recType>210</recType>
  <recSTARSTimestamp>54047080</recSTARSTimestamp>
  <recSTARSSrcID>0</recSTARSSrcID>
  <recSTARSTimeSync>true</recSTARSTimeSync>
  <recSAFAReceiptTime>2026-06-24T15:00:47.087Z</recSAFAReceiptTime>
  <recSAFATimeSync>true</recSAFATimeSync>
  <track>
    <trackNum>425</trackNum>
    <mrtTime>2026-06-24T15:00:45.267Z</mrtTime>
    <status>active</status>
    <acAddress>000000</acAddress>
    <xPos>998362</xPos>
    <yPos>310968</yPos>
    <lat>38.33589</lat>
    <lon>-78.10742</lon>
    <vVert>2115</vVert>
    <vx>-352</vx>
    <vy>-236</vy>
    <vVertRaw>1444</vVertRaw>
    <vxRaw>-1603</vxRaw>
    <vyRaw>-1075</vyRaw>
    <frozen>0</frozen>
    <new>0</new>
    <pseudo>0</pseudo>
    <adsb>0</adsb>
    <reportedBeaconCode>2125</reportedBeaconCode>
    <reportedAltitude>29100</reportedAltitude>
  </track>
  <flightPlan>
    <sfpn>1545</sfpn>
    <ocr>normal handoff</ocr>
    <rnav>0</rnav>
    <cps>C</cps>
    <runway>NNNN</runway>
    <assignedBeaconCode>2125</assignedBeaconCode>
    <requestedAltitude>34000</requestedAltitude>
    <assignedAltitude>0</assignedAltitude>
    <category>F</category>
    <dbi></dbi>
    <acid>DAL1592</acid>
    <acType>B739</acType>
    <entryFix>BWI</entryFix>
    <exitFix>TCL</exitFix>
    <airport>BWI</airport>
    <flightRules>IFR</flightRules>
    <rawFlightRules></rawFlightRules>
    <type>P</type>
    <ptdTime>1433</ptdTime>
    <status>active</status>
    <delete>0</delete>
    <suspended>0</suspended>
    <lld>W</lld>
    <ECID>220</ECID>
    <eqptSuffix>unavailable</eqptSuffix>
  </flightPlan>
  <enhancedData>
    <eramGufi>KW4944040n</eramGufi>
    <sfdpsGufi>us.fdps.2026-06-24T13:44:00Z.000/22/40n</sfdpsGufi>
    <departureAirport>KBWI</departureAirport>
    <destinationAirport>KATL</destinationAirport>
  </enhancedData>
</record>

=== 15:00:48.893 RDU N506C ===
<record>
  <recSeqNum>20654</recSeqNum>
  <recSrc>A</recSrc>
  <recType>210</recType>
  <recSTARSTimestamp>54048540</recSTARSTimestamp>
  <recSTARSSrcID>0</recSTARSSrcID>
  <recSTARSTimeSync>true</recSTARSTimeSync>
  <recSAFAReceiptTime>2026-06-24T15:00:48.574Z</recSAFAReceiptTime>
  <recSAFATimeSync>true</recSAFATimeSync>
  <track>
    <trackNum>3382</trackNum>
    <mrtTime>2026-06-24T15:00:48.090Z</mrtTime>
    <status>active</status>
    <acAddress>a6506c</acAddress>
    <xPos>979587</xPos>
    <yPos>308311</yPos>
    <lat>36.62456</lat>
    <lon>-78.17228</lon>
    <vVert>0</vVert>
    <vx>-93</vx>
    <vy>-131</vy>
    <vVertRaw>0</vVertRaw>
    <vxRaw>-422</vxRaw>
    <vyRaw>-597</vyRaw>
    <frozen>0</frozen>
    <new>0</new>
    <pseudo>0</pseudo>
    <adsb>1</adsb>
    <reportedBeaconCode>1736</reportedBeaconCode>
    <reportedAltitude>6500</reportedAltitude>
  </track>
  <flightPlan>
    <sfpn>559</sfpn>
    <ocr>normal handoff</ocr>
    <rnav>0</rnav>
    <cps>1N</cps>
    <runway>NNNN</runway>
    <assignedBeaconCode>1736</assignedBeaconCode>
    <requestedAltitude>0</requestedAltitude>
    <assignedAltitude>0</assignedAltitude>
    <category>I</category>
    <dbi></dbi>
    <acid>N506C</acid>
    <acType>PA32</acType>
    <entryFix>LVL</entryFix>
    <exitFix>BUF</exitFix>
    <flightRules>V</flightRules>
    <rawFlightRules>V</rawFlightRules>
    <type>E</type>
    <status>active</status>
    <delete>0</delete>
    <suspended>0</suspended>
    <lld>NE</lld>
    <ECID>229</ECID>
    <eqptSuffix>unavailable</eqptSuffix>
  </flightPlan>
  <enhancedData>
    <eramGufi>KN488544xy</eramGufi>
    <sfdpsGufi>us.fdps.2026-06-24T13:34:14Z.000/13/4xy</sfdpsGufi>
    <departureAirport>KMXE</departureAirport>
    <destinationAirport>KSAP</destinationAirport>
  </enhancedData>
</record>

=== 15:00:51.481 PCT DAL1592 ===
<record>
  <recSeqNum>63050</recSeqNum>
  <recSrc>A</recSrc>
  <recType>210</recType>
  <recSTARSTimestamp>54051120</recSTARSTimestamp>
  <recSTARSSrcID>0</recSTARSSrcID>
  <recSTARSTimeSync>true</recSTARSTimeSync>
  <recSAFAReceiptTime>2026-06-24T15:00:51.170Z</recSAFAReceiptTime>
  <recSAFATimeSync>true</recSAFATimeSync>
  <track>
    <trackNum>425</trackNum>
    <mrtTime>2026-06-24T15:00:50.027Z</mrtTime>
    <status>active</status>
    <acAddress>000000</acAddress>
    <xPos>998244</xPos>
    <yPos>310888</yPos>
    <lat>38.33061</lat>
    <lon>-78.11711</lon>
    <vVert>2079</vVert>
    <vx>-350</vx>
    <vy>-238</vy>
    <vVertRaw>1419</vVertRaw>
    <vxRaw>-1594</vxRaw>
    <vyRaw>-1082</vyRaw>
    <frozen>0</frozen>
    <new>0</new>
    <pseudo>0</pseudo>
    <adsb>0</adsb>
    <reportedBeaconCode>2125</reportedBeaconCode>
    <reportedAltitude>29200</reportedAltitude>
  </track>
  <flightPlan>
    <sfpn>1545</sfpn>
    <ocr>normal handoff</ocr>
    <rnav>0</rnav>
    <cps>C</cps>
    <runway>NNNN</runway>
    <assignedBeaconCode>2125</assignedBeaconCode>
    <requestedAltitude>34000</requestedAltitude>
    <assignedAltitude>0</assignedAltitude>
    <category>F</category>
    <dbi></dbi>
    <acid>DAL1592</acid>
    <acType>B739</acType>
    <entryFix>BWI</entryFix>
    <exitFix>TCL</exitFix>
    <airport>BWI</airport>
    <flightRules>IFR</flightRules>
    <rawFlightRules></rawFlightRules>
    <type>P</type>
    <ptdTime>1433</ptdTime>
    <status>active</status>
    <delete>0</delete>
    <suspended>0</suspended>
    <lld>W</lld>
    <ECID>220</ECID>
    <eqptSuffix>unavailable</eqptSuffix>
  </flightPlan>
  <enhancedData>
    <eramGufi>KW4944040n</eramGufi>
    <sfdpsGufi>us.fdps.2026-06-24T13:44:00Z.000/22/40n</sfdpsGufi>
    <departureAirport>KBWI</departureAirport>
    <destinationAirport>KATL</destinationAirport>
  </enhancedData>
</record>

=== 15:00:51.482 PCT JIA5330 ===
<record>
  <recSeqNum>63056</recSeqNum>
  <recSrc>A</recSrc>
  <recType>210</recType>
  <recSTARSTimestamp>54051120</recSTARSTimestamp>
  <recSTARSSrcID>0</recSTARSSrcID>
  <recSTARSTimeSync>true</recSTARSTimeSync>
  <recSAFAReceiptTime>2026-06-24T15:00:51.170Z</recSAFAReceiptTime>
  <recSAFATimeSync>true</recSAFATimeSync>
  <track>
    <trackNum>1280</trackNum>
    <mrtTime>2026-06-24T15:00:50.751Z</mrtTime>
    <status>active</status>
    <acAddress>a682e3</acAddress>
    <xPos>1020086</xPos>
    <yPos>297479</yPos>
    <lat>37.45656</lat>
    <lon>-76.32067</lon>
    <vVert>-59</vVert>
    <vx>25</vx>
    <vy>-356</vy>
    <vVertRaw>-40</vVertRaw>
    <vxRaw>114</vxRaw>
    <vyRaw>-1620</vyRaw>
    <frozen>0</frozen>
    <new>0</new>
    <pseudo>0</pseudo>
    <adsb>1</adsb>
    <reportedBeaconCode>4650</reportedBeaconCode>
    <reportedAltitude>12000</reportedAltitude>
  </track>
  <flightPlan>
    <sfpn>1057</sfpn>
    <ocr>normal handoff</ocr>
    <rnav>0</rnav>
    <cps>C</cps>
    <runway>NNNN</runway>
    <assignedBeaconCode>4650</assignedBeaconCode>
    <requestedAltitude>14000</requestedAltitude>
    <assignedAltitude>0</assignedAltitude>
    <category>G</category>
    <dbi></dbi>
    <acid>JIA5330</acid>
    <acType>CRJ7</acType>
    <entryFix>DCA</entryFix>
    <exitFix>ORF</exitFix>
    <airport>DCA</airport>
    <flightRules>IFR</flightRules>
    <rawFlightRules></rawFlightRules>
    <type>P</type>
    <ptdTime>1415</ptdTime>
    <status>active</status>
    <delete>0</delete>
    <suspended>0</suspended>
    <lld>NW</lld>
    <ECID>57P</ECID>
    <eqptSuffix>unavailable</eqptSuffix>
  </flightPlan>
  <enhancedData>
    <eramGufi>KW477514Ec</eramGufi>
    <sfdpsGufi>us.fdps.2026-06-24T13:15:51Z.000/22/4Ec</sfdpsGufi>
    <departureAirport>KDCA</departureAirport>
    <destinationAirport>KORF</destinationAirport>
  </enhancedData>
</record>

=== 15:00:51.482 PCT LXJ447 ===
<record>
  <recSeqNum>63072</recSeqNum>
  <recSrc>A</recSrc>
  <recType>210</recType>
  <recSTARSTimestamp>54051280</recSTARSTimestamp>
  <recSTARSSrcID>0</recSTARSSrcID>
  <recSTARSTimeSync>true</recSTARSTimeSync>
  <recSAFAReceiptTime>2026-06-24T15:00:51.300Z</recSAFAReceiptTime>
  <recSAFATimeSync>true</recSAFATimeSync>
  <track>
    <trackNum>267</trackNum>
    <mrtTime>2026-06-24T15:00:50.852Z</mrtTime>
    <status>active</status>
    <acAddress>a56531</acAddress>
    <xPos>1016392</xPos>
    <yPos>324817</yPos>
    <lat>39.24008</lat>
    <lon>-76.60786</lon>
    <vVert>2530</vVert>
    <vx>358</vx>
    <vy>-104</vy>
    <vVertRaw>1727</vVertRaw>
    <vxRaw>1628</vxRaw>
    <vyRaw>-473</vyRaw>
    <frozen>0</frozen>
    <new>0</new>
    <pseudo>0</pseudo>
    <adsb>1</adsb>
    <reportedBeaconCode>3711</reportedBeaconCode>
    <reportedAltitude>20400</reportedAltitude>
  </track>
  <flightPlan>
    <sfpn>1626</sfpn>
    <ocr>normal handoff</ocr>
    <rnav>0</rnav>
    <cps>C</cps>
    <runway>NNNN</runway>
    <assignedBeaconCode>3711</assignedBeaconCode>
    <requestedAltitude>23000</requestedAltitude>
    <assignedAltitude>0</assignedAltitude>
    <category>H</category>
    <dbi></dbi>
    <acid>LXJ447</acid>
    <acType>E545</acType>
    <entryFix>IAD</entryFix>
    <exitFix>BRO</exitFix>
    <airport>IAD</airport>
    <flightRules>IFR</flightRules>
    <rawFlightRules></rawFlightRules>
    <type>P</type>
    <ptdTime>1430</ptdTime>
    <status>active</status>
    <delete>0</delete>
    <suspended>0</suspended>
    <lld>NW</lld>
    <ECID>752</ECID>
    <eqptSuffix>unavailable</eqptSuffix>
  </flightPlan>
  <enhancedData>
    <eramGufi>KW52210410</eramGufi>
    <sfdpsGufi>us.fdps.2026-06-24T14:30:00Z.116/22/410</sfdpsGufi>
    <departureAirport>KIAD</departureAirport>
    <destinationAirport>KHPN</destinationAirport>
  </enhancedData>
</record>

=== 15:00:51.482 PCT SWA1011 ===
<record>
  <recSeqNum>63080</recSeqNum>
  <recSrc>A</recSrc>
  <recType>210</recType>
  <recSTARSTimestamp>54051300</recSTARSTimestamp>
  <recSTARSSrcID>0</recSTARSSrcID>
  <recSTARSTimeSync>true</recSTARSTimeSync>
  <recSAFAReceiptTime>2026-06-24T15:00:51.320Z</recSAFAReceiptTime>
  <recSAFATimeSync>true</recSAFATimeSync>
  <track>
    <trackNum>1765</trackNum>
    <mrtTime>2026-06-24T15:00:50.883Z</mrtTime>
    <status>active</status>
    <acAddress>a528d6</acAddress>
    <xPos>1014114</xPos>
    <yPos>323912</yPos>
    <lat>39.18197</lat>
    <lon>-76.79908</lon>
    <vVert>3125</vVert>
    <vx>-217</vx>
    <vy>25</vy>
    <vVertRaw>2133</vVertRaw>
    <vxRaw>-989</vxRaw>
    <vyRaw>113</vyRaw>
    <frozen>0</frozen>
    <new>0</new>
    <pseudo>0</pseudo>
    <adsb>1</adsb>
    <reportedBeaconCode>3706</reportedBeaconCode>
    <reportedAltitude>4000</reportedAltitude>
  </track>
  <flightPlan>
    <sfpn>1642</sfpn>
    <ocr>pending</ocr>
    <rnav>0</rnav>
    <cps>C</cps>
    <runway>NNNN</runway>
    <assignedBeaconCode>3706</assignedBeaconCode>
    <requestedAltitude>38000</requestedAltitude>
    <assignedAltitude>0</assignedAltitude>
    <category>F</category>
    <dbi></dbi>
    <acid>SWA1011</acid>
    <acType>B737</acType>
    <entryFix>BWI</entryFix>
    <exitFix>L78</exitFix>
    <airport>BWI</airport>
    <flightRules>IFR</flightRules>
    <rawFlightRules></rawFlightRules>
    <type>P</type>
    <ptdTime>1445</ptdTime>
    <status>active</status>
    <delete>0</delete>
    <suspended>0</suspended>
    <lld>SW</lld>
    <ECID>14V</ECID>
    <eqptSuffix>unavailable</eqptSuffix>
  </flightPlan>
  <enhancedData>
    <eramGufi>KW462664eL</eramGufi>
    <sfdpsGufi>us.fdps.2026-06-24T12:51:06Z.000/22/4eL</sfdpsGufi>
    <departureAirport>KBWI</departureAirport>
    <destinationAirport>KMKE</destinationAirport>
  </enhancedData>
</record>

=== 15:00:52.195 PCT OLV915 ===
<record>
  <recSeqNum>63165</recSeqNum>
  <recSrc>A</recSrc>
  <recType>210</recType>
  <recSTARSTimestamp>54052030</recSTARSTimestamp>
  <recSTARSSrcID>0</recSTARSSrcID>
  <recSTARSTimeSync>true</recSTARSTimeSync>
  <recSAFAReceiptTime>2026-06-24T15:00:52.074Z</recSAFAReceiptTime>
  <recSAFATimeSync>true</recSAFATimeSync>
  <track>
    <trackNum>490</trackNum>
    <mrtTime>2026-06-24T15:00:51.581Z</mrtTime>
    <status>active</status>
    <acAddress>acaad4</acAddress>
    <xPos>1004950</xPos>
    <yPos>312699</yPos>
    <lat>38.45153</lat>
    <lon>-77.56283</lon>
    <vVert>1771</vVert>
    <vx>-17</vx>
    <vy>-304</vy>
    <vVertRaw>1209</vVertRaw>
    <vxRaw>-78</vxRaw>
    <vyRaw>-1382</vyRaw>
    <frozen>0</frozen>
    <new>0</new>
    <pseudo>0</pseudo>
    <adsb>1</adsb>
    <reportedBeaconCode>4607</reportedBeaconCode>
    <reportedAltitude>13400</reportedAltitude>
  </track>
  <flightPlan>
    <sfpn>1446</sfpn>
    <ocr>pending</ocr>
    <rnav>0</rnav>
    <cps>C</cps>
    <runway>NNNN</runway>
    <assignedBeaconCode>4607</assignedBeaconCode>
    <requestedAltitude>24000</requestedAltitude>
    <assignedAltitude>0</assignedAltitude>
    <category>I</category>
    <dbi></dbi>
    <acid>OLV915</acid>
    <acType>C525</acType>
    <entryFix>IAD</entryFix>
    <exitFix>JDB</exitFix>
    <airport>IAD</airport>
    <flightRules>IFR</flightRules>
    <rawFlightRules></rawFlightRules>
    <type>P</type>
    <ptdTime>1430</ptdTime>
    <status>active</status>
    <delete>0</delete>
    <suspended>0</suspended>
    <lld>NE</lld>
    <ECID>701</ECID>
    <eqptSuffix>unavailable</eqptSuffix>
  </flightPlan>
  <enhancedData>
    <eramGufi>KW52254454</eramGufi>
    <sfdpsGufi>us.fdps.2026-06-24T14:30:00Z.727/22/454</sfdpsGufi>
    <departureAirport>KIAD</departureAirport>
    <destinationAirport>KRDU</destinationAirport>
  </enhancedData>
</record>

=== 15:00:52.195 PCT UAL1549 ===
<record>
  <recSeqNum>63166</recSeqNum>
  <recSrc>A</recSrc>
  <recType>210</recType>
  <recSTARSTimestamp>54052030</recSTARSTimestamp>
  <recSTARSSrcID>0</recSTARSSrcID>
  <recSTARSTimeSync>true</recSTARSTimeSync>
  <recSAFAReceiptTime>2026-06-24T15:00:52.074Z</recSAFAReceiptTime>
  <recSAFATimeSync>true</recSAFATimeSync>
  <track>
    <trackNum>218</trackNum>
    <mrtTime>2026-06-24T15:00:51.652Z</mrtTime>
    <status>active</status>
    <acAddress>a92478</acAddress>
    <xPos>1001727</xPos>
    <yPos>300499</yPos>
    <lat>37.65533</lat>
    <lon>-77.82339</lon>
    <vVert>-2184</vVert>
    <vx>165</vx>
    <vy>356</vy>
    <vVertRaw>-1491</vVertRaw>
    <vxRaw>749</vxRaw>
    <vyRaw>1621</vyRaw>
    <frozen>0</frozen>
    <new>0</new>
    <pseudo>0</pseudo>
    <adsb>1</adsb>
    <reportedBeaconCode>7465</reportedBeaconCode>
    <reportedAltitude>21400</reportedAltitude>
  </track>
  <flightPlan>
    <sfpn>167</sfpn>
    <ocr>no change</ocr>
    <rnav>0</rnav>
    <scratchPad2>CAV</scratchPad2>
    <cps>C</cps>
    <assignedBeaconCode>7465</assignedBeaconCode>
    <requestedAltitude>0</requestedAltitude>
    <assignedAltitude>24000</assignedAltitude>
    <category>F</category>
    <dbi></dbi>
    <acid>UAL1549</acid>
    <acType>B739</acType>
    <entryFix>CFB</entryFix>
    <exitFix>IAD</exitFix>
    <airport>IAD</airport>
    <flightRules>IFR</flightRules>
    <rawFlightRules></rawFlightRules>
    <type>A</type>
    <ptdTime>1507</ptdTime>
    <status>active</status>
    <delete>0</delete>
    <suspended>0</suspended>
    <lld>NE</lld>
    <ECID>761</ECID>
    <eqptSuffix>unavailable</eqptSuffix>
  </flightPlan>
  <enhancedData>
    <eramGufi>KH415184hR</eramGufi>
    <sfdpsGufi>us.fdps.2026-06-24T11:31:58Z.000/07/4hR</sfdpsGufi>
    <departureAirport>KIAH</departureAirport>
    <destinationAirport>KIAD</destinationAirport>
  </enhancedData>
</record>

=== 15:00:52.827 ORF JIA5330 ===
<record>
  <recSeqNum>65009</recSeqNum>
  <recSrc>A</recSrc>
  <recType>210</recType>
  <recSTARSTimestamp>54052580</recSTARSTimestamp>
  <recSTARSSrcID>0</recSTARSSrcID>
  <recSTARSTimeSync>true</recSTARSTimeSync>
  <recSAFAReceiptTime>2026-06-24T15:00:52.623Z</recSAFAReceiptTime>
  <recSAFATimeSync>true</recSAFATimeSync>
  <track>
    <trackNum>3339</trackNum>
    <mrtTime>2026-06-24T15:00:52.244Z</mrtTime>
    <status>active</status>
    <acAddress>a682e3</acAddress>
    <xPos>1022670</xPos>
    <yPos>295846</yPos>
    <lat>37.45411</lat>
    <lon>-76.32053</lon>
    <vVert>0</vVert>
    <vx>21</vx>
    <vy>-356</vy>
    <vVertRaw>0</vVertRaw>
    <vxRaw>96</vxRaw>
    <vyRaw>-1621</vyRaw>
    <frozen>0</frozen>
    <new>0</new>
    <pseudo>0</pseudo>
    <adsb>1</adsb>
    <reportedBeaconCode>4650</reportedBeaconCode>
    <reportedAltitude>12000</reportedAltitude>
  </track>
  <flightPlan>
    <sfpn>1011</sfpn>
    <ocr>normal handoff</ocr>
    <rnav>0</rnav>
    <cps>1G</cps>
    <assignedBeaconCode>4650</assignedBeaconCode>
    <requestedAltitude>0</requestedAltitude>
    <assignedAltitude>13000</assignedAltitude>
    <category>G</category>
    <dbi></dbi>
    <acid>JIA5330</acid>
    <acType>CRJ7</acType>
    <entryFix>OT1</entryFix>
    <exitFix>ORF</exitFix>
    <airport>ORF</airport>
    <flightRules>IFR</flightRules>
    <rawFlightRules></rawFlightRules>
    <type>A</type>
    <ptdTime>1458</ptdTime>
    <status>active</status>
    <delete>0</delete>
    <suspended>0</suspended>
    <lld>NE</lld>
    <ECID>57P</ECID>
    <eqptSuffix>unavailable</eqptSuffix>
  </flightPlan>
  <enhancedData>
    <eramGufi>KW477514Ec</eramGufi>
    <sfdpsGufi>us.fdps.2026-06-24T13:15:51Z.000/22/4Ec</sfdpsGufi>
    <departureAirport>KDCA</departureAirport>
    <destinationAirport>KORF</destinationAirport>
  </enhancedData>
</record>

=== 15:00:52.903 PCT SWA1297 ===
<record>
  <recSeqNum>63205</recSeqNum>
  <recSrc>A</recSrc>
  <recType>210</recType>
  <recSTARSTimestamp>54052430</recSTARSTimestamp>
  <recSTARSSrcID>0</recSTARSSrcID>
  <recSTARSTimeSync>true</recSTARSTimeSync>
  <recSAFAReceiptTime>2026-06-24T15:00:52.477Z</recSAFAReceiptTime>
  <recSAFATimeSync>true</recSAFATimeSync>
  <track>
    <trackNum>3368</trackNum>
    <mrtTime>2026-06-24T15:00:51.136Z</mrtTime>
    <status>active</status>
    <acAddress>aa7b54</acAddress>
    <xPos>1008217</xPos>
    <yPos>322735</yPos>
    <lat>39.106</lat>
    <lon>-77.29272</lon>
    <vVert>2603</vVert>
    <vx>-277</vx>
    <vy>-270</vy>
    <vVertRaw>1777</vVertRaw>
    <vxRaw>-1260</vxRaw>
    <vyRaw>-1228</vyRaw>
    <frozen>0</frozen>
    <new>0</new>
    <pseudo>0</pseudo>
    <adsb>1</adsb>
    <reportedBeaconCode>6210</reportedBeaconCode>
    <reportedAltitude>17300</reportedAltitude>
  </track>
  <flightPlan>
    <sfpn>678</sfpn>
    <ocr>normal handoff</ocr>
    <rnav>0</rnav>
    <cps>C</cps>
    <runway>NNNN</runway>
    <assignedBeaconCode>6210</assignedBeaconCode>
    <requestedAltitude>36000</requestedAltitude>
    <assignedAltitude>0</assignedAltitude>
    <category>F</category>
    <dbi></dbi>
    <acid>SWA1297</acid>
    <acType>B737</acType>
    <entryFix>BWI</entryFix>
    <exitFix>FXO</exitFix>
    <airport>BWI</airport>
    <flightRules>IFR</flightRules>
    <rawFlightRules></rawFlightRules>
    <type>P</type>
    <ptdTime>1440</ptdTime>
    <status>active</status>
    <delete>0</delete>
    <suspended>0</suspended>
    <lld>NE</lld>
    <ECID>68V</ECID>
    <eqptSuffix>unavailable</eqptSuffix>
  </flightPlan>
  <enhancedData>
    <eramGufi>KW462034o8</eramGufi>
    <sfdpsGufi>us.fdps.2026-06-24T12:50:03Z.000/22/4o8</sfdpsGufi>
    <departureAirport>KBWI</departureAirport>
    <destinationAirport>KSDF</destinationAirport>
  </enhancedData>
</record>

=== 15:00:52.909 PCT PDT5894 ===
<record>
  <recSeqNum>63237</recSeqNum>
  <recSrc>A</recSrc>
  <recType>210</recType>
  <recSTARSTimestamp>54052630</recSTARSTimestamp>
  <recSTARSSrcID>0</recSTARSSrcID>
  <recSTARSTimeSync>true</recSTARSTimeSync>
  <recSAFAReceiptTime>2026-06-24T15:00:52.677Z</recSAFAReceiptTime>
  <recSAFATimeSync>true</recSAFATimeSync>
  <track>
    <trackNum>3178</trackNum>
    <mrtTime>2026-06-24T15:00:52.167Z</mrtTime>
    <status>active</status>
    <acAddress>ac857b</acAddress>
    <xPos>1009198</xPos>
    <yPos>300014</yPos>
    <lat>37.62525</lat>
    <lon>-77.21089</lon>
    <vVert>1342</vVert>
    <vx>189</vx>
    <vy>175</vy>
    <vVertRaw>916</vVertRaw>
    <vxRaw>859</vxRaw>
    <vyRaw>796</vyRaw>
    <frozen>0</frozen>
    <new>0</new>
    <pseudo>0</pseudo>
    <adsb>1</adsb>
    <reportedBeaconCode>2410</reportedBeaconCode>
    <reportedAltitude>5800</reportedAltitude>
  </track>
  <flightPlan>
    <sfpn>216</sfpn>
    <ocr>pending</ocr>
    <rnav>0</rnav>
    <scratchPad1>LCY</scratchPad1>
    <cps>C</cps>
    <runway>NNNN</runway>
    <assignedBeaconCode>2410</assignedBeaconCode>
    <requestedAltitude>15000</requestedAltitude>
    <assignedAltitude>0</assignedAltitude>
    <category>G</category>
    <dbi></dbi>
    <acid>PDT5894</acid>
    <acType>E145</acType>
    <entryFix>RIC</entryFix>
    <exitFix>KUC</exitFix>
    <airport>RIC</airport>
    <flightRules>IFR</flightRules>
    <rawFlightRules></rawFlightRules>
    <type>P</type>
    <ptdTime>1453</ptdTime>
    <status>active</status>
    <delete>0</delete>
    <suspended>0</suspended>
    <lld>NE</lld>
    <ECID>308</ECID>
    <eqptSuffix>unavailable</eqptSuffix>
  </flightPlan>
  <enhancedData>
    <eramGufi>KW502344Gi</eramGufi>
    <sfdpsGufi>us.fdps.2026-06-24T13:57:14Z.000/22/4Gi</sfdpsGufi>
    <departureAirport>KRIC</departureAirport>
    <destinationAirport>KPHL</destinationAirport>
  </enhancedData>
</record>

=== 15:00:52.909 PCT SWA1426 ===
<record>
  <recSeqNum>63243</recSeqNum>
  <recSrc>A</recSrc>
  <recType>210</recType>
  <recSTARSTimestamp>54052630</recSTARSTimestamp>
  <recSTARSSrcID>0</recSTARSSrcID>
  <recSTARSTimeSync>true</recSTARSTimeSync>
  <recSAFAReceiptTime>2026-06-24T15:00:52.677Z</recSAFAReceiptTime>
  <recSAFATimeSync>true</recSAFATimeSync>
  <track>
    <trackNum>1470</trackNum>
    <mrtTime>2026-06-24T15:00:52.267Z</mrtTime>
    <status>active</status>
    <acAddress>aab09a</acAddress>
    <xPos>1006341</xPos>
    <yPos>320054</yPos>
    <lat>38.93111</lat>
    <lon>-77.44906</lon>
    <vVert>3001</vVert>
    <vx>-333</vx>
    <vy>-136</vy>
    <vVertRaw>2049</vVertRaw>
    <vxRaw>-1517</vxRaw>
    <vyRaw>-620</vyRaw>
    <frozen>0</frozen>
    <new>0</new>
    <pseudo>0</pseudo>
    <adsb>1</adsb>
    <reportedBeaconCode>6220</reportedBeaconCode>
    <reportedAltitude>15200</reportedAltitude>
  </track>
  <flightPlan>
    <sfpn>1757</sfpn>
    <ocr>normal handoff</ocr>
    <rnav>0</rnav>
    <cps>C</cps>
    <runway>NNNN</runway>
    <assignedBeaconCode>6220</assignedBeaconCode>
    <requestedAltitude>36000</requestedAltitude>
    <assignedAltitude>0</assignedAltitude>
    <category>F</category>
    <dbi></dbi>
    <acid>SWA1426</acid>
    <acType>B737</acType>
    <entryFix>DCA</entryFix>
    <exitFix>OTO</exitFix>
    <airport>DCA</airport>
    <flightRules>IFR</flightRules>
    <rawFlightRules></rawFlightRules>
    <type>P</type>
    <ptdTime>1435</ptdTime>
    <status>active</status>
    <delete>0</delete>
    <suspended>0</suspended>
    <lld>NW</lld>
    <ECID>81N</ECID>
    <eqptSuffix>unavailable</eqptSuffix>
  </flightPlan>
  <enhancedData>
    <eramGufi>KW452544g8</eramGufi>
    <sfdpsGufi>us.fdps.2026-06-24T12:34:14Z.000/22/4g8</sfdpsGufi>
    <departureAirport>KDCA</departureAirport>
    <destinationAirport>KBNA</destinationAirport>
  </enhancedData>
</record>

=== 15:00:53.263 PCT TCN764 ===
<record>
  <recSeqNum>63253</recSeqNum>
  <recSrc>A</recSrc>
  <recType>210</recType>
  <recSTARSTimestamp>54052780</recSTARSTimestamp>
  <recSTARSSrcID>0</recSTARSSrcID>
  <recSTARSTimeSync>true</recSTARSTimeSync>
  <recSAFAReceiptTime>2026-06-24T15:00:52.829Z</recSAFAReceiptTime>
  <recSAFATimeSync>true</recSAFATimeSync>
  <track>
    <trackNum>2645</trackNum>
    <mrtTime>2026-06-24T15:00:50.545Z</mrtTime>
    <status>active</status>
    <acAddress>000000</acAddress>
    <xPos>995659</xPos>
    <yPos>300751</yPos>
    <lat>37.66817</lat>
    <lon>-78.32106</lon>
    <vVert>1085</vVert>
    <vx>-261</vx>
    <vy>-291</vy>
    <vVertRaw>741</vVertRaw>
    <vxRaw>-1188</vxRaw>
    <vyRaw>-1326</vyRaw>
    <frozen>0</frozen>
    <new>0</new>
    <pseudo>0</pseudo>
    <adsb>0</adsb>
    <reportedBeaconCode>0532</reportedBeaconCode>
    <reportedAltitude>29800</reportedAltitude>
  </track>
  <flightPlan>
    <sfpn>779</sfpn>
    <ocr>normal handoff</ocr>
    <rnav>0</rnav>
    <cps>C</cps>
    <runway>NNNN</runway>
    <assignedBeaconCode>0532</assignedBeaconCode>
    <requestedAltitude>41000</requestedAltitude>
    <assignedAltitude>3000</assignedAltitude>
    <category>H</category>
    <dbi></dbi>
    <acid>TCN764</acid>
    <acType>C750</acType>
    <entryFix>HEF</entryFix>
    <exitFix>JDB</exitFix>
    <airport>HEF</airport>
    <flightRules>IFR</flightRules>
    <rawFlightRules></rawFlightRules>
    <type>P</type>
    <ptdTime>1330</ptdTime>
    <status>active</status>
    <delete>0</delete>
    <suspended>0</suspended>
    <lld>W</lld>
    <ECID>906</ECID>
    <eqptSuffix>unavailable</eqptSuffix>
  </flightPlan>
  <enhancedData>
    <eramGufi>KW48678478</eramGufi>
    <sfdpsGufi>us.fdps.2026-06-24T13:30:00Z.159/22/478</sfdpsGufi>
    <departureAirport>KHEF</departureAirport>
    <destinationAirport>MBPV</destinationAirport>
  </enhancedData>
</record>

=== 15:00:53.263 PCT ENY3462 ===
<record>
  <recSeqNum>63255</recSeqNum>
  <recSrc>A</recSrc>
  <recType>210</recType>
  <recSTARSTimestamp>54052780</recSTARSTimestamp>
  <recSTARSSrcID>0</recSTARSSrcID>
  <recSTARSTimeSync>true</recSTARSTimeSync>
  <recSAFAReceiptTime>2026-06-24T15:00:52.829Z</recSAFAReceiptTime>
  <recSAFATimeSync>true</recSAFATimeSync>
  <track>
    <trackNum>147</trackNum>
    <mrtTime>2026-06-24T15:00:52.247Z</mrtTime>
    <status>active</status>
    <acAddress>a234ef</acAddress>
    <xPos>1010460</xPos>
    <yPos>319819</yPos>
    <lat>38.91597</lat>
    <lon>-77.10544</lon>
    <vVert>1714</vVert>
    <vx>-158</vx>
    <vy>146</vy>
    <vVertRaw>1170</vVertRaw>
    <vxRaw>-719</vxRaw>
    <vyRaw>663</vyRaw>
    <frozen>0</frozen>
    <new>0</new>
    <pseudo>0</pseudo>
    <adsb>1</adsb>
    <reportedBeaconCode>6504</reportedBeaconCode>
    <reportedAltitude>2700</reportedAltitude>
  </track>
  <flightPlan>
    <sfpn>1591</sfpn>
    <ocr>pending</ocr>
    <rnav>0</rnav>
    <cps>C</cps>
    <runway>NNNN</runway>
    <assignedBeaconCode>6504</assignedBeaconCode>
    <requestedAltitude>34000</requestedAltitude>
    <assignedAltitude>0</assignedAltitude>
    <category>G</category>
    <dbi></dbi>
    <acid>ENY3462</acid>
    <acType>E170</acType>
    <entryFix>DCA</entryFix>
    <exitFix>RAM</exitFix>
    <airport>DCA</airport>
    <flightRules>IFR</flightRules>
    <rawFlightRules></rawFlightRules>
    <type>P</type>
    <ptdTime>1450</ptdTime>
    <status>active</status>
    <delete>0</delete>
    <suspended>0</suspended>
    <lld>NW</lld>
    <ECID>959</ECID>
    <eqptSuffix>unavailable</eqptSuffix>
  </flightPlan>
  <enhancedData>
    <eramGufi>KW489174kj</eramGufi>
    <sfdpsGufi>us.fdps.2026-06-24T13:35:17Z.000/22/4kj</sfdpsGufi>
    <departureAirport>KDCA</departureAirport>
    <destinationAirport>KCID</destinationAirport>
  </enhancedData>
</record>

=== 15:00:53.983 PCT EJA110 ===
<record>
  <recSeqNum>63379</recSeqNum>
  <recSrc>A</recSrc>
  <recType>210</recType>
  <recSTARSTimestamp>54053680</recSTARSTimestamp>
  <recSTARSSrcID>0</recSTARSSrcID>
  <recSTARSTimeSync>true</recSTARSTimeSync>
  <recSAFAReceiptTime>2026-06-24T15:00:53.703Z</recSAFAReceiptTime>
  <recSAFATimeSync>true</recSAFATimeSync>
  <track>
    <trackNum>1914</trackNum>
    <mrtTime>2026-06-24T15:00:49.834Z</mrtTime>
    <status>active</status>
    <acAddress>000000</acAddress>
    <xPos>983655</xPos>
    <yPos>300295</yPos>
    <lat>37.62511</lat>
    <lon>-79.30417</lon>
    <vVert>-145</vVert>
    <vx>-354</vx>
    <vy>-256</vy>
    <vVertRaw>-99</vVertRaw>
    <vxRaw>-1609</vxRaw>
    <vyRaw>-1164</vyRaw>
    <frozen>0</frozen>
    <new>0</new>
    <pseudo>0</pseudo>
    <adsb>0</adsb>
    <reportedBeaconCode>7075</reportedBeaconCode>
    <reportedAltitude>43000</reportedAltitude>
  </track>
  <flightPlan>
    <sfpn>261</sfpn>
    <ocr>normal handoff</ocr>
    <rnav>0</rnav>
    <cps>C</cps>
    <runway>NNNN</runway>
    <assignedBeaconCode>7075</assignedBeaconCode>
    <requestedAltitude>43000</requestedAltitude>
    <assignedAltitude>0</assignedAltitude>
    <category>F</category>
    <dbi></dbi>
    <acid>EJA110</acid>
    <acType>GL5T</acType>
    <entryFix>IAD</entryFix>
    <exitFix>CLH</exitFix>
    <airport>IAD</airport>
    <flightRules>IFR</flightRules>
    <rawFlightRules></rawFlightRules>
    <type>P</type>
    <ptdTime>1354</ptdTime>
    <status>active</status>
    <delete>0</delete>
    <suspended>0</suspended>
    <lld>NE</lld>
    <ECID>478</ECID>
    <eqptSuffix>unavailable</eqptSuffix>
  </flightPlan>
  <enhancedData>
    <eramGufi>KW385444Rz</eramGufi>
    <sfdpsGufi>us.fdps.2026-06-24T10:42:24Z.000/22/4Rz</sfdpsGufi>
    <departureAirport>KIAD</departureAirport>
    <destinationAirport>KPDK</destinationAirport>
  </enhancedData>
</record>

=== 15:00:54.282 PCT N300KC ===
<record>
  <recSeqNum>63446</recSeqNum>
  <recSrc>A</recSrc>
  <recType>210</recType>
  <recSTARSTimestamp>54054130</recSTARSTimestamp>
  <recSTARSSrcID>0</recSTARSSrcID>
  <recSTARSTimeSync>true</recSTARSTimeSync>
  <recSAFAReceiptTime>2026-06-24T15:00:54.175Z</recSAFAReceiptTime>
  <recSAFATimeSync>true</recSAFATimeSync>
  <track>
    <trackNum>3391</trackNum>
    <mrtTime>2026-06-24T15:00:53.038Z</mrtTime>
    <status>active</status>
    <acAddress>000000</acAddress>
    <xPos>991937</xPos>
    <yPos>318924</yPos>
    <lat>38.84906</lat>
    <lon>-78.64911</lon>
    <vVert>1616</vVert>
    <vx>-369</vx>
    <vy>0</vy>
    <vVertRaw>1103</vVertRaw>
    <vxRaw>-1679</vxRaw>
    <vyRaw>2</vyRaw>
    <frozen>0</frozen>
    <new>0</new>
    <pseudo>0</pseudo>
    <adsb>0</adsb>
    <reportedBeaconCode>5603</reportedBeaconCode>
    <reportedAltitude>27300</reportedAltitude>
  </track>
  <flightPlan>
    <sfpn>808</sfpn>
    <ocr>normal handoff</ocr>
    <rnav>0</rnav>
    <cps>C</cps>
    <runway>NNNN</runway>
    <assignedBeaconCode>5603</assignedBeaconCode>
    <requestedAltitude>34000</requestedAltitude>
    <assignedAltitude>0</assignedAltitude>
    <category>H</category>
    <dbi></dbi>
    <acid>N300KC</acid>
    <acType>CL30</acType>
    <entryFix>IAD</entryFix>
    <exitFix>OTO</exitFix>
    <airport>IAD</airport>
    <flightRules>IFR</flightRules>
    <rawFlightRules></rawFlightRules>
    <type>P</type>
    <ptdTime>1405</ptdTime>
    <status>active</status>
    <delete>0</delete>
    <suspended>0</suspended>
    <lld>NW</lld>
    <ECID>754</ECID>
    <eqptSuffix>unavailable</eqptSuffix>
  </flightPlan>
  <enhancedData>
    <eramGufi>KW50746446</eramGufi>
    <sfdpsGufi>us.fdps.2026-06-24T14:05:00Z.556/22/446</sfdpsGufi>
    <departureAirport>KIAD</departureAirport>
    <destinationAirport>KLUK</destinationAirport>
  </enhancedData>
</record>

=== 15:00:54.282 PCT SWA733 ===
<record>
  <recSeqNum>63449</recSeqNum>
  <recSrc>A</recSrc>
  <recType>210</recType>
  <recSTARSTimestamp>54054130</recSTARSTimestamp>
  <recSTARSSrcID>0</recSTARSSrcID>
  <recSTARSTimeSync>true</recSTARSTimeSync>
  <recSAFAReceiptTime>2026-06-24T15:00:54.175Z</recSAFAReceiptTime>
  <recSAFATimeSync>true</recSAFATimeSync>
  <track>
    <trackNum>1790</trackNum>
    <mrtTime>2026-06-24T15:00:53.227Z</mrtTime>
    <status>active</status>
    <acAddress>a2bb10</acAddress>
    <xPos>1011103</xPos>
    <yPos>324503</yPos>
    <lat>39.22111</lat>
    <lon>-77.05108</lon>
    <vVert>1017</vVert>
    <vx>-300</vx>
    <vy>5</vy>
    <vVertRaw>694</vVertRaw>
    <vxRaw>-1365</vxRaw>
    <vyRaw>23</vyRaw>
    <frozen>0</frozen>
    <new>0</new>
    <pseudo>0</pseudo>
    <adsb>1</adsb>
    <reportedBeaconCode>2420</reportedBeaconCode>
    <reportedAltitude>12000</reportedAltitude>
  </track>
  <flightPlan>
    <sfpn>249</sfpn>
    <ocr>pending</ocr>
    <rnav>0</rnav>
    <cps>C</cps>
    <runway>NNNN</runway>
    <assignedBeaconCode>2420</assignedBeaconCode>
    <requestedAltitude>36000</requestedAltitude>
    <assignedAltitude>0</assignedAltitude>
    <category>F</category>
    <dbi></dbi>
    <acid>SWA733</acid>
    <acType>B737</acType>
    <entryFix>BWI</entryFix>
    <exitFix>FXO</exitFix>
    <airport>BWI</airport>
    <flightRules>IFR</flightRules>
    <rawFlightRules></rawFlightRules>
    <type>P</type>
    <ptdTime>1425</ptdTime>
    <status>active</status>
    <delete>0</delete>
    <suspended>0</suspended>
    <lld>NE</lld>
    <ECID>39Y</ECID>
    <eqptSuffix>unavailable</eqptSuffix>
  </flightPlan>
  <enhancedData>
    <eramGufi>KW461134Iw</eramGufi>
    <sfdpsGufi>us.fdps.2026-06-24T12:48:33Z.000/22/4Iw</sfdpsGufi>
    <departureAirport>KBWI</departureAirport>
    <destinationAirport>KSTL</destinationAirport>
  </enhancedData>
</record>

=== 15:00:54.638 PCT ENY3446 ===
<record>
  <recSeqNum>63456</recSeqNum>
  <recSrc>A</recSrc>
  <recType>210</recType>
  <recSTARSTimestamp>54054280</recSTARSTimestamp>
  <recSTARSSrcID>0</recSTARSSrcID>
  <recSTARSTimeSync>true</recSTARSTimeSync>
  <recSAFAReceiptTime>2026-06-24T15:00:54.296Z</recSAFAReceiptTime>
  <recSAFATimeSync>true</recSAFATimeSync>
  <track>
    <trackNum>1522</trackNum>
    <mrtTime>2026-06-24T15:00:53.159Z</mrtTime>
    <status>active</status>
    <acAddress>000000</acAddress>
    <xPos>991596</xPos>
    <yPos>321090</yPos>
    <lat>38.98983</lat>
    <lon>-78.68039</lon>
    <vVert>1034</vVert>
    <vx>-358</vx>
    <vy>33</vy>
    <vVertRaw>706</vVertRaw>
    <vxRaw>-1628</vxRaw>
    <vyRaw>152</vyRaw>
    <frozen>0</frozen>
    <new>0</new>
    <pseudo>0</pseudo>
    <adsb>0</adsb>
    <reportedBeaconCode>5652</reportedBeaconCode>
    <reportedAltitude>33600</reportedAltitude>
  </track>
  <flightPlan>
    <sfpn>1026</sfpn>
    <ocr>normal handoff</ocr>
    <rnav>0</rnav>
    <cps>C</cps>
    <runway>NNNN</runway>
    <assignedBeaconCode>5652</assignedBeaconCode>
    <requestedAltitude>34000</requestedAltitude>
    <assignedAltitude>0</assignedAltitude>
    <category>G</category>
    <dbi></dbi>
    <acid>ENY3446</acid>
    <acType>E170</acType>
    <entryFix>BWI</entryFix>
    <exitFix>FXR</exitFix>
    <airport>BWI</airport>
    <flightRules>IFR</flightRules>
    <rawFlightRules></rawFlightRules>
    <type>P</type>
    <ptdTime>1434</ptdTime>
    <status>active</status>
    <delete>0</delete>
    <suspended>0</suspended>
    <lld>NE</lld>
    <ECID>307</ECID>
    <eqptSuffix>unavailable</eqptSuffix>
  </flightPlan>
  <enhancedData>
    <eramGufi>KW479484Kf</eramGufi>
    <sfdpsGufi>us.fdps.2026-06-24T13:19:08Z.000/22/4Kf</sfdpsGufi>
    <departureAirport>KBWI</departureAirport>
    <destinationAirport>KORD</destinationAirport>
  </enhancedData>
</record>

=== 15:00:54.638 PCT SWA149 ===
<record>
  <recSeqNum>63478</recSeqNum>
  <recSrc>A</recSrc>
  <recType>210</recType>
  <recSTARSTimestamp>54054290</recSTARSTimestamp>
  <recSTARSSrcID>0</recSTARSSrcID>
  <recSTARSTimeSync>true</recSTARSTimeSync>
  <recSAFAReceiptTime>2026-06-24T15:00:54.326Z</recSAFAReceiptTime>
  <recSAFATimeSync>true</recSAFATimeSync>
  <track>
    <trackNum>1597</trackNum>
    <mrtTime>2026-06-24T15:00:53.864Z</mrtTime>
    <status>active</status>
    <acAddress>ad1a4e</acAddress>
    <xPos>1005245</xPos>
    <yPos>315551</yPos>
    <lat>38.63747</lat>
    <lon>-77.53919</lon>
    <vVert>2257</vVert>
    <vx>-215</vx>
    <vy>-363</vy>
    <vVertRaw>1541</vVertRaw>
    <vxRaw>-978</vxRaw>
    <vyRaw>-1653</vyRaw>
    <frozen>0</frozen>
    <new>0</new>
    <pseudo>0</pseudo>
    <adsb>1</adsb>
    <reportedBeaconCode>2122</reportedBeaconCode>
    <reportedAltitude>18800</reportedAltitude>
  </track>
  <flightPlan>
    <sfpn>677</sfpn>
    <ocr>pending</ocr>
    <rnav>0</rnav>
    <cps>C</cps>
    <runway>NNNN</runway>
    <assignedBeaconCode>2122</assignedBeaconCode>
    <requestedAltitude>38000</requestedAltitude>
    <assignedAltitude>0</assignedAltitude>
    <category>F</category>
    <dbi></dbi>
    <acid>SWA149</acid>
    <acType>B737</acType>
    <entryFix>DCA</entryFix>
    <exitFix>SCR</exitFix>
    <airport>DCA</airport>
    <flightRules>IFR</flightRules>
    <rawFlightRules></rawFlightRules>
    <type>P</type>
    <ptdTime>1440</ptdTime>
    <status>active</status>
    <delete>0</delete>
    <suspended>0</suspended>
    <lld>NE</lld>
    <ECID>305</ECID>
    <eqptSuffix>unavailable</eqptSuffix>
  </flightPlan>
  <enhancedData>
    <eramGufi>KW437804dt</eramGufi>
    <sfdpsGufi>us.fdps.2026-06-24T12:09:40Z.000/22/4dt</sfdpsGufi>
    <departureAirport>KDCA</departureAirport>
    <destinationAirport>KDAL</destinationAirport>
  </enhancedData>
</record>

=== 15:00:54.639 PCT SWA1011 ===
<record>
  <recSeqNum>63482</recSeqNum>
  <recSrc>A</recSrc>
  <recType>210</recType>
  <recSTARSTimestamp>54054290</recSTARSTimestamp>
  <recSTARSSrcID>0</recSTARSSrcID>
  <recSTARSTimeSync>true</recSTARSTimeSync>
  <recSAFAReceiptTime>2026-06-24T15:00:54.326Z</recSAFAReceiptTime>
  <recSAFATimeSync>true</recSAFATimeSync>
  <track>
    <trackNum>1765</trackNum>
    <mrtTime>2026-06-24T15:00:53.853Z</mrtTime>
    <status>active</status>
    <acAddress>a528d6</acAddress>
    <xPos>1014069</xPos>
    <yPos>323917</yPos>
    <lat>39.18231</lat>
    <lon>-76.80286</lon>
    <vVert>2963</vVert>
    <vx>-217</vx>
    <vy>25</vy>
    <vVertRaw>2023</vVertRaw>
    <vxRaw>-987</vxRaw>
    <vyRaw>113</vyRaw>
    <frozen>0</frozen>
    <new>0</new>
    <pseudo>0</pseudo>
    <adsb>1</adsb>
    <reportedBeaconCode>3706</reportedBeaconCode>
    <reportedAltitude>4100</reportedAltitude>
  </track>
  <flightPlan>
    <sfpn>1642</sfpn>
    <ocr>pending</ocr>
    <rnav>0</rnav>
    <cps>C</cps>
    <runway>NNNN</runway>
    <assignedBeaconCode>3706</assignedBeaconCode>
    <requestedAltitude>38000</requestedAltitude>
    <assignedAltitude>0</assignedAltitude>
    <category>F</category>
    <dbi></dbi>
    <acid>SWA1011</acid>
    <acType>B737</acType>
    <entryFix>BWI</entryFix>
    <exitFix>L78</exitFix>
    <airport>BWI</airport>
    <flightRules>IFR</flightRules>
    <rawFlightRules></rawFlightRules>
    <type>P</type>
    <ptdTime>1445</ptdTime>
    <status>active</status>
    <delete>0</delete>
    <suspended>0</suspended>
    <lld>SW</lld>
    <ECID>14V</ECID>
    <eqptSuffix>unavailable</eqptSuffix>
  </flightPlan>
  <enhancedData>
    <eramGufi>KW462664eL</eramGufi>
    <sfdpsGufi>us.fdps.2026-06-24T12:51:06Z.000/22/4eL</sfdpsGufi>
    <departureAirport>KBWI</departureAirport>
    <destinationAirport>KMKE</destinationAirport>
  </enhancedData>
</record>

=== 15:00:54.639 PCT HRD31 ===
<record>
  <recSeqNum>63490</recSeqNum>
  <recSrc>A</recSrc>
  <recType>210</recType>
  <recSTARSTimestamp>54054420</recSTARSTimestamp>
  <recSTARSSrcID>0</recSTARSSrcID>
  <recSTARSTimeSync>true</recSTARSTimeSync>
  <recSAFAReceiptTime>2026-06-24T15:00:54.427Z</recSAFAReceiptTime>
  <recSAFATimeSync>true</recSAFATimeSync>
  <track>
    <trackNum>3389</trackNum>
    <mrtTime>2026-06-24T15:00:53.995Z</mrtTime>
    <status>active</status>
    <acAddress>ab5d37</acAddress>
    <xPos>993807</xPos>
    <yPos>318885</yPos>
    <lat>38.84831</lat>
    <lon>-78.49328</lon>
    <vVert>0</vVert>
    <vx>-132</vx>
    <vy>-15</vy>
    <vVertRaw>0</vVertRaw>
    <vxRaw>-602</vxRaw>
    <vyRaw>-67</vyRaw>
    <frozen>0</frozen>
    <new>0</new>
    <pseudo>0</pseudo>
    <adsb>1</adsb>
    <reportedBeaconCode>7071</reportedBeaconCode>
    <reportedAltitude>8000</reportedAltitude>
  </track>
  <flightPlan>
    <sfpn>415</sfpn>
    <ocr>normal handoff</ocr>
    <rnav>0</rnav>
    <scratchPad1>HTS</scratchPad1>
    <scratchPad2>DIR</scratchPad2>
    <cps>C</cps>
    <runway>NNNN</runway>
    <assignedBeaconCode>7071</assignedBeaconCode>
    <requestedAltitude>8000</requestedAltitude>
    <assignedAltitude>0</assignedAltitude>
    <category>I</category>
    <dbi></dbi>
    <acid>HRD31</acid>
    <acType>SR20</acType>
    <entryFix>IAD</entryFix>
    <exitFix>P27</exitFix>
    <airport>IAD</airport>
    <flightRules>IFR</flightRules>
    <rawFlightRules></rawFlightRules>
    <type>P</type>
    <ptdTime>1448</ptdTime>
    <status>active</status>
    <delete>0</delete>
    <suspended>0</suspended>
    <lld>SW</lld>
    <ECID>747</ECID>
    <eqptSuffix>unavailable</eqptSuffix>
  </flightPlan>
  <enhancedData>
    <eramGufi>KW5151842M</eramGufi>
    <sfdpsGufi>us.fdps.2026-06-24T13:18:13Z.000/22/4Et</sfdpsGufi>
    <departureAirport>KIAD</departureAirport>
    <destinationAirport>KHTS</destinationAirport>
  </enhancedData>
</record>

=== 15:00:54.989 PCT SWA1171 ===
<record>
  <recSeqNum>63504</recSeqNum>
  <recSrc>A</recSrc>
  <recType>210</recType>
  <recSTARSTimestamp>54054570</recSTARSTimestamp>
  <recSTARSSrcID>0</recSTARSSrcID>
  <recSTARSTimeSync>true</recSTARSTimeSync>
  <recSAFAReceiptTime>2026-06-24T15:00:54.577Z</recSAFAReceiptTime>
  <recSAFATimeSync>true</recSAFATimeSync>
  <track>
    <trackNum>3413</trackNum>
    <mrtTime>2026-06-24T15:00:49.079Z</mrtTime>
    <status>active</status>
    <acAddress>000000</acAddress>
    <xPos>1014109</xPos>
    <yPos>292233</yPos>
    <lat>37.11736</lat>
    <lon>-76.81125</lon>
    <vVert>1156</vVert>
    <vx>-120</vx>
    <vy>-421</vy>
    <vVertRaw>789</vVertRaw>
    <vxRaw>-546</vxRaw>
    <vyRaw>-1916</vyRaw>
    <frozen>0</frozen>
    <new>0</new>
    <pseudo>0</pseudo>
    <adsb>0</adsb>
    <reportedBeaconCode>5675</reportedBeaconCode>
    <reportedAltitude>36200</reportedAltitude>
  </track>
  <flightPlan>
    <sfpn>1312</sfpn>
    <ocr>normal handoff</ocr>
    <rnav>0</rnav>
    <cps>C</cps>
    <runway>NNNN</runway>
    <assignedBeaconCode>5675</assignedBeaconCode>
    <requestedAltitude>38000</requestedAltitude>
    <assignedAltitude>0</assignedAltitude>
    <category>F</category>
    <dbi></dbi>
    <acid>SWA1171</acid>
    <acType>B737</acType>
    <entryFix>BWI</entryFix>
    <exitFix>AME</exitFix>
    <airport>BWI</airport>
    <flightRules>IFR</flightRules>
    <rawFlightRules></rawFlightRules>
    <type>P</type>
    <ptdTime>1425</ptdTime>
    <status>active</status>
    <delete>0</delete>
    <suspended>0</suspended>
    <lld>NW</lld>
    <ECID>262</ECID>
    <eqptSuffix>unavailable</eqptSuffix>
  </flightPlan>
  <enhancedData>
    <eramGufi>KW458764GF</eramGufi>
    <sfdpsGufi>us.fdps.2026-06-24T12:44:36Z.000/22/4GF</sfdpsGufi>
    <departureAirport>KBWI</departureAirport>
    <destinationAirport>KMCO</destinationAirport>
  </enhancedData>
</record>

=== 15:00:55.358 PCT ENY3462 ===
<record>
  <recSeqNum>63536</recSeqNum>
  <recSrc>A</recSrc>
  <recType>210</recType>
  <recSTARSTimestamp>54054830</recSTARSTimestamp>
  <recSTARSSrcID>0</recSTARSSrcID>
  <recSTARSTimeSync>true</recSTARSTimeSync>
  <recSAFAReceiptTime>2026-06-24T15:00:54.880Z</recSAFAReceiptTime>
  <recSAFATimeSync>true</recSAFATimeSync>
  <track>
    <trackNum>147</trackNum>
    <mrtTime>2026-06-24T15:00:54.338Z</mrtTime>
    <status>active</status>
    <acAddress>a234ef</acAddress>
    <xPos>1010437</xPos>
    <yPos>319842</yPos>
    <lat>38.91747</lat>
    <lon>-77.10736</lon>
    <vVert>1854</vVert>
    <vx>-156</vx>
    <vy>154</vy>
    <vVertRaw>1266</vVertRaw>
    <vxRaw>-711</vxRaw>
    <vyRaw>702</vyRaw>
    <frozen>0</frozen>
    <new>0</new>
    <pseudo>0</pseudo>
    <adsb>1</adsb>
    <reportedBeaconCode>6504</reportedBeaconCode>
    <reportedAltitude>2800</reportedAltitude>
  </track>
  <flightPlan>
    <sfpn>1591</sfpn>
    <ocr>pending</ocr>
    <rnav>0</rnav>
    <cps>C</cps>
    <runway>NNNN</runway>
    <assignedBeaconCode>6504</assignedBeaconCode>
    <requestedAltitude>34000</requestedAltitude>
    <assignedAltitude>0</assignedAltitude>
    <category>G</category>
    <dbi></dbi>
    <acid>ENY3462</acid>
    <acType>E170</acType>
    <entryFix>DCA</entryFix>
    <exitFix>RAM</exitFix>
    <airport>DCA</airport>
    <flightRules>IFR</flightRules>
    <rawFlightRules></rawFlightRules>
    <type>P</type>
    <ptdTime>1450</ptdTime>
    <status>active</status>
    <delete>0</delete>
    <suspended>0</suspended>
    <lld>NW</lld>
    <ECID>959</ECID>
    <eqptSuffix>unavailable</eqptSuffix>
  </flightPlan>
  <enhancedData>
    <eramGufi>KW489174kj</eramGufi>
    <sfdpsGufi>us.fdps.2026-06-24T13:35:17Z.000/22/4kj</sfdpsGufi>
    <departureAirport>KDCA</departureAirport>
    <destinationAirport>KCID</destinationAirport>
  </enhancedData>
</record>

=== 15:00:55.358 PCT POD3 ===
<record>
  <recSeqNum>63537</recSeqNum>
  <recSrc>A</recSrc>
  <recType>210</recType>
  <recSTARSTimestamp>54054830</recSTARSTimestamp>
  <recSTARSSrcID>0</recSTARSSrcID>
  <recSTARSTimeSync>true</recSTARSTimeSync>
  <recSAFAReceiptTime>2026-06-24T15:00:54.880Z</recSAFAReceiptTime>
  <recSAFATimeSync>true</recSAFATimeSync>
  <track>
    <trackNum>519</trackNum>
    <mrtTime>2026-06-24T15:00:54.419Z</mrtTime>
    <status>active</status>
    <acAddress>a25bc4</acAddress>
    <xPos>999807</xPos>
    <yPos>296581</yPos>
    <lat>37.39906</lat>
    <lon>-77.97819</lon>
    <vVert>-1220</vVert>
    <vx>192</vx>
    <vy>357</vy>
    <vVertRaw>-833</vVertRaw>
    <vxRaw>876</vxRaw>
    <vyRaw>1627</vyRaw>
    <frozen>0</frozen>
    <new>0</new>
    <pseudo>0</pseudo>
    <adsb>1</adsb>
    <reportedBeaconCode>3323</reportedBeaconCode>
    <reportedAltitude>20200</reportedAltitude>
  </track>
  <flightPlan>
    <sfpn>315</sfpn>
    <ocr>pending</ocr>
    <rnav>0</rnav>
    <scratchPad1>JYO</scratchPad1>
    <cps>2L</cps>
    <runway>JYO</runway>
    <assignedBeaconCode>3323</assignedBeaconCode>
    <requestedAltitude>0</requestedAltitude>
    <assignedAltitude>21000</assignedAltitude>
    <category>H</category>
    <dbi></dbi>
    <acid>POD3</acid>
    <acType>CL30</acType>
    <entryFix>TFF</entryFix>
    <exitFix>JYO</exitFix>
    <airport>JYO</airport>
    <flightRules>IFR</flightRules>
    <rawFlightRules></rawFlightRules>
    <type>A</type>
    <ptdTime>1505</ptdTime>
    <status>active</status>
    <delete>0</delete>
    <suspended>0</suspended>
    <lld>SW</lld>
    <ECID>809</ECID>
    <eqptSuffix>unavailable</eqptSuffix>
  </flightPlan>
  <enhancedData>
    <eramGufi>KR377584FS</eramGufi>
    <sfdpsGufi>us.fdps.2026-06-24T10:29:18Z.000/17/4FS</sfdpsGufi>
    <departureAirport>KSUA</departureAirport>
    <destinationAirport>KJYO</destinationAirport>
  </enhancedData>
</record>

=== 15:00:55.358 PCT N6980B ===
<record>
  <recSeqNum>63550</recSeqNum>
  <recSrc>A</recSrc>
  <recType>210</recType>
  <recSTARSTimestamp>54054880</recSTARSTimestamp>
  <recSTARSSrcID>0</recSTARSSrcID>
  <recSTARSTimeSync>true</recSTARSTimeSync>
  <recSAFAReceiptTime>2026-06-24T15:00:54.910Z</recSAFAReceiptTime>
  <recSAFATimeSync>true</recSAFATimeSync>
  <track>
    <trackNum>91</trackNum>
    <mrtTime>2026-06-24T15:00:54.570Z</mrtTime>
    <status>active</status>
    <acAddress>a94ac8</acAddress>
    <xPos>1009818</xPos>
    <yPos>335773</yPos>
    <lat>39.95542</lat>
    <lon>-77.15806</lon>
    <vVert>-393</vVert>
    <vx>220</vx>
    <vy>6</vy>
    <vVertRaw>-268</vVertRaw>
    <vxRaw>1003</vxRaw>
    <vyRaw>29</vyRaw>
    <frozen>0</frozen>
    <new>0</new>
    <pseudo>0</pseudo>
    <adsb>1</adsb>
    <reportedBeaconCode>6631</reportedBeaconCode>
    <reportedAltitude>13000</reportedAltitude>
  </track>
  <flightPlan>
    <sfpn>1729</sfpn>
    <ocr>no change</ocr>
    <rnav>0</rnav>
    <cps>C</cps>
    <runway>NNNN</runway>
    <assignedBeaconCode>6631</assignedBeaconCode>
    <requestedAltitude>0</requestedAltitude>
    <assignedAltitude>15000</assignedAltitude>
    <category>I</category>
    <dbi></dbi>
    <acid>N6980B</acid>
    <acType>BE36</acType>
    <entryFix>P05</entryFix>
    <exitFix>P05</exitFix>
    <flightRules>E</flightRules>
    <rawFlightRules>E</rawFlightRules>
    <type>E</type>
    <status>active</status>
    <delete>0</delete>
    <suspended>0</suspended>
    <lld>NE</lld>
    <ECID>275</ECID>
    <eqptSuffix>unavailable</eqptSuffix>
  </flightPlan>
  <enhancedData>
    <eramGufi>KI447814TM</eramGufi>
    <sfdpsGufi>us.fdps.2026-06-24T12:26:21Z.000/08/4TM</sfdpsGufi>
    <departureAirport>KJVY</departureAirport>
    <destinationAirport>KILG</destinationAirport>
  </enhancedData>
</record>

=== 15:00:55.574 RDU N506C ===
<record>
  <recSeqNum>20843</recSeqNum>
  <recSrc>A</recSrc>
  <recType>210</recType>
  <recSTARSTimestamp>54055140</recSTARSTimestamp>
  <recSTARSSrcID>0</recSTARSSrcID>
  <recSTARSTimeSync>true</recSTARSTimeSync>
  <recSAFAReceiptTime>2026-06-24T15:00:55.181Z</recSAFAReceiptTime>
  <recSAFATimeSync>true</recSAFATimeSync>
  <track>
    <trackNum>3382</trackNum>
    <mrtTime>2026-06-24T15:00:54.121Z</mrtTime>
    <status>active</status>
    <acAddress>a6506c</acAddress>
    <xPos>979546</xPos>
    <yPos>308255</yPos>
    <lat>36.62094</lat>
    <lon>-78.17561</lon>
    <vVert>0</vVert>
    <vx>-94</vx>
    <vy>-131</vy>
    <vVertRaw>0</vVertRaw>
    <vxRaw>-429</vxRaw>
    <vyRaw>-594</vyRaw>
    <frozen>0</frozen>
    <new>0</new>
    <pseudo>0</pseudo>
    <adsb>1</adsb>
    <reportedBeaconCode>1736</reportedBeaconCode>
    <reportedAltitude>6500</reportedAltitude>
  </track>
  <flightPlan>
    <sfpn>559</sfpn>
    <ocr>normal handoff</ocr>
    <rnav>0</rnav>
    <cps>1N</cps>
    <runway>NNNN</runway>
    <assignedBeaconCode>1736</assignedBeaconCode>
    <requestedAltitude>0</requestedAltitude>
    <assignedAltitude>0</assignedAltitude>
    <category>I</category>
    <dbi></dbi>
    <acid>N506C</acid>
    <acType>PA32</acType>
    <entryFix>LVL</entryFix>
    <exitFix>BUF</exitFix>
    <flightRules>V</flightRules>
    <rawFlightRules>V</rawFlightRules>
    <type>E</type>
    <status>active</status>
    <delete>0</delete>
    <suspended>0</suspended>
    <lld>NE</lld>
    <ECID>229</ECID>
    <eqptSuffix>unavailable</eqptSuffix>
  </flightPlan>
  <enhancedData>
    <eramGufi>KN488544xy</eramGufi>
    <sfdpsGufi>us.fdps.2026-06-24T13:34:14Z.000/13/4xy</sfdpsGufi>
    <departureAirport>KMXE</departureAirport>
    <destinationAirport>KSAP</destinationAirport>
  </enhancedData>
</record>

=== 15:00:56.995 ORF JIA5330 ===
<record>
  <recSeqNum>65132</recSeqNum>
  <recSrc>A</recSrc>
  <recType>210</recType>
  <recSTARSTimestamp>54056780</recSTARSTimestamp>
  <recSTARSSrcID>0</recSTARSSrcID>
  <recSTARSTimeSync>true</recSTARSTimeSync>
  <recSAFAReceiptTime>2026-06-24T15:00:56.828Z</recSAFAReceiptTime>
  <recSAFATimeSync>true</recSAFATimeSync>
  <track>
    <trackNum>3339</trackNum>
    <mrtTime>2026-06-24T15:00:55.313Z</mrtTime>
    <status>active</status>
    <acAddress>a682e3</acAddress>
    <xPos>1022675</xPos>
    <yPos>295769</yPos>
    <lat>37.44911</lat>
    <lon>-76.32011</lon>
    <vVert>0</vVert>
    <vx>21</vx>
    <vy>-356</vy>
    <vVertRaw>0</vVertRaw>
    <vxRaw>96</vxRaw>
    <vyRaw>-1621</vyRaw>
    <frozen>0</frozen>
    <new>0</new>
    <pseudo>0</pseudo>
    <adsb>1</adsb>
    <reportedBeaconCode>4650</reportedBeaconCode>
    <reportedAltitude>12000</reportedAltitude>
  </track>
  <flightPlan>
    <sfpn>1011</sfpn>
    <ocr>normal handoff</ocr>
    <rnav>0</rnav>
    <cps>1G</cps>
    <assignedBeaconCode>4650</assignedBeaconCode>
    <requestedAltitude>0</requestedAltitude>
    <assignedAltitude>13000</assignedAltitude>
    <category>G</category>
    <dbi></dbi>
    <acid>JIA5330</acid>
    <acType>CRJ7</acType>
    <entryFix>OT1</entryFix>
    <exitFix>ORF</exitFix>
    <airport>ORF</airport>
    <flightRules>IFR</flightRules>
    <rawFlightRules></rawFlightRules>
    <type>A</type>
    <ptdTime>1458</ptdTime>
    <status>active</status>
    <delete>0</delete>
    <suspended>0</suspended>
    <lld>NE</lld>
    <ECID>57P</ECID>
    <eqptSuffix>unavailable</eqptSuffix>
  </flightPlan>
  <enhancedData>
    <eramGufi>KW477514Ec</eramGufi>
    <sfdpsGufi>us.fdps.2026-06-24T13:15:51Z.000/22/4Ec</sfdpsGufi>
    <departureAirport>KDCA</departureAirport>
    <destinationAirport>KORF</destinationAirport>
  </enhancedData>
</record>

=== 15:00:57.843 PCT ENY3462 ===
<record>
  <recSeqNum>63919</recSeqNum>
  <recSrc>A</recSrc>
  <recType>210</recType>
  <recSTARSTimestamp>54057600</recSTARSTimestamp>
  <recSTARSSrcID>0</recSTARSSrcID>
  <recSTARSTimeSync>true</recSTARSTimeSync>
  <recSAFAReceiptTime>2026-06-24T15:00:57.624Z</recSAFAReceiptTime>
  <recSAFATimeSync>true</recSAFATimeSync>
  <track>
    <trackNum>147</trackNum>
    <mrtTime>2026-06-24T15:00:56.543Z</mrtTime>
    <status>active</status>
    <acAddress>a234ef</acAddress>
    <xPos>1010414</xPos>
    <yPos>319867</yPos>
    <lat>38.91908</lat>
    <lon>-77.10928</lon>
    <vVert>2019</vVert>
    <vx>-150</vx>
    <vy>158</vy>
    <vVertRaw>1378</vVertRaw>
    <vxRaw>-684</vxRaw>
    <vyRaw>717</vyRaw>
    <frozen>0</frozen>
    <new>0</new>
    <pseudo>0</pseudo>
    <adsb>1</adsb>
    <reportedBeaconCode>6504</reportedBeaconCode>
    <reportedAltitude>2900</reportedAltitude>
  </track>
  <flightPlan>
    <sfpn>1591</sfpn>
    <ocr>pending</ocr>
    <rnav>0</rnav>
    <cps>C</cps>
    <runway>NNNN</runway>
    <assignedBeaconCode>6504</assignedBeaconCode>
    <requestedAltitude>34000</requestedAltitude>
    <assignedAltitude>0</assignedAltitude>
    <category>G</category>
    <dbi></dbi>
    <acid>ENY3462</acid>
    <acType>E170</acType>
    <entryFix>DCA</entryFix>
    <exitFix>RAM</exitFix>
    <airport>DCA</airport>
    <flightRules>IFR</flightRules>
    <rawFlightRules></rawFlightRules>
    <type>P</type>
    <ptdTime>1450</ptdTime>
    <status>active</status>
    <delete>0</delete>
    <suspended>0</suspended>
    <lld>NW</lld>
    <ECID>959</ECID>
    <eqptSuffix>unavailable</eqptSuffix>
  </flightPlan>
  <enhancedData>
    <eramGufi>KW489174kj</eramGufi>
    <sfdpsGufi>us.fdps.2026-06-24T13:35:17Z.000/22/4kj</sfdpsGufi>
    <departureAirport>KDCA</departureAirport>
    <destinationAirport>KCID</destinationAirport>
  </enhancedData>
</record>

=== 15:00:58.004 RDU N506C ===
<record>
  <recSeqNum>20909</recSeqNum>
  <recSrc>A</recSrc>
  <recType>210</recType>
  <recSTARSTimestamp>54057680</recSTARSTimestamp>
  <recSTARSSrcID>0</recSTARSSrcID>
  <recSTARSTimeSync>true</recSTARSTimeSync>
  <recSAFAReceiptTime>2026-06-24T15:00:57.685Z</recSAFAReceiptTime>
  <recSAFATimeSync>true</recSAFATimeSync>
  <track>
    <trackNum>3382</trackNum>
    <mrtTime>2026-06-24T15:00:55.937Z</mrtTime>
    <status>active</status>
    <acAddress>a6506c</acAddress>
    <xPos>979533</xPos>
    <yPos>308238</yPos>
    <lat>36.61983</lat>
    <lon>-78.17667</lon>
    <vVert>0</vVert>
    <vx>-94</vx>
    <vy>-130</vy>
    <vVertRaw>0</vVertRaw>
    <vxRaw>-430</vxRaw>
    <vyRaw>-592</vyRaw>
    <frozen>0</frozen>
    <new>0</new>
    <pseudo>0</pseudo>
    <adsb>1</adsb>
    <reportedBeaconCode>1736</reportedBeaconCode>
    <reportedAltitude>6500</reportedAltitude>
  </track>
  <flightPlan>
    <sfpn>559</sfpn>
    <ocr>normal handoff</ocr>
    <rnav>0</rnav>
    <scratchPad1>SOP</scratchPad1>
    <cps>1N</cps>
    <runway>NNNN</runway>
    <assignedBeaconCode>1736</assignedBeaconCode>
    <requestedAltitude>0</requestedAltitude>
    <assignedAltitude>0</assignedAltitude>
    <category>I</category>
    <dbi></dbi>
    <acid>N506C</acid>
    <acType>PA32</acType>
    <entryFix>LVL</entryFix>
    <exitFix>BUF</exitFix>
    <flightRules>V</flightRules>
    <rawFlightRules>V</rawFlightRules>
    <type>E</type>
    <status>active</status>
    <delete>0</delete>
    <suspended>0</suspended>
    <lld>NE</lld>
    <ECID>229</ECID>
    <eqptSuffix>unavailable</eqptSuffix>
  </flightPlan>
  <enhancedData>
    <eramGufi>KN488544xy</eramGufi>
    <sfdpsGufi>us.fdps.2026-06-24T13:34:14Z.000/13/4xy</sfdpsGufi>
    <departureAirport>KMXE</departureAirport>
    <destinationAirport>KSAP</destinationAirport>
  </enhancedData>
</record>

=== 15:00:58.171 PCT TCN764 ===
<record>
  <recSeqNum>63941</recSeqNum>
  <recSrc>A</recSrc>
  <recType>210</recType>
  <recSTARSTimestamp>54057750</recSTARSTimestamp>
  <recSTARSSrcID>0</recSTARSSrcID>
  <recSTARSTimeSync>true</recSTARSTimeSync>
  <recSAFAReceiptTime>2026-06-24T15:00:57.774Z</recSAFAReceiptTime>
  <recSAFATimeSync>true</recSAFATimeSync>
  <track>
    <trackNum>2645</trackNum>
    <mrtTime>2026-06-24T15:00:56.706Z</mrtTime>
    <status>active</status>
    <acAddress>000000</acAddress>
    <xPos>995545</xPos>
    <yPos>300618</yPos>
    <lat>37.65942</lat>
    <lon>-78.33028</lon>
    <vVert>1121</vVert>
    <vx>-259</vx>
    <vy>-297</vy>
    <vVertRaw>765</vVertRaw>
    <vxRaw>-1181</vxRaw>
    <vyRaw>-1351</vyRaw>
    <frozen>0</frozen>
    <new>0</new>
    <pseudo>0</pseudo>
    <adsb>0</adsb>
    <reportedBeaconCode>0532</reportedBeaconCode>
    <reportedAltitude>30000</reportedAltitude>
  </track>
  <flightPlan>
    <sfpn>779</sfpn>
    <ocr>normal handoff</ocr>
    <rnav>0</rnav>
    <cps>C</cps>
    <runway>NNNN</runway>
    <assignedBeaconCode>0532</assignedBeaconCode>
    <requestedAltitude>41000</requestedAltitude>
    <assignedAltitude>3000</assignedAltitude>
    <category>H</category>
    <dbi></dbi>
    <acid>TCN764</acid>
    <acType>C750</acType>
    <entryFix>HEF</entryFix>
    <exitFix>JDB</exitFix>
    <airport>HEF</airport>
    <flightRules>IFR</flightRules>
    <rawFlightRules></rawFlightRules>
    <type>P</type>
    <ptdTime>1330</ptdTime>
    <status>active</status>
    <delete>0</delete>
    <suspended>0</suspended>
    <lld>W</lld>
    <ECID>906</ECID>
    <eqptSuffix>unavailable</eqptSuffix>
  </flightPlan>
  <enhancedData>
    <eramGufi>KW48678478</eramGufi>
    <sfdpsGufi>us.fdps.2026-06-24T13:30:00Z.159/22/478</sfdpsGufi>
    <departureAirport>KHEF</departureAirport>
    <destinationAirport>MBPV</destinationAirport>
  </enhancedData>
</record>

=== 15:00:58.524 PCT SWA1576 ===
<record>
  <recSeqNum>63992</recSeqNum>
  <recSrc>A</recSrc>
  <recType>210</recType>
  <recSTARSTimestamp>54058180</recSTARSTimestamp>
  <recSTARSSrcID>0</recSTARSSrcID>
  <recSTARSTimeSync>true</recSTARSTimeSync>
  <recSAFAReceiptTime>2026-06-24T15:00:58.207Z</recSAFAReceiptTime>
  <recSAFATimeSync>true</recSAFATimeSync>
  <track>
    <trackNum>610</trackNum>
    <mrtTime>2026-06-24T15:00:55.810Z</mrtTime>
    <status>active</status>
    <acAddress>000000</acAddress>
    <xPos>989703</xPos>
    <yPos>300654</yPos>
    <lat>37.65625</lat>
    <lon>-78.80919</lon>
    <vVert>1040</vVert>
    <vx>-284</vx>
    <vy>-306</vy>
    <vVertRaw>710</vVertRaw>
    <vxRaw>-1292</vxRaw>
    <vyRaw>-1392</vyRaw>
    <frozen>0</frozen>
    <new>0</new>
    <pseudo>0</pseudo>
    <adsb>0</adsb>
    <reportedBeaconCode>3575</reportedBeaconCode>
    <reportedAltitude>35900</reportedAltitude>
  </track>
  <flightPlan>
    <sfpn>304</sfpn>
    <ocr>normal handoff</ocr>
    <rnav>0</rnav>
    <cps>C</cps>
    <runway>NNNN</runway>
    <assignedBeaconCode>3575</assignedBeaconCode>
    <requestedAltitude>38000</requestedAltitude>
    <assignedAltitude>0</assignedAltitude>
    <category>F</category>
    <dbi></dbi>
    <acid>SWA1576</acid>
    <acType>B738</acType>
    <entryFix>BWI</entryFix>
    <exitFix>TSC</exitFix>
    <airport>BWI</airport>
    <flightRules>IFR</flightRules>
    <rawFlightRules></rawFlightRules>
    <type>P</type>
    <ptdTime>1415</ptdTime>
    <status>active</status>
    <delete>0</delete>
    <suspended>0</suspended>
    <lld>NE</lld>
    <ECID>878</ECID>
    <eqptSuffix>unavailable</eqptSuffix>
  </flightPlan>
  <enhancedData>
    <eramGufi>KW42182463</eramGufi>
    <sfdpsGufi>us.fdps.2026-06-24T11:43:02Z.000/22/463</sfdpsGufi>
    <departureAirport>KBWI</departureAirport>
    <destinationAirport>KAUS</destinationAirport>
  </enhancedData>
</record>

=== 15:00:58.880 PCT SWA733 ===
<record>
  <recSeqNum>64051</recSeqNum>
  <recSrc>A</recSrc>
  <recType>210</recType>
  <recSTARSTimestamp>54058480</recSTARSTimestamp>
  <recSTARSSrcID>0</recSTARSSrcID>
  <recSTARSTimeSync>true</recSTARSTimeSync>
  <recSAFAReceiptTime>2026-06-24T15:00:58.509Z</recSAFAReceiptTime>
  <recSAFATimeSync>true</recSAFATimeSync>
  <track>
    <trackNum>1790</trackNum>
    <mrtTime>2026-06-24T15:00:58.048Z</mrtTime>
    <status>active</status>
    <acAddress>a2bb10</acAddress>
    <xPos>1010997</xPos>
    <yPos>324505</yPos>
    <lat>39.22125</lat>
    <lon>-77.05994</lon>
    <vVert>1036</vVert>
    <vx>-306</vx>
    <vy>5</vy>
    <vVertRaw>707</vVertRaw>
    <vxRaw>-1391</vxRaw>
    <vyRaw>25</vyRaw>
    <frozen>0</frozen>
    <new>0</new>
    <pseudo>0</pseudo>
    <adsb>1</adsb>
    <reportedBeaconCode>2420</reportedBeaconCode>
    <reportedAltitude>12000</reportedAltitude>
  </track>
  <flightPlan>
    <sfpn>249</sfpn>
    <ocr>pending</ocr>
    <rnav>0</rnav>
    <cps>C</cps>
    <runway>NNNN</runway>
    <assignedBeaconCode>2420</assignedBeaconCode>
    <requestedAltitude>36000</requestedAltitude>
    <assignedAltitude>0</assignedAltitude>
    <category>F</category>
    <dbi></dbi>
    <acid>SWA733</acid>
    <acType>B737</acType>
    <entryFix>BWI</entryFix>
    <exitFix>FXO</exitFix>
    <airport>BWI</airport>
    <flightRules>IFR</flightRules>
    <rawFlightRules></rawFlightRules>
    <type>P</type>
    <ptdTime>1425</ptdTime>
    <status>active</status>
    <delete>0</delete>
    <suspended>0</suspended>
    <lld>NE</lld>
    <ECID>39Y</ECID>
    <eqptSuffix>unavailable</eqptSuffix>
  </flightPlan>
  <enhancedData>
    <eramGufi>KW461134Iw</eramGufi>
    <sfdpsGufi>us.fdps.2026-06-24T12:48:33Z.000/22/4Iw</sfdpsGufi>
    <departureAirport>KBWI</departureAirport>
    <destinationAirport>KSTL</destinationAirport>
  </enhancedData>
</record>

=== 15:00:58.880 PCT SWA149 ===
<record>
  <recSeqNum>64052</recSeqNum>
  <recSrc>A</recSrc>
  <recType>210</recType>
  <recSTARSTimestamp>54058480</recSTARSTimestamp>
  <recSTARSSrcID>0</recSTARSSrcID>
  <recSTARSTimeSync>true</recSTARSTimeSync>
  <recSAFAReceiptTime>2026-06-24T15:00:58.509Z</recSAFAReceiptTime>
  <recSAFATimeSync>true</recSAFATimeSync>
  <track>
    <trackNum>1597</trackNum>
    <mrtTime>2026-06-24T15:00:58.048Z</mrtTime>
    <status>active</status>
    <acAddress>ad1a4e</acAddress>
    <xPos>1005180</xPos>
    <yPos>315442</yPos>
    <lat>38.63036</lat>
    <lon>-77.54456</lon>
    <vVert>2297</vVert>
    <vx>-216</vx>
    <vy>-364</vy>
    <vVertRaw>1568</vVertRaw>
    <vxRaw>-981</vxRaw>
    <vyRaw>-1656</vyRaw>
    <frozen>0</frozen>
    <new>0</new>
    <pseudo>0</pseudo>
    <adsb>1</adsb>
    <reportedBeaconCode>2122</reportedBeaconCode>
    <reportedAltitude>19000</reportedAltitude>
  </track>
  <flightPlan>
    <sfpn>677</sfpn>
    <ocr>pending</ocr>
    <rnav>0</rnav>
    <cps>C</cps>
    <runway>NNNN</runway>
    <assignedBeaconCode>2122</assignedBeaconCode>
    <requestedAltitude>38000</requestedAltitude>
    <assignedAltitude>0</assignedAltitude>
    <category>F</category>
    <dbi></dbi>
    <acid>SWA149</acid>
    <acType>B737</acType>
    <entryFix>DCA</entryFix>
    <exitFix>SCR</exitFix>
    <airport>DCA</airport>
    <flightRules>IFR</flightRules>
    <rawFlightRules></rawFlightRules>
    <type>P</type>
    <ptdTime>1440</ptdTime>
    <status>active</status>
    <delete>0</delete>
    <suspended>0</suspended>
    <lld>NE</lld>
    <ECID>305</ECID>
    <eqptSuffix>unavailable</eqptSuffix>
  </flightPlan>
  <enhancedData>
    <eramGufi>KW437804dt</eramGufi>
    <sfdpsGufi>us.fdps.2026-06-24T12:09:40Z.000/22/4dt</sfdpsGufi>
    <departureAirport>KDCA</departureAirport>
    <destinationAirport>KDAL</destinationAirport>
  </enhancedData>
</record>

=== 15:00:58.880 PCT EJA110 ===
<record>
  <recSeqNum>64062</recSeqNum>
  <recSrc>A</recSrc>
  <recType>210</recType>
  <recSTARSTimestamp>54058630</recSTARSTimestamp>
  <recSTARSSrcID>0</recSTARSSrcID>
  <recSTARSTimeSync>true</recSTARSTimeSync>
  <recSAFAReceiptTime>2026-06-24T15:00:58.679Z</recSAFAReceiptTime>
  <recSAFATimeSync>true</recSAFATimeSync>
  <track>
    <trackNum>1914</trackNum>
    <mrtTime>2026-06-24T15:00:57.476Z</mrtTime>
    <status>active</status>
    <acAddress>000000</acAddress>
    <xPos>983456</xPos>
    <yPos>300165</yPos>
    <lat>37.61636</lat>
    <lon>-79.32025</lon>
    <vVert>-101</vVert>
    <vx>-358</vx>
    <vy>-251</vy>
    <vVertRaw>-69</vVertRaw>
    <vxRaw>-1628</vxRaw>
    <vyRaw>-1142</vyRaw>
    <frozen>0</frozen>
    <new>0</new>
    <pseudo>0</pseudo>
    <adsb>0</adsb>
    <reportedBeaconCode>7075</reportedBeaconCode>
    <reportedAltitude>43000</reportedAltitude>
  </track>
  <flightPlan>
    <sfpn>261</sfpn>
    <ocr>normal handoff</ocr>
    <rnav>0</rnav>
    <cps>C</cps>
    <runway>NNNN</runway>
    <assignedBeaconCode>7075</assignedBeaconCode>
    <requestedAltitude>43000</requestedAltitude>
    <assignedAltitude>0</assignedAltitude>
    <category>F</category>
    <dbi></dbi>
    <acid>EJA110</acid>
    <acType>GL5T</acType>
    <entryFix>IAD</entryFix>
    <exitFix>CLH</exitFix>
    <airport>IAD</airport>
    <flightRules>IFR</flightRules>
    <rawFlightRules></rawFlightRules>
    <type>P</type>
    <ptdTime>1354</ptdTime>
    <status>active</status>
    <delete>0</delete>
    <suspended>0</suspended>
    <lld>NE</lld>
    <ECID>478</ECID>
    <eqptSuffix>unavailable</eqptSuffix>
  </flightPlan>
  <enhancedData>
    <eramGufi>KW385444Rz</eramGufi>
    <sfdpsGufi>us.fdps.2026-06-24T10:42:24Z.000/22/4Rz</sfdpsGufi>
    <departureAirport>KIAD</departureAirport>
    <destinationAirport>KPDK</destinationAirport>
  </enhancedData>
</record>

=== 15:00:58.880 PCT HRD31 ===
<record>
  <recSeqNum>64063</recSeqNum>
  <recSrc>A</recSrc>
  <recType>210</recType>
  <recSTARSTimestamp>54058630</recSTARSTimestamp>
  <recSTARSSrcID>0</recSTARSSrcID>
  <recSTARSTimeSync>true</recSTARSTimeSync>
  <recSAFAReceiptTime>2026-06-24T15:00:58.679Z</recSAFAReceiptTime>
  <recSAFATimeSync>true</recSAFATimeSync>
  <track>
    <trackNum>3389</trackNum>
    <mrtTime>2026-06-24T15:00:57.948Z</mrtTime>
    <status>active</status>
    <acAddress>ab5d37</acAddress>
    <xPos>993770</xPos>
    <yPos>318881</yPos>
    <lat>38.848</lat>
    <lon>-78.49636</lon>
    <vVert>0</vVert>
    <vx>-132</vx>
    <vy>-14</vy>
    <vVertRaw>0</vVertRaw>
    <vxRaw>-601</vxRaw>
    <vyRaw>-65</vyRaw>
    <frozen>0</frozen>
    <new>0</new>
    <pseudo>0</pseudo>
    <adsb>1</adsb>
    <reportedBeaconCode>7071</reportedBeaconCode>
    <reportedAltitude>8000</reportedAltitude>
  </track>
  <flightPlan>
    <sfpn>415</sfpn>
    <ocr>normal handoff</ocr>
    <rnav>0</rnav>
    <scratchPad1>HTS</scratchPad1>
    <scratchPad2>DIR</scratchPad2>
    <cps>C</cps>
    <runway>NNNN</runway>
    <assignedBeaconCode>7071</assignedBeaconCode>
    <requestedAltitude>8000</requestedAltitude>
    <assignedAltitude>0</assignedAltitude>
    <category>I</category>
    <dbi></dbi>
    <acid>HRD31</acid>
    <acType>SR20</acType>
    <entryFix>IAD</entryFix>
    <exitFix>P27</exitFix>
    <airport>IAD</airport>
    <flightRules>IFR</flightRules>
    <rawFlightRules></rawFlightRules>
    <type>P</type>
    <ptdTime>1448</ptdTime>
    <status>active</status>
    <delete>0</delete>
    <suspended>0</suspended>
    <lld>SW</lld>
    <ECID>747</ECID>
    <eqptSuffix>unavailable</eqptSuffix>
  </flightPlan>
  <enhancedData>
    <eramGufi>KW5151842M</eramGufi>
    <sfdpsGufi>us.fdps.2026-06-24T13:18:13Z.000/22/4Et</sfdpsGufi>
    <departureAirport>KIAD</departureAirport>
    <destinationAirport>KHTS</destinationAirport>
  </enhancedData>
</record>

=== 15:00:59.224 PCT N300KC ===
<record>
  <recSeqNum>64078</recSeqNum>
  <recSrc>A</recSrc>
  <recType>210</recType>
  <recSTARSTimestamp>54058780</recSTARSTimestamp>
  <recSTARSSrcID>0</recSTARSSrcID>
  <recSTARSTimeSync>true</recSTARSTimeSync>
  <recSAFAReceiptTime>2026-06-24T15:00:58.781Z</recSAFAReceiptTime>
  <recSAFATimeSync>true</recSAFATimeSync>
  <track>
    <trackNum>3391</trackNum>
    <mrtTime>2026-06-24T15:00:57.687Z</mrtTime>
    <status>active</status>
    <acAddress>000000</acAddress>
    <xPos>991816</xPos>
    <yPos>318922</yPos>
    <lat>38.84881</lat>
    <lon>-78.65919</lon>
    <vVert>1556</vVert>
    <vx>-369</vx>
    <vy>-2</vy>
    <vVertRaw>1062</vVertRaw>
    <vxRaw>-1678</vxRaw>
    <vyRaw>-7</vyRaw>
    <frozen>0</frozen>
    <new>0</new>
    <pseudo>0</pseudo>
    <adsb>0</adsb>
    <reportedBeaconCode>5603</reportedBeaconCode>
    <reportedAltitude>27400</reportedAltitude>
  </track>
  <flightPlan>
    <sfpn>808</sfpn>
    <ocr>normal handoff</ocr>
    <rnav>0</rnav>
    <cps>C</cps>
    <runway>NNNN</runway>
    <assignedBeaconCode>5603</assignedBeaconCode>
    <requestedAltitude>34000</requestedAltitude>
    <assignedAltitude>0</assignedAltitude>
    <category>H</category>
    <dbi></dbi>
    <acid>N300KC</acid>
    <acType>CL30</acType>
    <entryFix>IAD</entryFix>
    <exitFix>OTO</exitFix>
    <airport>IAD</airport>
    <flightRules>IFR</flightRules>
    <rawFlightRules></rawFlightRules>
    <type>P</type>
    <ptdTime>1405</ptdTime>
    <status>active</status>
    <delete>0</delete>
    <suspended>0</suspended>
    <lld>NW</lld>
    <ECID>754</ECID>
    <eqptSuffix>unavailable</eqptSuffix>
  </flightPlan>
  <enhancedData>
    <eramGufi>KW50746446</eramGufi>
    <sfdpsGufi>us.fdps.2026-06-24T14:05:00Z.556/22/446</sfdpsGufi>
    <departureAirport>KIAD</departureAirport>
    <destinationAirport>KLUK</destinationAirport>
  </enhancedData>
</record>

=== 15:00:59.225 PCT ENY3446 ===
<record>
  <recSeqNum>64094</recSeqNum>
  <recSrc>A</recSrc>
  <recType>210</recType>
  <recSTARSTimestamp>54058930</recSTARSTimestamp>
  <recSTARSSrcID>0</recSTARSSrcID>
  <recSTARSTimeSync>true</recSTARSTimeSync>
  <recSAFAReceiptTime>2026-06-24T15:00:58.931Z</recSAFAReceiptTime>
  <recSAFATimeSync>true</recSAFATimeSync>
  <track>
    <trackNum>1522</trackNum>
    <mrtTime>2026-06-24T15:00:57.808Z</mrtTime>
    <status>active</status>
    <acAddress>000000</acAddress>
    <xPos>991478</xPos>
    <yPos>321102</yPos>
    <lat>38.9905</lat>
    <lon>-78.69025</lon>
    <vVert>1021</vVert>
    <vx>-357</vx>
    <vy>35</vy>
    <vVertRaw>697</vVertRaw>
    <vxRaw>-1624</vxRaw>
    <vyRaw>158</vyRaw>
    <frozen>0</frozen>
    <new>0</new>
    <pseudo>0</pseudo>
    <adsb>0</adsb>
    <reportedBeaconCode>5652</reportedBeaconCode>
    <reportedAltitude>33700</reportedAltitude>
  </track>
  <flightPlan>
    <sfpn>1026</sfpn>
    <ocr>normal handoff</ocr>
    <rnav>0</rnav>
    <cps>C</cps>
    <runway>NNNN</runway>
    <assignedBeaconCode>5652</assignedBeaconCode>
    <requestedAltitude>34000</requestedAltitude>
    <assignedAltitude>0</assignedAltitude>
    <category>G</category>
    <dbi></dbi>
    <acid>ENY3446</acid>
    <acType>E170</acType>
    <entryFix>BWI</entryFix>
    <exitFix>FXR</exitFix>
    <airport>BWI</airport>
    <flightRules>IFR</flightRules>
    <rawFlightRules></rawFlightRules>
    <type>P</type>
    <ptdTime>1434</ptdTime>
    <status>active</status>
    <delete>0</delete>
    <suspended>0</suspended>
    <lld>NE</lld>
    <ECID>307</ECID>
    <eqptSuffix>unavailable</eqptSuffix>
  </flightPlan>
  <enhancedData>
    <eramGufi>KW479484Kf</eramGufi>
    <sfdpsGufi>us.fdps.2026-06-24T13:19:08Z.000/22/4Kf</sfdpsGufi>
    <departureAirport>KBWI</departureAirport>
    <destinationAirport>KORD</destinationAirport>
  </enhancedData>
</record>

=== 15:00:59.225 PCT SWA1171 ===
<record>
  <recSeqNum>64103</recSeqNum>
  <recSrc>A</recSrc>
  <recType>210</recType>
  <recSTARSTimestamp>54058930</recSTARSTimestamp>
  <recSTARSSrcID>0</recSTARSSrcID>
  <recSTARSTimeSync>true</recSTARSTimeSync>
  <recSAFAReceiptTime>2026-06-24T15:00:58.931Z</recSAFAReceiptTime>
  <recSAFATimeSync>true</recSAFATimeSync>
  <track>
    <trackNum>3413</trackNum>
    <mrtTime>2026-06-24T15:00:53.663Z</mrtTime>
    <status>active</status>
    <acAddress>000000</acAddress>
    <xPos>1014060</xPos>
    <yPos>292099</yPos>
    <lat>37.10864</lat>
    <lon>-76.81528</lon>
    <vVert>1061</vVert>
    <vx>-126</vx>
    <vy>-418</vy>
    <vVertRaw>724</vVertRaw>
    <vxRaw>-573</vxRaw>
    <vyRaw>-1903</vyRaw>
    <frozen>0</frozen>
    <new>0</new>
    <pseudo>0</pseudo>
    <adsb>0</adsb>
    <reportedBeaconCode>5675</reportedBeaconCode>
    <reportedAltitude>36200</reportedAltitude>
  </track>
  <flightPlan>
    <sfpn>1312</sfpn>
    <ocr>normal handoff</ocr>
    <rnav>0</rnav>
    <cps>C</cps>
    <runway>NNNN</runway>
    <assignedBeaconCode>5675</assignedBeaconCode>
    <requestedAltitude>38000</requestedAltitude>
    <assignedAltitude>0</assignedAltitude>
    <category>F</category>
    <dbi></dbi>
    <acid>SWA1171</acid>
    <acType>B737</acType>
    <entryFix>BWI</entryFix>
    <exitFix>AME</exitFix>
    <airport>BWI</airport>
    <flightRules>IFR</flightRules>
    <rawFlightRules></rawFlightRules>
    <type>P</type>
    <ptdTime>1425</ptdTime>
    <status>active</status>
    <delete>0</delete>
    <suspended>0</suspended>
    <lld>NW</lld>
    <ECID>262</ECID>
    <eqptSuffix>unavailable</eqptSuffix>
  </flightPlan>
  <enhancedData>
    <eramGufi>KW458764GF</eramGufi>
    <sfdpsGufi>us.fdps.2026-06-24T12:44:36Z.000/22/4GF</sfdpsGufi>
    <departureAirport>KBWI</departureAirport>
    <destinationAirport>KMCO</destinationAirport>
  </enhancedData>
</record>

=== 15:00:59.225 PCT SWA1011 ===
<record>
  <recSeqNum>64130</recSeqNum>
  <recSrc>A</recSrc>
  <recType>210</recType>
  <recSTARSTimestamp>54059080</recSTARSTimestamp>
  <recSTARSSrcID>0</recSTARSSrcID>
  <recSTARSTimeSync>true</recSTARSTimeSync>
  <recSAFAReceiptTime>2026-06-24T15:00:59.082Z</recSAFAReceiptTime>
  <recSAFATimeSync>true</recSAFATimeSync>
  <track>
    <trackNum>1765</trackNum>
    <mrtTime>2026-06-24T15:00:58.070Z</mrtTime>
    <status>active</status>
    <acAddress>a528d6</acAddress>
    <xPos>1014004</xPos>
    <yPos>323925</yPos>
    <lat>39.18283</lat>
    <lon>-76.80831</lon>
    <vVert>2829</vVert>
    <vx>-217</vx>
    <vy>24</vy>
    <vVertRaw>1931</vVertRaw>
    <vxRaw>-987</vxRaw>
    <vyRaw>111</vyRaw>
    <frozen>0</frozen>
    <new>0</new>
    <pseudo>0</pseudo>
    <adsb>1</adsb>
    <reportedBeaconCode>3706</reportedBeaconCode>
    <reportedAltitude>4200</reportedAltitude>
  </track>
  <flightPlan>
    <sfpn>1642</sfpn>
    <ocr>pending</ocr>
    <rnav>0</rnav>
    <cps>C</cps>
    <runway>NNNN</runway>
    <assignedBeaconCode>3706</assignedBeaconCode>
    <requestedAltitude>38000</requestedAltitude>
    <assignedAltitude>0</assignedAltitude>
    <category>F</category>
    <dbi></dbi>
    <acid>SWA1011</acid>
    <acType>B737</acType>
    <entryFix>BWI</entryFix>
    <exitFix>L78</exitFix>
    <airport>BWI</airport>
    <flightRules>IFR</flightRules>
    <rawFlightRules></rawFlightRules>
    <type>P</type>
    <ptdTime>1445</ptdTime>
    <status>active</status>
    <delete>0</delete>
    <suspended>0</suspended>
    <lld>SW</lld>
    <ECID>14V</ECID>
    <eqptSuffix>unavailable</eqptSuffix>
  </flightPlan>
  <enhancedData>
    <eramGufi>KW462664eL</eramGufi>
    <sfdpsGufi>us.fdps.2026-06-24T12:51:06Z.000/22/4eL</sfdpsGufi>
    <departureAirport>KBWI</departureAirport>
    <destinationAirport>KMKE</destinationAirport>
  </enhancedData>
</record>

=== 15:00:59.781 RDU N506C ===
<record>
  <recSeqNum>20973</recSeqNum>
  <recSrc>A</recSrc>
  <recType>210</recType>
  <recSTARSTimestamp>54059340</recSTARSTimestamp>
  <recSTARSSrcID>0</recSTARSSrcID>
  <recSTARSTimeSync>true</recSTARSTimeSync>
  <recSAFAReceiptTime>2026-06-24T15:00:59.344Z</recSAFAReceiptTime>
  <recSAFATimeSync>true</recSAFATimeSync>
  <track>
    <trackNum>3382</trackNum>
    <mrtTime>2026-06-24T15:00:58.968Z</mrtTime>
    <status>active</status>
    <acAddress>a6506c</acAddress>
    <xPos>979513</xPos>
    <yPos>308210</yPos>
    <lat>36.618</lat>
    <lon>-78.17831</lon>
    <vVert>0</vVert>
    <vx>-94</vx>
    <vy>-130</vy>
    <vVertRaw>0</vVertRaw>
    <vxRaw>-429</vxRaw>
    <vyRaw>-591</vyRaw>
    <frozen>0</frozen>
    <new>0</new>
    <pseudo>0</pseudo>
    <adsb>1</adsb>
    <reportedBeaconCode>1736</reportedBeaconCode>
    <reportedAltitude>6500</reportedAltitude>
  </track>
  <flightPlan>
    <sfpn>559</sfpn>
    <ocr>normal handoff</ocr>
    <rnav>0</rnav>
    <scratchPad1>SOP</scratchPad1>
    <cps>1N</cps>
    <runway>NNNN</runway>
    <assignedBeaconCode>1736</assignedBeaconCode>
    <requestedAltitude>0</requestedAltitude>
    <assignedAltitude>0</assignedAltitude>
    <category>I</category>
    <dbi></dbi>
    <acid>N506C</acid>
    <acType>PA32</acType>
    <entryFix>LVL</entryFix>
    <exitFix>BUF</exitFix>
    <flightRules>V</flightRules>
    <rawFlightRules>V</rawFlightRules>
    <type>E</type>
    <status>active</status>
    <delete>0</delete>
    <suspended>0</suspended>
    <lld>NE</lld>
    <ECID>229</ECID>
    <eqptSuffix>unavailable</eqptSuffix>
  </flightPlan>
  <enhancedData>
    <eramGufi>KN488544xy</eramGufi>
    <sfdpsGufi>us.fdps.2026-06-24T13:34:14Z.000/13/4xy</sfdpsGufi>
    <departureAirport>KMXE</departureAirport>
    <destinationAirport>KSAP</destinationAirport>
  </enhancedData>
</record>

=== 15:01:00.237 PCT POD3 ===
<record>
  <recSeqNum>64234</recSeqNum>
  <recSrc>A</recSrc>
  <recType>210</recType>
  <recSTARSTimestamp>54059830</recSTARSTimestamp>
  <recSTARSSrcID>0</recSTARSSrcID>
  <recSTARSTimeSync>true</recSTARSTimeSync>
  <recSAFAReceiptTime>2026-06-24T15:00:59.846Z</recSAFAReceiptTime>
  <recSAFATimeSync>true</recSAFATimeSync>
  <track>
    <trackNum>519</trackNum>
    <mrtTime>2026-06-24T15:00:59.444Z</mrtTime>
    <status>active</status>
    <acAddress>a25bc4</acAddress>
    <xPos>999875</xPos>
    <yPos>296709</yPos>
    <lat>37.40744</lat>
    <lon>-77.97272</lon>
    <vVert>-1219</vVert>
    <vx>192</vx>
    <vy>357</vy>
    <vVertRaw>-832</vVertRaw>
    <vxRaw>874</vxRaw>
    <vyRaw>1624</vyRaw>
    <frozen>0</frozen>
    <new>0</new>
    <pseudo>0</pseudo>
    <adsb>1</adsb>
    <reportedBeaconCode>3323</reportedBeaconCode>
    <reportedAltitude>20100</reportedAltitude>
  </track>
  <flightPlan>
    <sfpn>315</sfpn>
    <ocr>pending</ocr>
    <rnav>0</rnav>
    <scratchPad1>JYO</scratchPad1>
    <cps>2L</cps>
    <runway>JYO</runway>
    <assignedBeaconCode>3323</assignedBeaconCode>
    <requestedAltitude>0</requestedAltitude>
    <assignedAltitude>21000</assignedAltitude>
    <category>H</category>
    <dbi></dbi>
    <acid>POD3</acid>
    <acType>CL30</acType>
    <entryFix>TFF</entryFix>
    <exitFix>JYO</exitFix>
    <airport>JYO</airport>
    <flightRules>IFR</flightRules>
    <rawFlightRules></rawFlightRules>
    <type>A</type>
    <ptdTime>1505</ptdTime>
    <status>active</status>
    <delete>0</delete>
    <suspended>0</suspended>
    <lld>SW</lld>
    <ECID>809</ECID>
    <eqptSuffix>unavailable</eqptSuffix>
  </flightPlan>
  <enhancedData>
    <eramGufi>KR377584FS</eramGufi>
    <sfdpsGufi>us.fdps.2026-06-24T10:29:18Z.000/17/4FS</sfdpsGufi>
    <departureAirport>KSUA</departureAirport>
    <destinationAirport>KJYO</destinationAirport>
  </enhancedData>
</record>

=== 15:01:00.238 PCT POD3 ===
<record>
  <recSeqNum>64246</recSeqNum>
  <recSrc>A</recSrc>
  <recType>210</recType>
  <recSTARSTimestamp>54059840</recSTARSTimestamp>
  <recSTARSSrcID>0</recSTARSSrcID>
  <recSTARSTimeSync>true</recSTARSTimeSync>
  <recSAFAReceiptTime>2026-06-24T15:00:59.876Z</recSAFAReceiptTime>
  <recSAFATimeSync>true</recSAFATimeSync>
  <track>
    <trackNum>519</trackNum>
    <mrtTime>2026-06-24T15:00:59.444Z</mrtTime>
    <status>active</status>
    <acAddress>a25bc4</acAddress>
    <xPos>999875</xPos>
    <yPos>296709</yPos>
    <lat>37.40744</lat>
    <lon>-77.97272</lon>
    <vVert>-1219</vVert>
    <vx>192</vx>
    <vy>357</vy>
    <vVertRaw>-832</vVertRaw>
    <vxRaw>874</vxRaw>
    <vyRaw>1624</vyRaw>
    <frozen>0</frozen>
    <new>0</new>
    <pseudo>0</pseudo>
    <adsb>1</adsb>
    <reportedBeaconCode>3323</reportedBeaconCode>
    <reportedAltitude>20100</reportedAltitude>
  </track>
  <flightPlan>
    <sfpn>315</sfpn>
    <ocr>pending</ocr>
    <rnav>0</rnav>
    <scratchPad1>JYO</scratchPad1>
    <cps>2L</cps>
    <runway>JYO</runway>
    <assignedBeaconCode>3323</assignedBeaconCode>
    <requestedAltitude>0</requestedAltitude>
    <assignedAltitude>21000</assignedAltitude>
    <category>H</category>
    <dbi></dbi>
    <acid>POD3</acid>
    <acType>CL30</acType>
    <entryFix>TFF</entryFix>
    <exitFix>JYO</exitFix>
    <airport>JYO</airport>
    <flightRules>IFR</flightRules>
    <rawFlightRules></rawFlightRules>
    <type>A</type>
    <ptdTime>1505</ptdTime>
    <status>active</status>
    <delete>0</delete>
    <suspended>0</suspended>
    <lld>SW</lld>
    <ECID>809</ECID>
    <eqptSuffix>unavailable</eqptSuffix>
  </flightPlan>
  <enhancedData>
    <eramGufi>KR377584FS</eramGufi>
    <sfdpsGufi>us.fdps.2026-06-24T10:29:18Z.000/17/4FS</sfdpsGufi>
    <departureAirport>KSUA</departureAirport>
    <destinationAirport>KJYO</destinationAirport>
  </enhancedData>
</record>

=== 15:01:00.238 PCT DAL1592 ===
<record>
  <recSeqNum>64274</recSeqNum>
  <recSrc>A</recSrc>
  <recType>210</recType>
  <recSTARSTimestamp>54060130</recSTARSTimestamp>
  <recSTARSSrcID>0</recSTARSSrcID>
  <recSTARSTimeSync>true</recSTARSTimeSync>
  <recSAFAReceiptTime>2026-06-24T15:01:00.148Z</recSAFAReceiptTime>
  <recSAFATimeSync>true</recSAFATimeSync>
  <track>
    <trackNum>425</trackNum>
    <mrtTime>2026-06-24T15:00:58.386Z</mrtTime>
    <status>active</status>
    <acAddress>000000</acAddress>
    <xPos>998039</xPos>
    <yPos>310748</yPos>
    <lat>38.32133</lat>
    <lon>-78.13397</lon>
    <vVert>1985</vVert>
    <vx>-348</vx>
    <vy>-236</vy>
    <vVertRaw>1355</vVertRaw>
    <vxRaw>-1584</vxRaw>
    <vyRaw>-1076</vyRaw>
    <frozen>0</frozen>
    <new>0</new>
    <pseudo>0</pseudo>
    <adsb>0</adsb>
    <reportedBeaconCode>2125</reportedBeaconCode>
    <reportedAltitude>29500</reportedAltitude>
  </track>
  <flightPlan>
    <sfpn>1545</sfpn>
    <ocr>normal handoff</ocr>
    <rnav>0</rnav>
    <cps>C</cps>
    <runway>NNNN</runway>
    <assignedBeaconCode>2125</assignedBeaconCode>
    <requestedAltitude>34000</requestedAltitude>
    <assignedAltitude>0</assignedAltitude>
    <category>F</category>
    <dbi></dbi>
    <acid>DAL1592</acid>
    <acType>B739</acType>
    <entryFix>BWI</entryFix>
    <exitFix>TCL</exitFix>
    <airport>BWI</airport>
    <flightRules>IFR</flightRules>
    <rawFlightRules></rawFlightRules>
    <type>P</type>
    <ptdTime>1433</ptdTime>
    <status>active</status>
    <delete>0</delete>
    <suspended>0</suspended>
    <lld>W</lld>
    <ECID>220</ECID>
    <eqptSuffix>unavailable</eqptSuffix>
  </flightPlan>
  <enhancedData>
    <eramGufi>KW4944040n</eramGufi>
    <sfdpsGufi>us.fdps.2026-06-24T13:44:00Z.000/22/40n</sfdpsGufi>
    <departureAirport>KBWI</departureAirport>
    <destinationAirport>KATL</destinationAirport>
  </enhancedData>
</record>

=== 15:01:00.594 PCT POD3 ===
<record>
  <recSeqNum>64282</recSeqNum>
  <recSrc>A</recSrc>
  <recType>210</recType>
  <recSTARSTimestamp>54060250</recSTARSTimestamp>
  <recSTARSSrcID>0</recSTARSSrcID>
  <recSTARSTimeSync>true</recSTARSTimeSync>
  <recSAFAReceiptTime>2026-06-24T15:01:00.278Z</recSAFAReceiptTime>
  <recSAFATimeSync>true</recSAFATimeSync>
  <track>
    <trackNum>519</trackNum>
    <mrtTime>2026-06-24T15:00:59.444Z</mrtTime>
    <status>active</status>
    <acAddress>a25bc4</acAddress>
    <xPos>999875</xPos>
    <yPos>296709</yPos>
    <lat>37.40744</lat>
    <lon>-77.97272</lon>
    <vVert>-1219</vVert>
    <vx>192</vx>
    <vy>357</vy>
    <vVertRaw>-832</vVertRaw>
    <vxRaw>874</vxRaw>
    <vyRaw>1624</vyRaw>
    <frozen>0</frozen>
    <new>0</new>
    <pseudo>0</pseudo>
    <adsb>1</adsb>
    <reportedBeaconCode>3323</reportedBeaconCode>
    <reportedAltitude>20100</reportedAltitude>
  </track>
  <flightPlan>
    <sfpn>315</sfpn>
    <ocr>normal handoff</ocr>
    <rnav>0</rnav>
    <scratchPad1>JYO</scratchPad1>
    <cps>2L</cps>
    <runway>JYO</runway>
    <assignedBeaconCode>3323</assignedBeaconCode>
    <requestedAltitude>0</requestedAltitude>
    <assignedAltitude>21000</assignedAltitude>
    <category>H</category>
    <dbi></dbi>
    <acid>POD3</acid>
    <acType>CL30</acType>
    <entryFix>TFF</entryFix>
    <exitFix>JYO</exitFix>
    <airport>JYO</airport>
    <flightRules>IFR</flightRules>
    <rawFlightRules></rawFlightRules>
    <type>A</type>
    <ptdTime>1505</ptdTime>
    <status>active</status>
    <delete>0</delete>
    <suspended>0</suspended>
    <lld>SW</lld>
    <ECID>809</ECID>
    <eqptSuffix>unavailable</eqptSuffix>
  </flightPlan>
  <enhancedData>
    <eramGufi>KR377584FS</eramGufi>
    <sfdpsGufi>us.fdps.2026-06-24T10:29:18Z.000/17/4FS</sfdpsGufi>
    <departureAirport>KSUA</departureAirport>
    <destinationAirport>KJYO</destinationAirport>
  </enhancedData>
</record>

=== 15:01:00.594 PCT OLV915 ===
<record>
  <recSeqNum>64306</recSeqNum>
  <recSrc>A</recSrc>
  <recType>210</recType>
  <recSTARSTimestamp>54060430</recSTARSTimestamp>
  <recSTARSSrcID>0</recSTARSSrcID>
  <recSTARSTimeSync>true</recSTARSTimeSync>
  <recSAFAReceiptTime>2026-06-24T15:01:00.449Z</recSAFAReceiptTime>
  <recSAFATimeSync>true</recSAFATimeSync>
  <track>
    <trackNum>490</trackNum>
    <mrtTime>2026-06-24T15:01:00.000Z</mrtTime>
    <status>active</status>
    <acAddress>acaad4</acAddress>
    <xPos>1004939</xPos>
    <yPos>312519</yPos>
    <lat>38.43981</lat>
    <lon>-77.56369</lon>
    <vVert>1632</vVert>
    <vx>-18</vx>
    <vy>-303</vy>
    <vVertRaw>1114</vVertRaw>
    <vxRaw>-84</vxRaw>
    <vyRaw>-1378</vyRaw>
    <frozen>0</frozen>
    <new>0</new>
    <pseudo>0</pseudo>
    <adsb>1</adsb>
    <reportedBeaconCode>4607</reportedBeaconCode>
    <reportedAltitude>13600</reportedAltitude>
  </track>
  <flightPlan>
    <sfpn>1446</sfpn>
    <ocr>pending</ocr>
    <rnav>0</rnav>
    <cps>C</cps>
    <runway>NNNN</runway>
    <assignedBeaconCode>4607</assignedBeaconCode>
    <requestedAltitude>24000</requestedAltitude>
    <assignedAltitude>0</assignedAltitude>
    <category>I</category>
    <dbi></dbi>
    <acid>OLV915</acid>
    <acType>C525</acType>
    <entryFix>IAD</entryFix>
    <exitFix>JDB</exitFix>
    <airport>IAD</airport>
    <flightRules>IFR</flightRules>
    <rawFlightRules></rawFlightRules>
    <type>P</type>
    <ptdTime>1430</ptdTime>
    <status>active</status>
    <delete>0</delete>
    <suspended>0</suspended>
    <lld>NE</lld>
    <ECID>701</ECID>
    <eqptSuffix>unavailable</eqptSuffix>
  </flightPlan>
  <enhancedData>
    <eramGufi>KW52254454</eramGufi>
    <sfdpsGufi>us.fdps.2026-06-24T14:30:00Z.727/22/454</sfdpsGufi>
    <departureAirport>KIAD</departureAirport>
    <destinationAirport>KRDU</destinationAirport>
  </enhancedData>
</record>

=== 15:01:00.950 PCT SWA1426 ===
<record>
  <recSeqNum>64321</recSeqNum>
  <recSrc>A</recSrc>
  <recType>210</recType>
  <recSTARSTimestamp>54060490</recSTARSTimestamp>
  <recSTARSSrcID>0</recSTARSSrcID>
  <recSTARSTimeSync>true</recSTARSTimeSync>
  <recSAFAReceiptTime>2026-06-24T15:01:00.531Z</recSAFAReceiptTime>
  <recSAFATimeSync>true</recSAFATimeSync>
  <track>
    <trackNum>1470</trackNum>
    <mrtTime>2026-06-24T15:00:59.222Z</mrtTime>
    <status>active</status>
    <acAddress>aab09a</acAddress>
    <xPos>1006175</xPos>
    <yPos>319985</yPos>
    <lat>38.92658</lat>
    <lon>-77.46289</lon>
    <vVert>2865</vVert>
    <vx>-335</vx>
    <vy>-137</vy>
    <vVertRaw>1956</vVertRaw>
    <vxRaw>-1525</vxRaw>
    <vyRaw>-625</vyRaw>
    <frozen>0</frozen>
    <new>0</new>
    <pseudo>0</pseudo>
    <adsb>1</adsb>
    <reportedBeaconCode>6220</reportedBeaconCode>
    <reportedAltitude>15500</reportedAltitude>
  </track>
  <flightPlan>
    <sfpn>1757</sfpn>
    <ocr>normal handoff</ocr>
    <rnav>0</rnav>
    <cps>C</cps>
    <runway>NNNN</runway>
    <assignedBeaconCode>6220</assignedBeaconCode>
    <requestedAltitude>36000</requestedAltitude>
    <assignedAltitude>0</assignedAltitude>
    <category>F</category>
    <dbi></dbi>
    <acid>SWA1426</acid>
    <acType>B737</acType>
    <entryFix>DCA</entryFix>
    <exitFix>OTO</exitFix>
    <airport>DCA</airport>
    <flightRules>IFR</flightRules>
    <rawFlightRules></rawFlightRules>
    <type>P</type>
    <ptdTime>1435</ptdTime>
    <status>active</status>
    <delete>0</delete>
    <suspended>0</suspended>
    <lld>NW</lld>
    <ECID>81N</ECID>
    <eqptSuffix>unavailable</eqptSuffix>
  </flightPlan>
  <enhancedData>
    <eramGufi>KW452544g8</eramGufi>
    <sfdpsGufi>us.fdps.2026-06-24T12:34:14Z.000/22/4g8</sfdpsGufi>
    <departureAirport>KDCA</departureAirport>
    <destinationAirport>KBNA</destinationAirport>
  </enhancedData>
</record>

=== 15:01:00.950 PCT SWA1426 ===
<record>
  <recSeqNum>64335</recSeqNum>
  <recSrc>A</recSrc>
  <recType>210</recType>
  <recSTARSTimestamp>54060740</recSTARSTimestamp>
  <recSTARSSrcID>0</recSTARSSrcID>
  <recSTARSTimeSync>true</recSTARSTimeSync>
  <recSAFAReceiptTime>2026-06-24T15:01:00.742Z</recSAFAReceiptTime>
  <recSAFATimeSync>true</recSAFATimeSync>
  <track>
    <trackNum>1470</trackNum>
    <mrtTime>2026-06-24T15:01:00.172Z</mrtTime>
    <status>active</status>
    <acAddress>aab09a</acAddress>
    <xPos>1006152</xPos>
    <yPos>319976</yPos>
    <lat>38.926</lat>
    <lon>-77.46481</lon>
    <vVert>2865</vVert>
    <vx>-335</vx>
    <vy>-137</vy>
    <vVertRaw>1956</vVertRaw>
    <vxRaw>-1525</vxRaw>
    <vyRaw>-625</vyRaw>
    <frozen>0</frozen>
    <new>0</new>
    <pseudo>0</pseudo>
    <adsb>1</adsb>
    <reportedBeaconCode>6220</reportedBeaconCode>
    <reportedAltitude>15600</reportedAltitude>
  </track>
  <flightPlan>
    <sfpn>1757</sfpn>
    <ocr>normal handoff</ocr>
    <rnav>0</rnav>
    <cps>C</cps>
    <runway>NNNN</runway>
    <assignedBeaconCode>6220</assignedBeaconCode>
    <requestedAltitude>36000</requestedAltitude>
    <assignedAltitude>0</assignedAltitude>
    <category>F</category>
    <dbi></dbi>
    <acid>SWA1426</acid>
    <acType>B737</acType>
    <entryFix>DCA</entryFix>
    <exitFix>OTO</exitFix>
    <airport>DCA</airport>
    <flightRules>IFR</flightRules>
    <rawFlightRules></rawFlightRules>
    <type>P</type>
    <ptdTime>1435</ptdTime>
    <status>active</status>
    <delete>0</delete>
    <suspended>0</suspended>
    <lld>NW</lld>
    <ECID>81N</ECID>
    <eqptSuffix>unavailable</eqptSuffix>
  </flightPlan>
  <enhancedData>
    <eramGufi>KW452544g8</eramGufi>
    <sfdpsGufi>us.fdps.2026-06-24T12:34:14Z.000/22/4g8</sfdpsGufi>
    <departureAirport>KDCA</departureAirport>
    <destinationAirport>KBNA</destinationAirport>
  </enhancedData>
</record>

=== 15:01:01.320 PCT UAL1549 ===
<record>
  <recSeqNum>64376</recSeqNum>
  <recSrc>A</recSrc>
  <recType>210</recType>
  <recSTARSTimestamp>54060890</recSTARSTimestamp>
  <recSTARSSrcID>0</recSTARSSrcID>
  <recSTARSTimeSync>true</recSTARSTimeSync>
  <recSAFAReceiptTime>2026-06-24T15:01:00.902Z</recSAFAReceiptTime>
  <recSAFATimeSync>true</recSAFATimeSync>
  <track>
    <trackNum>218</trackNum>
    <mrtTime>2026-06-24T15:01:00.476Z</mrtTime>
    <status>active</status>
    <acAddress>a92478</acAddress>
    <xPos>1001830</xPos>
    <yPos>300722</yPos>
    <lat>37.66992</lat>
    <lon>-77.81506</lon>
    <vVert>-2452</vVert>
    <vx>164</vx>
    <vy>356</vy>
    <vVertRaw>-1674</vVertRaw>
    <vxRaw>747</vxRaw>
    <vyRaw>1619</vyRaw>
    <frozen>0</frozen>
    <new>0</new>
    <pseudo>0</pseudo>
    <adsb>1</adsb>
    <reportedBeaconCode>7465</reportedBeaconCode>
    <reportedAltitude>21000</reportedAltitude>
  </track>
  <flightPlan>
    <sfpn>167</sfpn>
    <ocr>no change</ocr>
    <rnav>0</rnav>
    <scratchPad2>CAV</scratchPad2>
    <cps>C</cps>
    <assignedBeaconCode>7465</assignedBeaconCode>
    <requestedAltitude>0</requestedAltitude>
    <assignedAltitude>24000</assignedAltitude>
    <category>F</category>
    <dbi></dbi>
    <acid>UAL1549</acid>
    <acType>B739</acType>
    <entryFix>CFB</entryFix>
    <exitFix>IAD</exitFix>
    <airport>IAD</airport>
    <flightRules>IFR</flightRules>
    <rawFlightRules></rawFlightRules>
    <type>A</type>
    <ptdTime>1507</ptdTime>
    <status>active</status>
    <delete>0</delete>
    <suspended>0</suspended>
    <lld>NE</lld>
    <ECID>761</ECID>
    <eqptSuffix>unavailable</eqptSuffix>
  </flightPlan>
  <enhancedData>
    <eramGufi>KH415184hR</eramGufi>
    <sfdpsGufi>us.fdps.2026-06-24T11:31:58Z.000/07/4hR</sfdpsGufi>
    <departureAirport>KIAH</departureAirport>
    <destinationAirport>KIAD</destinationAirport>
  </enhancedData>
</record>

=== 15:01:02.344 PCT POD3 ===
<record>
  <recSeqNum>64508</recSeqNum>
  <recSrc>A</recSrc>
  <recType>210</recType>
  <recSTARSTimestamp>54061940</recSTARSTimestamp>
  <recSTARSSrcID>0</recSTARSSrcID>
  <recSTARSTimeSync>true</recSTARSTimeSync>
  <recSAFAReceiptTime>2026-06-24T15:01:01.988Z</recSAFAReceiptTime>
  <recSAFATimeSync>true</recSAFATimeSync>
  <track>
    <trackNum>519</trackNum>
    <mrtTime>2026-06-24T15:01:01.274Z</mrtTime>
    <status>active</status>
    <acAddress>a25bc4</acAddress>
    <xPos>999900</xPos>
    <yPos>296755</yPos>
    <lat>37.41044</lat>
    <lon>-77.97072</lon>
    <vVert>-1219</vVert>
    <vx>192</vx>
    <vy>357</vy>
    <vVertRaw>-832</vVertRaw>
    <vxRaw>872</vxRaw>
    <vyRaw>1624</vyRaw>
    <frozen>0</frozen>
    <new>0</new>
    <pseudo>0</pseudo>
    <adsb>1</adsb>
    <reportedBeaconCode>3323</reportedBeaconCode>
    <reportedAltitude>20000</reportedAltitude>
  </track>
  <flightPlan>
    <sfpn>315</sfpn>
    <ocr>pending</ocr>
    <rnav>0</rnav>
    <scratchPad1>JYO</scratchPad1>
    <cps>3B</cps>
    <runway>JYO</runway>
    <assignedBeaconCode>3323</assignedBeaconCode>
    <requestedAltitude>0</requestedAltitude>
    <assignedAltitude>21000</assignedAltitude>
    <category>H</category>
    <dbi></dbi>
    <acid>POD3</acid>
    <acType>CL30</acType>
    <entryFix>TFF</entryFix>
    <exitFix>JYO</exitFix>
    <airport>JYO</airport>
    <flightRules>IFR</flightRules>
    <rawFlightRules></rawFlightRules>
    <type>A</type>
    <ptdTime>1505</ptdTime>
    <status>active</status>
    <delete>0</delete>
    <suspended>0</suspended>
    <lld>SW</lld>
    <ECID>809</ECID>
    <eqptSuffix>unavailable</eqptSuffix>
  </flightPlan>
  <enhancedData>
    <eramGufi>KR377584FS</eramGufi>
    <sfdpsGufi>us.fdps.2026-06-24T10:29:18Z.000/17/4FS</sfdpsGufi>
    <departureAirport>KSUA</departureAirport>
    <destinationAirport>KJYO</destinationAirport>
  </enhancedData>
</record>

=== 15:01:02.698 PCT ENY3462 ===
<record>
  <recSeqNum>64555</recSeqNum>
  <recSrc>A</recSrc>
  <recType>210</recType>
  <recSTARSTimestamp>54062230</recSTARSTimestamp>
  <recSTARSSrcID>0</recSTARSSrcID>
  <recSTARSTimeSync>true</recSTARSTimeSync>
  <recSAFAReceiptTime>2026-06-24T15:01:02.279Z</recSAFAReceiptTime>
  <recSAFATimeSync>true</recSAFATimeSync>
  <track>
    <trackNum>147</trackNum>
    <mrtTime>2026-06-24T15:01:01.921Z</mrtTime>
    <status>active</status>
    <acAddress>a234ef</acAddress>
    <xPos>1010364</xPos>
    <yPos>319933</yPos>
    <lat>38.92339</lat>
    <lon>-77.11344</lon>
    <vVert>3018</vVert>
    <vx>-126</vx>
    <vy>175</vy>
    <vVertRaw>2060</vVertRaw>
    <vxRaw>-575</vxRaw>
    <vyRaw>796</vyRaw>
    <frozen>0</frozen>
    <new>0</new>
    <pseudo>0</pseudo>
    <adsb>1</adsb>
    <reportedBeaconCode>6504</reportedBeaconCode>
    <reportedAltitude>3200</reportedAltitude>
  </track>
  <flightPlan>
    <sfpn>1591</sfpn>
    <ocr>pending</ocr>
    <rnav>0</rnav>
    <cps>C</cps>
    <runway>NNNN</runway>
    <assignedBeaconCode>6504</assignedBeaconCode>
    <requestedAltitude>34000</requestedAltitude>
    <assignedAltitude>0</assignedAltitude>
    <category>G</category>
    <dbi></dbi>
    <acid>ENY3462</acid>
    <acType>E170</acType>
    <entryFix>DCA</entryFix>
    <exitFix>RAM</exitFix>
    <airport>DCA</airport>
    <flightRules>IFR</flightRules>
    <rawFlightRules></rawFlightRules>
    <type>P</type>
    <ptdTime>1450</ptdTime>
    <status>active</status>
    <delete>0</delete>
    <suspended>0</suspended>
    <lld>NW</lld>
    <ECID>959</ECID>
    <eqptSuffix>unavailable</eqptSuffix>
  </flightPlan>
  <enhancedData>
    <eramGufi>KW489174kj</eramGufi>
    <sfdpsGufi>us.fdps.2026-06-24T13:35:17Z.000/22/4kj</sfdpsGufi>
    <departureAirport>KDCA</departureAirport>
    <destinationAirport>KCID</destinationAirport>
  </enhancedData>
</record>

=== 15:01:02.698 PCT TCN764 ===
<record>
  <recSeqNum>64574</recSeqNum>
  <recSrc>A</recSrc>
  <recType>210</recType>
  <recSTARSTimestamp>54062330</recSTARSTimestamp>
  <recSTARSSrcID>0</recSTARSSrcID>
  <recSTARSTimeSync>true</recSTARSTimeSync>
  <recSAFAReceiptTime>2026-06-24T15:01:02.381Z</recSAFAReceiptTime>
  <recSAFATimeSync>true</recSAFATimeSync>
  <track>
    <trackNum>2645</trackNum>
    <mrtTime>2026-06-24T15:01:01.337Z</mrtTime>
    <status>active</status>
    <acAddress>000000</acAddress>
    <xPos>995459</xPos>
    <yPos>300517</yPos>
    <lat>37.65275</lat>
    <lon>-78.33722</lon>
    <vVert>1135</vVert>
    <vx>-260</vx>
    <vy>-299</vy>
    <vVertRaw>775</vVertRaw>
    <vxRaw>-1183</vxRaw>
    <vyRaw>-1360</vyRaw>
    <frozen>0</frozen>
    <new>0</new>
    <pseudo>0</pseudo>
    <adsb>0</adsb>
    <reportedBeaconCode>0532</reportedBeaconCode>
    <reportedAltitude>30100</reportedAltitude>
  </track>
  <flightPlan>
    <sfpn>779</sfpn>
    <ocr>normal handoff</ocr>
    <rnav>0</rnav>
    <cps>C</cps>
    <runway>NNNN</runway>
    <assignedBeaconCode>0532</assignedBeaconCode>
    <requestedAltitude>41000</requestedAltitude>
    <assignedAltitude>3000</assignedAltitude>
    <category>H</category>
    <dbi></dbi>
    <acid>TCN764</acid>
    <acType>C750</acType>
    <entryFix>HEF</entryFix>
    <exitFix>JDB</exitFix>
    <airport>HEF</airport>
    <flightRules>IFR</flightRules>
    <rawFlightRules></rawFlightRules>
    <type>P</type>
    <ptdTime>1330</ptdTime>
    <status>active</status>
    <delete>0</delete>
    <suspended>0</suspended>
    <lld>W</lld>
    <ECID>906</ECID>
    <eqptSuffix>unavailable</eqptSuffix>
  </flightPlan>
  <enhancedData>
    <eramGufi>KW48678478</eramGufi>
    <sfdpsGufi>us.fdps.2026-06-24T13:30:00Z.159/22/478</sfdpsGufi>
    <departureAirport>KHEF</departureAirport>
    <destinationAirport>MBPV</destinationAirport>
  </enhancedData>
</record>

=== 15:01:02.699 PCT SWA149 ===
<record>
  <recSeqNum>64593</recSeqNum>
  <recSrc>A</recSrc>
  <recType>210</recType>
  <recSTARSTimestamp>54062530</recSTARSTimestamp>
  <recSTARSSrcID>0</recSTARSSrcID>
  <recSTARSTimeSync>true</recSTARSTimeSync>
  <recSAFAReceiptTime>2026-06-24T15:01:02.531Z</recSAFAReceiptTime>
  <recSAFATimeSync>true</recSAFATimeSync>
  <track>
    <trackNum>1597</trackNum>
    <mrtTime>2026-06-24T15:01:01.982Z</mrtTime>
    <status>active</status>
    <acAddress>ad1a4e</acAddress>
    <xPos>1005119</xPos>
    <yPos>315340</yPos>
    <lat>38.62369</lat>
    <lon>-77.54961</lon>
    <vVert>2336</vVert>
    <vx>-216</vx>
    <vy>-364</vy>
    <vVertRaw>1595</vVertRaw>
    <vxRaw>-983</vxRaw>
    <vyRaw>-1658</vyRaw>
    <frozen>0</frozen>
    <new>0</new>
    <pseudo>0</pseudo>
    <adsb>1</adsb>
    <reportedBeaconCode>2122</reportedBeaconCode>
    <reportedAltitude>19200</reportedAltitude>
  </track>
  <flightPlan>
    <sfpn>677</sfpn>
    <ocr>pending</ocr>
    <rnav>0</rnav>
    <cps>C</cps>
    <runway>NNNN</runway>
    <assignedBeaconCode>2122</assignedBeaconCode>
    <requestedAltitude>38000</requestedAltitude>
    <assignedAltitude>0</assignedAltitude>
    <category>F</category>
    <dbi></dbi>
    <acid>SWA149</acid>
    <acType>B737</acType>
    <entryFix>DCA</entryFix>
    <exitFix>SCR</exitFix>
    <airport>DCA</airport>
    <flightRules>IFR</flightRules>
    <rawFlightRules></rawFlightRules>
    <type>P</type>
    <ptdTime>1440</ptdTime>
    <status>active</status>
    <delete>0</delete>
    <suspended>0</suspended>
    <lld>NE</lld>
    <ECID>305</ECID>
    <eqptSuffix>unavailable</eqptSuffix>
  </flightPlan>
  <enhancedData>
    <eramGufi>KW437804dt</eramGufi>
    <sfdpsGufi>us.fdps.2026-06-24T12:09:40Z.000/22/4dt</sfdpsGufi>
    <departureAirport>KDCA</departureAirport>
    <destinationAirport>KDAL</destinationAirport>
  </enhancedData>
</record>

=== 15:01:02.920 RDU N247SR ===
<record>
  <recSeqNum>21043</recSeqNum>
  <recSrc>A</recSrc>
  <recType>210</recType>
  <recSTARSTimestamp>54062500</recSTARSTimestamp>
  <recSTARSSrcID>0</recSTARSSrcID>
  <recSTARSTimeSync>true</recSTARSTimeSync>
  <recSAFAReceiptTime>2026-06-24T15:01:02.542Z</recSAFAReceiptTime>
  <recSAFATimeSync>true</recSAFATimeSync>
  <track>
    <trackNum>2164</trackNum>
    <mrtTime>2026-06-24T15:01:02.188Z</mrtTime>
    <status>active</status>
    <acAddress>a24ba0</acAddress>
    <xPos>976243</xPos>
    <yPos>305911</yPos>
    <lat>36.46917</lat>
    <lon>-78.44336</lon>
    <vVert>0</vVert>
    <vx>-72</vx>
    <vy>-157</vy>
    <vVertRaw>0</vVertRaw>
    <vxRaw>-328</vxRaw>
    <vyRaw>-714</vyRaw>
    <frozen>0</frozen>
    <new>0</new>
    <pseudo>0</pseudo>
    <adsb>1</adsb>
    <reportedBeaconCode>2415</reportedBeaconCode>
    <reportedAltitude>10000</reportedAltitude>
  </track>
  <flightPlan>
    <sfpn>561</sfpn>
    <ocr>normal handoff</ocr>
    <rnav>0</rnav>
    <scratchPad1>FLO</scratchPad1>
    <cps>1N</cps>
    <runway>NNNN</runway>
    <assignedBeaconCode>2415</assignedBeaconCode>
    <requestedAltitude>0</requestedAltitude>
    <assignedAltitude>10000</assignedAltitude>
    <category>I</category>
    <dbi></dbi>
    <acid>N247SR</acid>
    <acType>SR22</acType>
    <entryFix>LVL</entryFix>
    <exitFix>FAY</exitFix>
    <flightRules>E</flightRules>
    <rawFlightRules>E</rawFlightRules>
    <type>E</type>
    <status>active</status>
    <delete>0</delete>
    <suspended>0</suspended>
    <lld>NE</lld>
    <ECID>52V</ECID>
    <eqptSuffix>unavailable</eqptSuffix>
  </flightPlan>
  <enhancedData>
    <eramGufi>KW454334MC</eramGufi>
    <sfdpsGufi>us.fdps.2026-06-24T12:37:13Z.000/22/4MC</sfdpsGufi>
    <departureAirport>KHEF</departureAirport>
    <destinationAirport>KFIN</destinationAirport>
  </enhancedData>
</record>

=== 15:01:03.051 PCT SWA733 ===
<record>
  <recSeqNum>64611</recSeqNum>
  <recSrc>A</recSrc>
  <recType>210</recType>
  <recSTARSTimestamp>54062680</recSTARSTimestamp>
  <recSTARSSrcID>0</recSTARSSrcID>
  <recSTARSTimeSync>true</recSTARSTimeSync>
  <recSAFAReceiptTime>2026-06-24T15:01:02.682Z</recSAFAReceiptTime>
  <recSAFATimeSync>true</recSAFATimeSync>
  <track>
    <trackNum>1790</trackNum>
    <mrtTime>2026-06-24T15:01:02.356Z</mrtTime>
    <status>active</status>
    <acAddress>a2bb10</acAddress>
    <xPos>1010900</xPos>
    <yPos>324506</yPos>
    <lat>39.22133</lat>
    <lon>-77.06808</lon>
    <vVert>1020</vVert>
    <vx>-314</vx>
    <vy>5</vy>
    <vVertRaw>696</vVertRaw>
    <vxRaw>-1427</vxRaw>
    <vyRaw>25</vyRaw>
    <frozen>0</frozen>
    <new>0</new>
    <pseudo>0</pseudo>
    <adsb>1</adsb>
    <reportedBeaconCode>2420</reportedBeaconCode>
    <reportedAltitude>12100</reportedAltitude>
  </track>
  <flightPlan>
    <sfpn>249</sfpn>
    <ocr>pending</ocr>
    <rnav>0</rnav>
    <cps>C</cps>
    <runway>NNNN</runway>
    <assignedBeaconCode>2420</assignedBeaconCode>
    <requestedAltitude>36000</requestedAltitude>
    <assignedAltitude>0</assignedAltitude>
    <category>F</category>
    <dbi></dbi>
    <acid>SWA733</acid>
    <acType>B737</acType>
    <entryFix>BWI</entryFix>
    <exitFix>FXO</exitFix>
    <airport>BWI</airport>
    <flightRules>IFR</flightRules>
    <rawFlightRules></rawFlightRules>
    <type>P</type>
    <ptdTime>1425</ptdTime>
    <status>active</status>
    <delete>0</delete>
    <suspended>0</suspended>
    <lld>NE</lld>
    <ECID>39Y</ECID>
    <eqptSuffix>unavailable</eqptSuffix>
  </flightPlan>
  <enhancedData>
    <eramGufi>KW461134Iw</eramGufi>
    <sfdpsGufi>us.fdps.2026-06-24T12:48:33Z.000/22/4Iw</sfdpsGufi>
    <departureAirport>KBWI</departureAirport>
    <destinationAirport>KSTL</destinationAirport>
  </enhancedData>
</record>

=== 15:01:03.051 PCT SWA1576 ===
<record>
  <recSeqNum>64642</recSeqNum>
  <recSrc>A</recSrc>
  <recType>210</recType>
  <recSTARSTimestamp>54062840</recSTARSTimestamp>
  <recSTARSSrcID>0</recSTARSSrcID>
  <recSTARSTimeSync>true</recSTARSTimeSync>
  <recSAFAReceiptTime>2026-06-24T15:01:02.882Z</recSAFAReceiptTime>
  <recSAFATimeSync>true</recSAFATimeSync>
  <track>
    <trackNum>610</trackNum>
    <mrtTime>2026-06-24T15:01:01.822Z</mrtTime>
    <status>active</status>
    <acAddress>000000</acAddress>
    <xPos>989578</xPos>
    <yPos>300522</yPos>
    <lat>37.64753</lat>
    <lon>-78.81925</lon>
    <vVert>703</vVert>
    <vx>-288</vx>
    <vy>-306</vy>
    <vVertRaw>480</vVertRaw>
    <vxRaw>-1309</vxRaw>
    <vyRaw>-1393</vyRaw>
    <frozen>0</frozen>
    <new>0</new>
    <pseudo>0</pseudo>
    <adsb>0</adsb>
    <reportedBeaconCode>3575</reportedBeaconCode>
    <reportedAltitude>36000</reportedAltitude>
  </track>
  <flightPlan>
    <sfpn>304</sfpn>
    <ocr>normal handoff</ocr>
    <rnav>0</rnav>
    <cps>C</cps>
    <runway>NNNN</runway>
    <assignedBeaconCode>3575</assignedBeaconCode>
    <requestedAltitude>38000</requestedAltitude>
    <assignedAltitude>0</assignedAltitude>
    <category>F</category>
    <dbi></dbi>
    <acid>SWA1576</acid>
    <acType>B738</acType>
    <entryFix>BWI</entryFix>
    <exitFix>TSC</exitFix>
    <airport>BWI</airport>
    <flightRules>IFR</flightRules>
    <rawFlightRules></rawFlightRules>
    <type>P</type>
    <ptdTime>1415</ptdTime>
    <status>active</status>
    <delete>0</delete>
    <suspended>0</suspended>
    <lld>NE</lld>
    <ECID>878</ECID>
    <eqptSuffix>unavailable</eqptSuffix>
  </flightPlan>
  <enhancedData>
    <eramGufi>KW42182463</eramGufi>
    <sfdpsGufi>us.fdps.2026-06-24T11:43:02Z.000/22/463</sfdpsGufi>
    <departureAirport>KBWI</departureAirport>
    <destinationAirport>KAUS</destinationAirport>
  </enhancedData>
</record>

=== 15:01:03.410 PCT HRD31 ===
<record>
  <recSeqNum>64651</recSeqNum>
  <recSrc>A</recSrc>
  <recType>210</recType>
  <recSTARSTimestamp>54062980</recSTARSTimestamp>
  <recSTARSSrcID>0</recSTARSSrcID>
  <recSTARSTimeSync>true</recSTARSTimeSync>
  <recSAFAReceiptTime>2026-06-24T15:01:02.983Z</recSAFAReceiptTime>
  <recSAFATimeSync>true</recSAFATimeSync>
  <track>
    <trackNum>3389</trackNum>
    <mrtTime>2026-06-24T15:01:02.568Z</mrtTime>
    <status>active</status>
    <acAddress>ab5d37</acAddress>
    <xPos>993727</xPos>
    <yPos>318877</yPos>
    <lat>38.84772</lat>
    <lon>-78.49992</lon>
    <vVert>0</vVert>
    <vx>-132</vx>
    <vy>-15</vy>
    <vVertRaw>0</vVertRaw>
    <vxRaw>-600</vxRaw>
    <vyRaw>-67</vyRaw>
    <frozen>0</frozen>
    <new>0</new>
    <pseudo>0</pseudo>
    <adsb>1</adsb>
    <reportedBeaconCode>7071</reportedBeaconCode>
    <reportedAltitude>8000</reportedAltitude>
  </track>
  <flightPlan>
    <sfpn>415</sfpn>
    <ocr>normal handoff</ocr>
    <rnav>0</rnav>
    <scratchPad1>HTS</scratchPad1>
    <scratchPad2>DIR</scratchPad2>
    <cps>C</cps>
    <runway>NNNN</runway>
    <assignedBeaconCode>7071</assignedBeaconCode>
    <requestedAltitude>8000</requestedAltitude>
    <assignedAltitude>0</assignedAltitude>
    <category>I</category>
    <dbi></dbi>
    <acid>HRD31</acid>
    <acType>SR20</acType>
    <entryFix>IAD</entryFix>
    <exitFix>P27</exitFix>
    <airport>IAD</airport>
    <flightRules>IFR</flightRules>
    <rawFlightRules></rawFlightRules>
    <type>P</type>
    <ptdTime>1448</ptdTime>
    <status>active</status>
    <delete>0</delete>
    <suspended>0</suspended>
    <lld>SW</lld>
    <ECID>747</ECID>
    <eqptSuffix>unavailable</eqptSuffix>
  </flightPlan>
  <enhancedData>
    <eramGufi>KW5151842M</eramGufi>
    <sfdpsGufi>us.fdps.2026-06-24T13:18:13Z.000/22/4Et</sfdpsGufi>
    <departureAirport>KIAD</departureAirport>
    <destinationAirport>KHTS</destinationAirport>
  </enhancedData>
</record>

=== 15:01:03.410 PCT EJA110 ===
<record>
  <recSeqNum>64680</recSeqNum>
  <recSrc>A</recSrc>
  <recType>210</recType>
  <recSTARSTimestamp>54063130</recSTARSTimestamp>
  <recSTARSSrcID>0</recSTARSSrcID>
  <recSTARSTimeSync>true</recSTARSTimeSync>
  <recSAFAReceiptTime>2026-06-24T15:01:03.134Z</recSAFAReceiptTime>
  <recSAFATimeSync>true</recSAFATimeSync>
  <track>
    <trackNum>1914</trackNum>
    <mrtTime>2026-06-24T15:01:02.097Z</mrtTime>
    <status>active</status>
    <acAddress>000000</acAddress>
    <xPos>983340</xPos>
    <yPos>300081</yPos>
    <lat>37.61072</lat>
    <lon>-79.32958</lon>
    <vVert>-76</vVert>
    <vx>-356</vx>
    <vy>-252</vy>
    <vVertRaw>-52</vVertRaw>
    <vxRaw>-1622</vxRaw>
    <vyRaw>-1149</vyRaw>
    <frozen>0</frozen>
    <new>0</new>
    <pseudo>0</pseudo>
    <adsb>0</adsb>
    <reportedBeaconCode>7075</reportedBeaconCode>
    <reportedAltitude>43000</reportedAltitude>
  </track>
  <flightPlan>
    <sfpn>261</sfpn>
    <ocr>normal handoff</ocr>
    <rnav>0</rnav>
    <cps>C</cps>
    <runway>NNNN</runway>
    <assignedBeaconCode>7075</assignedBeaconCode>
    <requestedAltitude>43000</requestedAltitude>
    <assignedAltitude>0</assignedAltitude>
    <category>F</category>
    <dbi></dbi>
    <acid>EJA110</acid>
    <acType>GL5T</acType>
    <entryFix>IAD</entryFix>
    <exitFix>CLH</exitFix>
    <airport>IAD</airport>
    <flightRules>IFR</flightRules>
    <rawFlightRules></rawFlightRules>
    <type>P</type>
    <ptdTime>1354</ptdTime>
    <status>active</status>
    <delete>0</delete>
    <suspended>0</suspended>
    <lld>NE</lld>
    <ECID>478</ECID>
    <eqptSuffix>unavailable</eqptSuffix>
  </flightPlan>
  <enhancedData>
    <eramGufi>KW385444Rz</eramGufi>
    <sfdpsGufi>us.fdps.2026-06-24T10:42:24Z.000/22/4Rz</sfdpsGufi>
    <departureAirport>KIAD</departureAirport>
    <destinationAirport>KPDK</destinationAirport>
  </enhancedData>
</record>

=== 15:01:03.800 PCT N300KC ===
<record>
  <recSeqNum>64715</recSeqNum>
  <recSrc>A</recSrc>
  <recType>210</recType>
  <recSTARSTimestamp>54063430</recSTARSTimestamp>
  <recSTARSSrcID>0</recSTARSSrcID>
  <recSTARSTimeSync>true</recSTARSTimeSync>
  <recSAFAReceiptTime>2026-06-24T15:01:03.435Z</recSAFAReceiptTime>
  <recSAFATimeSync>true</recSAFATimeSync>
  <track>
    <trackNum>3391</trackNum>
    <mrtTime>2026-06-24T15:01:02.298Z</mrtTime>
    <status>active</status>
    <acAddress>000000</acAddress>
    <xPos>991693</xPos>
    <yPos>318922</yPos>
    <lat>38.84869</lat>
    <lon>-78.66944</lon>
    <vVert>1510</vVert>
    <vx>-370</vx>
    <vy>-1</vy>
    <vVertRaw>1031</vVertRaw>
    <vxRaw>-1682</vxRaw>
    <vyRaw>-3</vyRaw>
    <frozen>0</frozen>
    <new>0</new>
    <pseudo>0</pseudo>
    <adsb>0</adsb>
    <reportedBeaconCode>5603</reportedBeaconCode>
    <reportedAltitude>27500</reportedAltitude>
  </track>
  <flightPlan>
    <sfpn>808</sfpn>
    <ocr>normal handoff</ocr>
    <rnav>0</rnav>
    <cps>C</cps>
    <runway>NNNN</runway>
    <assignedBeaconCode>5603</assignedBeaconCode>
    <requestedAltitude>34000</requestedAltitude>
    <assignedAltitude>0</assignedAltitude>
    <category>H</category>
    <dbi></dbi>
    <acid>N300KC</acid>
    <acType>CL30</acType>
    <entryFix>IAD</entryFix>
    <exitFix>OTO</exitFix>
    <airport>IAD</airport>
    <flightRules>IFR</flightRules>
    <rawFlightRules></rawFlightRules>
    <type>P</type>
    <ptdTime>1405</ptdTime>
    <status>active</status>
    <delete>0</delete>
    <suspended>0</suspended>
    <lld>NW</lld>
    <ECID>754</ECID>
    <eqptSuffix>unavailable</eqptSuffix>
  </flightPlan>
  <enhancedData>
    <eramGufi>KW50746446</eramGufi>
    <sfdpsGufi>us.fdps.2026-06-24T14:05:00Z.556/22/446</sfdpsGufi>
    <departureAirport>KIAD</departureAirport>
    <destinationAirport>KLUK</destinationAirport>
  </enhancedData>
</record>

=== 15:01:03.800 PCT SWA1171 ===
<record>
  <recSeqNum>64717</recSeqNum>
  <recSrc>A</recSrc>
  <recType>210</recType>
  <recSTARSTimestamp>54063430</recSTARSTimestamp>
  <recSTARSSrcID>0</recSTARSSrcID>
  <recSTARSTimeSync>true</recSTARSTimeSync>
  <recSAFAReceiptTime>2026-06-24T15:01:03.435Z</recSAFAReceiptTime>
  <recSAFATimeSync>true</recSAFATimeSync>
  <track>
    <trackNum>3413</trackNum>
    <mrtTime>2026-06-24T15:00:58.718Z</mrtTime>
    <status>active</status>
    <acAddress>000000</acAddress>
    <xPos>1014016</xPos>
    <yPos>291949</yPos>
    <lat>37.09889</lat>
    <lon>-76.81892</lon>
    <vVert>1071</vVert>
    <vx>-125</vx>
    <vy>-418</vy>
    <vVertRaw>731</vVertRaw>
    <vxRaw>-568</vxRaw>
    <vyRaw>-1903</vyRaw>
    <frozen>0</frozen>
    <new>0</new>
    <pseudo>0</pseudo>
    <adsb>0</adsb>
    <reportedBeaconCode>5675</reportedBeaconCode>
    <reportedAltitude>36300</reportedAltitude>
  </track>
  <flightPlan>
    <sfpn>1312</sfpn>
    <ocr>normal handoff</ocr>
    <rnav>0</rnav>
    <cps>C</cps>
    <runway>NNNN</runway>
    <assignedBeaconCode>5675</assignedBeaconCode>
    <requestedAltitude>38000</requestedAltitude>
    <assignedAltitude>0</assignedAltitude>
    <category>F</category>
    <dbi></dbi>
    <acid>SWA1171</acid>
    <acType>B737</acType>
    <entryFix>BWI</entryFix>
    <exitFix>AME</exitFix>
    <airport>BWI</airport>
    <flightRules>IFR</flightRules>
    <rawFlightRules></rawFlightRules>
    <type>P</type>
    <ptdTime>1425</ptdTime>
    <status>active</status>
    <delete>0</delete>
    <suspended>0</suspended>
    <lld>NW</lld>
    <ECID>262</ECID>
    <eqptSuffix>unavailable</eqptSuffix>
  </flightPlan>
  <enhancedData>
    <eramGufi>KW458764GF</eramGufi>
    <sfdpsGufi>us.fdps.2026-06-24T12:44:36Z.000/22/4GF</sfdpsGufi>
    <departureAirport>KBWI</departureAirport>
    <destinationAirport>KMCO</destinationAirport>
  </enhancedData>
</record>

=== 15:01:03.800 PCT ENY3446 ===
<record>
  <recSeqNum>64721</recSeqNum>
  <recSrc>A</recSrc>
  <recType>210</recType>
  <recSTARSTimestamp>54063430</recSTARSTimestamp>
  <recSTARSSrcID>0</recSTARSSrcID>
  <recSTARSTimeSync>true</recSTARSTimeSync>
  <recSAFAReceiptTime>2026-06-24T15:01:03.435Z</recSAFAReceiptTime>
  <recSAFATimeSync>true</recSAFATimeSync>
  <track>
    <trackNum>1522</trackNum>
    <mrtTime>2026-06-24T15:01:02.429Z</mrtTime>
    <status>active</status>
    <acAddress>000000</acAddress>
    <xPos>991360</xPos>
    <yPos>321116</yPos>
    <lat>38.99128</lat>
    <lon>-78.70011</lon>
    <vVert>1003</vVert>
    <vx>-358</vx>
    <vy>37</vy>
    <vVertRaw>685</vVertRaw>
    <vxRaw>-1628</vxRaw>
    <vyRaw>169</vyRaw>
    <frozen>0</frozen>
    <new>0</new>
    <pseudo>0</pseudo>
    <adsb>0</adsb>
    <reportedBeaconCode>5652</reportedBeaconCode>
    <reportedAltitude>33700</reportedAltitude>
  </track>
  <flightPlan>
    <sfpn>1026</sfpn>
    <ocr>normal handoff</ocr>
    <rnav>0</rnav>
    <cps>C</cps>
    <runway>NNNN</runway>
    <assignedBeaconCode>5652</assignedBeaconCode>
    <requestedAltitude>34000</requestedAltitude>
    <assignedAltitude>0</assignedAltitude>
    <category>G</category>
    <dbi></dbi>
    <acid>ENY3446</acid>
    <acType>E170</acType>
    <entryFix>BWI</entryFix>
    <exitFix>FXR</exitFix>
    <airport>BWI</airport>
    <flightRules>IFR</flightRules>
    <rawFlightRules></rawFlightRules>
    <type>P</type>
    <ptdTime>1434</ptdTime>
    <status>active</status>
    <delete>0</delete>
    <suspended>0</suspended>
    <lld>NE</lld>
    <ECID>307</ECID>
    <eqptSuffix>unavailable</eqptSuffix>
  </flightPlan>
  <enhancedData>
    <eramGufi>KW479484Kf</eramGufi>
    <sfdpsGufi>us.fdps.2026-06-24T13:19:08Z.000/22/4Kf</sfdpsGufi>
    <departureAirport>KBWI</departureAirport>
    <destinationAirport>KORD</destinationAirport>
  </enhancedData>
</record>

=== 15:01:03.800 PCT LXJ447 ===
<record>
  <recSeqNum>64737</recSeqNum>
  <recSrc>A</recSrc>
  <recType>210</recType>
  <recSTARSTimestamp>54063440</recSTARSTimestamp>
  <recSTARSSrcID>0</recSTARSSrcID>
  <recSTARSTimeSync>true</recSTARSTimeSync>
  <recSAFAReceiptTime>2026-06-24T15:01:03.485Z</recSAFAReceiptTime>
  <recSAFATimeSync>true</recSAFATimeSync>
  <track>
    <trackNum>267</trackNum>
    <mrtTime>2026-06-24T15:01:03.063Z</mrtTime>
    <status>active</status>
    <acAddress>a56531</acAddress>
    <xPos>1016704</xPos>
    <yPos>324726</yPos>
    <lat>39.23403</lat>
    <lon>-76.58178</lon>
    <vVert>2528</vVert>
    <vx>359</vx>
    <vy>-105</vy>
    <vVertRaw>1726</vVertRaw>
    <vxRaw>1635</vxRaw>
    <vyRaw>-478</vyRaw>
    <frozen>0</frozen>
    <new>0</new>
    <pseudo>0</pseudo>
    <adsb>1</adsb>
    <reportedBeaconCode>3711</reportedBeaconCode>
    <reportedAltitude>20900</reportedAltitude>
  </track>
  <flightPlan>
    <sfpn>1626</sfpn>
    <ocr>normal handoff</ocr>
    <rnav>0</rnav>
    <cps>C</cps>
    <runway>NNNN</runway>
    <assignedBeaconCode>3711</assignedBeaconCode>
    <requestedAltitude>23000</requestedAltitude>
    <assignedAltitude>0</assignedAltitude>
    <category>H</category>
    <dbi></dbi>
    <acid>LXJ447</acid>
    <acType>E545</acType>
    <entryFix>IAD</entryFix>
    <exitFix>BRO</exitFix>
    <airport>IAD</airport>
    <flightRules>IFR</flightRules>
    <rawFlightRules></rawFlightRules>
    <type>P</type>
    <ptdTime>1430</ptdTime>
    <status>active</status>
    <delete>0</delete>
    <suspended>0</suspended>
    <lld>NW</lld>
    <ECID>752</ECID>
    <eqptSuffix>unavailable</eqptSuffix>
  </flightPlan>
  <enhancedData>
    <eramGufi>KW52210410</eramGufi>
    <sfdpsGufi>us.fdps.2026-06-24T14:30:00Z.116/22/410</sfdpsGufi>
    <departureAirport>KIAD</departureAirport>
    <destinationAirport>KHPN</destinationAirport>
  </enhancedData>
</record>

=== 15:01:05.133 PCT SWA1426 ===
<record>
  <recSeqNum>64905</recSeqNum>
  <recSrc>A</recSrc>
  <recType>210</recType>
  <recSTARSTimestamp>54064930</recSTARSTimestamp>
  <recSTARSSrcID>0</recSTARSSrcID>
  <recSTARSTimeSync>true</recSTARSTimeSync>
  <recSAFAReceiptTime>2026-06-24T15:01:04.934Z</recSAFAReceiptTime>
  <recSAFATimeSync>true</recSAFATimeSync>
  <track>
    <trackNum>1470</trackNum>
    <mrtTime>2026-06-24T15:01:04.123Z</mrtTime>
    <status>active</status>
    <acAddress>aab09a</acAddress>
    <xPos>1006058</xPos>
    <yPos>319937</yPos>
    <lat>38.92344</lat>
    <lon>-77.47264</lon>
    <vVert>2837</vVert>
    <vx>-336</vx>
    <vy>-138</vy>
    <vVertRaw>1937</vVertRaw>
    <vxRaw>-1528</vxRaw>
    <vyRaw>-628</vyRaw>
    <frozen>0</frozen>
    <new>0</new>
    <pseudo>0</pseudo>
    <adsb>1</adsb>
    <reportedBeaconCode>6220</reportedBeaconCode>
    <reportedAltitude>15800</reportedAltitude>
  </track>
  <flightPlan>
    <sfpn>1757</sfpn>
    <ocr>normal handoff</ocr>
    <rnav>0</rnav>
    <cps>C</cps>
    <runway>NNNN</runway>
    <assignedBeaconCode>6220</assignedBeaconCode>
    <requestedAltitude>36000</requestedAltitude>
    <assignedAltitude>0</assignedAltitude>
    <category>F</category>
    <dbi></dbi>
    <acid>SWA1426</acid>
    <acType>B737</acType>
    <entryFix>DCA</entryFix>
    <exitFix>OTO</exitFix>
    <airport>DCA</airport>
    <flightRules>IFR</flightRules>
    <rawFlightRules></rawFlightRules>
    <type>P</type>
    <ptdTime>1435</ptdTime>
    <status>active</status>
    <delete>0</delete>
    <suspended>0</suspended>
    <lld>NW</lld>
    <ECID>81N</ECID>
    <eqptSuffix>unavailable</eqptSuffix>
  </flightPlan>
  <enhancedData>
    <eramGufi>KW452544g8</eramGufi>
    <sfdpsGufi>us.fdps.2026-06-24T12:34:14Z.000/22/4g8</sfdpsGufi>
    <departureAirport>KDCA</departureAirport>
    <destinationAirport>KBNA</destinationAirport>
  </enhancedData>
</record>

=== 15:01:05.133 PCT UAL1549 ===
<record>
  <recSeqNum>64907</recSeqNum>
  <recSrc>A</recSrc>
  <recType>210</recType>
  <recSTARSTimestamp>54064930</recSTARSTimestamp>
  <recSTARSSrcID>0</recSTARSSrcID>
  <recSTARSTimeSync>true</recSTARSTimeSync>
  <recSAFAReceiptTime>2026-06-24T15:01:04.934Z</recSAFAReceiptTime>
  <recSAFATimeSync>true</recSAFATimeSync>
  <track>
    <trackNum>218</trackNum>
    <mrtTime>2026-06-24T15:01:03.882Z</mrtTime>
    <status>active</status>
    <acAddress>a92478</acAddress>
    <xPos>1001869</xPos>
    <yPos>300807</yPos>
    <lat>37.67547</lat>
    <lon>-77.81192</lon>
    <vVert>-2521</vVert>
    <vx>163</vx>
    <vy>355</vy>
    <vVertRaw>-1721</vVertRaw>
    <vxRaw>741</vxRaw>
    <vyRaw>1614</vyRaw>
    <frozen>0</frozen>
    <new>0</new>
    <pseudo>0</pseudo>
    <adsb>1</adsb>
    <reportedBeaconCode>7465</reportedBeaconCode>
    <reportedAltitude>20900</reportedAltitude>
  </track>
  <flightPlan>
    <sfpn>167</sfpn>
    <ocr>no change</ocr>
    <rnav>0</rnav>
    <scratchPad2>CAV</scratchPad2>
    <cps>C</cps>
    <assignedBeaconCode>7465</assignedBeaconCode>
    <requestedAltitude>0</requestedAltitude>
    <assignedAltitude>24000</assignedAltitude>
    <category>F</category>
    <dbi></dbi>
    <acid>UAL1549</acid>
    <acType>B739</acType>
    <entryFix>CFB</entryFix>
    <exitFix>IAD</exitFix>
    <airport>IAD</airport>
    <flightRules>IFR</flightRules>
    <rawFlightRules></rawFlightRules>
    <type>A</type>
    <ptdTime>1507</ptdTime>
    <status>active</status>
    <delete>0</delete>
    <suspended>0</suspended>
    <lld>NE</lld>
    <ECID>761</ECID>
    <eqptSuffix>unavailable</eqptSuffix>
  </flightPlan>
  <enhancedData>
    <eramGufi>KH415184hR</eramGufi>
    <sfdpsGufi>us.fdps.2026-06-24T11:31:58Z.000/07/4hR</sfdpsGufi>
    <departureAirport>KIAH</departureAirport>
    <destinationAirport>KIAD</destinationAirport>
  </enhancedData>
</record>

=== 15:01:06.562 PCT UAL2201 ===
<record>
  <recSeqNum>65066</recSeqNum>
  <recSrc>A</recSrc>
  <recType>210</recType>
  <recSTARSTimestamp>54066130</recSTARSTimestamp>
  <recSTARSSrcID>0</recSTARSSrcID>
  <recSTARSTimeSync>true</recSTARSTimeSync>
  <recSAFAReceiptTime>2026-06-24T15:01:06.140Z</recSAFAReceiptTime>
  <recSAFATimeSync>true</recSAFATimeSync>
  <track>
    <trackNum>446</trackNum>
    <mrtTime>2026-06-24T15:01:05.730Z</mrtTime>
    <status>active</status>
    <acAddress>aa56b6</acAddress>
    <xPos>1000788</xPos>
    <yPos>320381</yPos>
    <lat>38.95061</lat>
    <lon>-77.9125</lon>
    <vVert>2181</vVert>
    <vx>-362</vx>
    <vy>19</vy>
    <vVertRaw>1489</vVertRaw>
    <vxRaw>-1648</vxRaw>
    <vyRaw>87</vyRaw>
    <frozen>0</frozen>
    <new>0</new>
    <pseudo>0</pseudo>
    <adsb>1</adsb>
    <reportedBeaconCode>3765</reportedBeaconCode>
    <reportedAltitude>23400</reportedAltitude>
  </track>
  <flightPlan>
    <sfpn>1070</sfpn>
    <ocr>normal handoff</ocr>
    <rnav>0</rnav>
    <cps>C</cps>
    <runway>NNNN</runway>
    <assignedBeaconCode>3765</assignedBeaconCode>
    <requestedAltitude>36000</requestedAltitude>
    <assignedAltitude>0</assignedAltitude>
    <category>F</category>
    <dbi></dbi>
    <acid>UAL2201</acid>
    <acType>B738</acType>
    <entryFix>DCA</entryFix>
    <exitFix>RAM</exitFix>
    <airport>DCA</airport>
    <flightRules>IFR</flightRules>
    <rawFlightRules></rawFlightRules>
    <type>P</type>
    <ptdTime>1430</ptdTime>
    <status>active</status>
    <delete>0</delete>
    <suspended>0</suspended>
    <lld>NW</lld>
    <ECID>380</ECID>
    <eqptSuffix>unavailable</eqptSuffix>
  </flightPlan>
  <enhancedData>
    <eramGufi>KW493164P6</eramGufi>
    <sfdpsGufi>us.fdps.2026-06-24T13:41:56Z.000/22/4P6</sfdpsGufi>
    <departureAirport>KDCA</departureAirport>
    <destinationAirport>KORD</destinationAirport>
  </enhancedData>
</record>

=== 15:01:06.562 PCT ENY3462 ===
<record>
  <recSeqNum>65252</recSeqNum>
  <recSrc>A</recSrc>
  <recType>210</recType>
  <recSTARSTimestamp>54066400</recSTARSTimestamp>
  <recSTARSSrcID>0</recSTARSSrcID>
  <recSTARSTimeSync>true</recSTARSTimeSync>
  <recSAFAReceiptTime>2026-06-24T15:01:06.431Z</recSAFAReceiptTime>
  <recSAFATimeSync>true</recSAFATimeSync>
  <track>
    <trackNum>147</trackNum>
    <mrtTime>2026-06-24T15:01:05.033Z</mrtTime>
    <status>active</status>
    <acAddress>a234ef</acAddress>
    <xPos>1010338</xPos>
    <yPos>319974</yPos>
    <lat>38.92608</lat>
    <lon>-77.11558</lon>
    <vVert>2761</vVert>
    <vx>-117</vx>
    <vy>184</vy>
    <vVertRaw>1885</vVertRaw>
    <vxRaw>-533</vxRaw>
    <vyRaw>836</vyRaw>
    <frozen>0</frozen>
    <new>0</new>
    <pseudo>0</pseudo>
    <adsb>1</adsb>
    <reportedBeaconCode>6504</reportedBeaconCode>
    <reportedAltitude>3300</reportedAltitude>
  </track>
  <flightPlan>
    <sfpn>1591</sfpn>
    <ocr>pending</ocr>
    <rnav>0</rnav>
    <cps>C</cps>
    <runway>NNNN</runway>
    <assignedBeaconCode>6504</assignedBeaconCode>
    <requestedAltitude>34000</requestedAltitude>
    <assignedAltitude>0</assignedAltitude>
    <category>G</category>
    <dbi></dbi>
    <acid>ENY3462</acid>
    <acType>E170</acType>
    <entryFix>DCA</entryFix>
    <exitFix>RAM</exitFix>
    <airport>DCA</airport>
    <flightRules>IFR</flightRules>
    <rawFlightRules></rawFlightRules>
    <type>P</type>
    <ptdTime>1450</ptdTime>
    <status>active</status>
    <delete>0</delete>
    <suspended>0</suspended>
    <lld>NW</lld>
    <ECID>959</ECID>
    <eqptSuffix>unavailable</eqptSuffix>
  </flightPlan>
  <enhancedData>
    <eramGufi>KW489174kj</eramGufi>
    <sfdpsGufi>us.fdps.2026-06-24T13:35:17Z.000/22/4kj</sfdpsGufi>
    <departureAirport>KDCA</departureAirport>
    <destinationAirport>KCID</destinationAirport>
  </enhancedData>
</record>

=== 15:01:09.107 PCT JIA5330 ===
<record>
  <recSeqNum>27</recSeqNum>
  <recSrc>A</recSrc>
  <recType>210</recType>
  <recSTARSTimestamp>54068660</recSTARSTimestamp>
  <recSTARSSrcID>0</recSTARSSrcID>
  <recSTARSTimeSync>true</recSTARSTimeSync>
  <recSAFAReceiptTime>2026-06-24T15:01:08.694Z</recSAFAReceiptTime>
  <recSAFATimeSync>true</recSAFATimeSync>
  <track>
    <trackNum>1280</trackNum>
    <mrtTime>2026-06-24T15:01:08.256Z</mrtTime>
    <status>active</status>
    <acAddress>a682e3</acAddress>
    <xPos>1020116</xPos>
    <yPos>297040</yPos>
    <lat>37.42794</lat>
    <lon>-76.31856</lon>
    <vVert>0</vVert>
    <vx>24</vx>
    <vy>-352</vy>
    <vVertRaw>0</vVertRaw>
    <vxRaw>111</vxRaw>
    <vyRaw>-1600</vyRaw>
    <frozen>0</frozen>
    <new>0</new>
    <pseudo>0</pseudo>
    <adsb>1</adsb>
    <reportedBeaconCode>4650</reportedBeaconCode>
    <reportedAltitude>12000</reportedAltitude>
  </track>
  <flightPlan>
    <sfpn>1057</sfpn>
    <ocr>normal handoff</ocr>
    <rnav>0</rnav>
    <cps>C</cps>
    <runway>NNNN</runway>
    <assignedBeaconCode>4650</assignedBeaconCode>
    <requestedAltitude>14000</requestedAltitude>
    <assignedAltitude>0</assignedAltitude>
    <category>G</category>
    <dbi></dbi>
    <acid>JIA5330</acid>
    <acType>CRJ7</acType>
    <entryFix>DCA</entryFix>
    <exitFix>ORF</exitFix>
    <airport>DCA</airport>
    <flightRules>IFR</flightRules>
    <rawFlightRules></rawFlightRules>
    <type>P</type>
    <ptdTime>1415</ptdTime>
    <status>active</status>
    <delete>0</delete>
    <suspended>0</suspended>
    <lld>NW</lld>
    <ECID>57P</ECID>
    <eqptSuffix>unavailable</eqptSuffix>
  </flightPlan>
  <enhancedData>
    <eramGufi>KW477514Ec</eramGufi>
    <sfdpsGufi>us.fdps.2026-06-24T13:15:51Z.000/22/4Ec</sfdpsGufi>
    <departureAirport>KDCA</departureAirport>
    <destinationAirport>KORF</destinationAirport>
  </enhancedData>
</record>

=== 15:01:09.107 PCT POD3 ===
<record>
  <recSeqNum>29</recSeqNum>
  <recSrc>A</recSrc>
  <recType>210</recType>
  <recSTARSTimestamp>54068660</recSTARSTimestamp>
  <recSTARSSrcID>0</recSTARSSrcID>
  <recSTARSTimeSync>true</recSTARSTimeSync>
  <recSAFAReceiptTime>2026-06-24T15:01:08.694Z</recSAFAReceiptTime>
  <recSAFATimeSync>true</recSAFATimeSync>
  <track>
    <trackNum>519</trackNum>
    <mrtTime>2026-06-24T15:01:08.326Z</mrtTime>
    <status>active</status>
    <acAddress>a25bc4</acAddress>
    <xPos>999994</xPos>
    <yPos>296935</yPos>
    <lat>37.42222</lat>
    <lon>-77.96314</lon>
    <vVert>-1500</vVert>
    <vx>187</vx>
    <vy>358</vy>
    <vVertRaw>-1024</vVertRaw>
    <vxRaw>853</vxRaw>
    <vyRaw>1631</vyRaw>
    <frozen>0</frozen>
    <new>0</new>
    <pseudo>0</pseudo>
    <adsb>1</adsb>
    <reportedBeaconCode>3323</reportedBeaconCode>
    <reportedAltitude>19900</reportedAltitude>
  </track>
  <flightPlan>
    <sfpn>315</sfpn>
    <ocr>pending</ocr>
    <rnav>0</rnav>
    <scratchPad1>JYO</scratchPad1>
    <cps>3B</cps>
    <runway>JYO</runway>
    <assignedBeaconCode>3323</assignedBeaconCode>
    <requestedAltitude>0</requestedAltitude>
    <assignedAltitude>21000</assignedAltitude>
    <category>H</category>
    <dbi></dbi>
    <acid>POD3</acid>
    <acType>CL30</acType>
    <entryFix>TFF</entryFix>
    <exitFix>JYO</exitFix>
    <airport>JYO</airport>
    <flightRules>IFR</flightRules>
    <rawFlightRules></rawFlightRules>
    <type>A</type>
    <ptdTime>1505</ptdTime>
    <status>active</status>
    <delete>0</delete>
    <suspended>0</suspended>
    <lld>SW</lld>
    <ECID>809</ECID>
    <eqptSuffix>unavailable</eqptSuffix>
  </flightPlan>
  <enhancedData>
    <eramGufi>KR377584FS</eramGufi>
    <sfdpsGufi>us.fdps.2026-06-24T10:29:18Z.000/17/4FS</sfdpsGufi>
    <departureAirport>KSUA</departureAirport>
    <destinationAirport>KJYO</destinationAirport>
  </enhancedData>
</record>

=== 15:01:10.069 PCT UAL1549 ===
<record>
  <recSeqNum>173</recSeqNum>
  <recSrc>A</recSrc>
  <recType>210</recType>
  <recSTARSTimestamp>54069720</recSTARSTimestamp>
  <recSTARSSrcID>0</recSTARSSrcID>
  <recSTARSTimeSync>true</recSTARSTimeSync>
  <recSAFAReceiptTime>2026-06-24T15:01:09.740Z</recSAFAReceiptTime>
  <recSAFATimeSync>true</recSAFATimeSync>
  <track>
    <trackNum>218</trackNum>
    <mrtTime>2026-06-24T15:01:08.652Z</mrtTime>
    <status>active</status>
    <acAddress>a92478</acAddress>
    <xPos>1001923</xPos>
    <yPos>300927</yPos>
    <lat>37.68331</lat>
    <lon>-77.80756</lon>
    <vVert>-2446</vVert>
    <vx>160</vx>
    <vy>354</vy>
    <vVertRaw>-1670</vVertRaw>
    <vxRaw>729</vxRaw>
    <vyRaw>1610</vyRaw>
    <frozen>0</frozen>
    <new>0</new>
    <pseudo>0</pseudo>
    <adsb>1</adsb>
    <reportedBeaconCode>7465</reportedBeaconCode>
    <reportedAltitude>20700</reportedAltitude>
  </track>
  <flightPlan>
    <sfpn>167</sfpn>
    <ocr>no change</ocr>
    <rnav>0</rnav>
    <scratchPad2>CAV</scratchPad2>
    <cps>C</cps>
    <assignedBeaconCode>7465</assignedBeaconCode>
    <requestedAltitude>0</requestedAltitude>
    <assignedAltitude>24000</assignedAltitude>
    <category>F</category>
    <dbi></dbi>
    <acid>UAL1549</acid>
    <acType>B739</acType>
    <entryFix>CFB</entryFix>
    <exitFix>IAD</exitFix>
    <airport>IAD</airport>
    <flightRules>IFR</flightRules>
    <rawFlightRules></rawFlightRules>
    <type>A</type>
    <ptdTime>1507</ptdTime>
    <status>active</status>
    <delete>0</delete>
    <suspended>0</suspended>
    <lld>NE</lld>
    <ECID>761</ECID>
    <eqptSuffix>unavailable</eqptSuffix>
  </flightPlan>
  <enhancedData>
    <eramGufi>KH415184hR</eramGufi>
    <sfdpsGufi>us.fdps.2026-06-24T11:31:58Z.000/07/4hR</sfdpsGufi>
    <departureAirport>KIAH</departureAirport>
    <destinationAirport>KIAD</destinationAirport>
  </enhancedData>
</record>

=== 15:01:10.634 ORF JIA5330 ===
<record>
  <recSeqNum>65529</recSeqNum>
  <recSrc>A</recSrc>
  <recType>210</recType>
  <recSTARSTimestamp>54070280</recSTARSTimestamp>
  <recSTARSSrcID>0</recSTARSSrcID>
  <recSTARSTimeSync>true</recSTARSTimeSync>
  <recSAFAReceiptTime>2026-06-24T15:01:10.300Z</recSAFAReceiptTime>
  <recSAFATimeSync>true</recSAFATimeSync>
  <track>
    <trackNum>3339</trackNum>
    <mrtTime>2026-06-24T15:01:09.775Z</mrtTime>
    <status>active</status>
    <acAddress>a682e3</acAddress>
    <xPos>1022696</xPos>
    <yPos>295406</yPos>
    <lat>37.42544</lat>
    <lon>-76.31833</lon>
    <vVert>0</vVert>
    <vx>20</vx>
    <vy>-353</vy>
    <vVertRaw>0</vVertRaw>
    <vxRaw>92</vxRaw>
    <vyRaw>-1607</vyRaw>
    <frozen>0</frozen>
    <new>0</new>
    <pseudo>0</pseudo>
    <adsb>1</adsb>
    <reportedBeaconCode>4650</reportedBeaconCode>
    <reportedAltitude>12000</reportedAltitude>
  </track>
  <flightPlan>
    <sfpn>1011</sfpn>
    <ocr>normal handoff</ocr>
    <rnav>0</rnav>
    <cps>1G</cps>
    <assignedBeaconCode>4650</assignedBeaconCode>
    <requestedAltitude>0</requestedAltitude>
    <assignedAltitude>13000</assignedAltitude>
    <category>G</category>
    <dbi></dbi>
    <acid>JIA5330</acid>
    <acType>CRJ7</acType>
    <entryFix>OT1</entryFix>
    <exitFix>ORF</exitFix>
    <airport>ORF</airport>
    <flightRules>IFR</flightRules>
    <rawFlightRules></rawFlightRules>
    <type>A</type>
    <ptdTime>1458</ptdTime>
    <status>active</status>
    <delete>0</delete>
    <suspended>0</suspended>
    <lld>NE</lld>
    <ECID>57P</ECID>
    <eqptSuffix>unavailable</eqptSuffix>
  </flightPlan>
  <enhancedData>
    <eramGufi>KW477514Ec</eramGufi>
    <sfdpsGufi>us.fdps.2026-06-24T13:15:51Z.000/22/4Ec</sfdpsGufi>
    <departureAirport>KDCA</departureAirport>
    <destinationAirport>KORF</destinationAirport>
  </enhancedData>
</record>

=== 15:01:11.448 PCT ENY3462 ===
<record>
  <recSeqNum>336</recSeqNum>
  <recSrc>A</recSrc>
  <recType>210</recType>
  <recSTARSTimestamp>54071070</recSTARSTimestamp>
  <recSTARSSrcID>0</recSTARSSrcID>
  <recSTARSTimeSync>true</recSTARSTimeSync>
  <recSAFAReceiptTime>2026-06-24T15:01:11.097Z</recSAFAReceiptTime>
  <recSAFATimeSync>true</recSAFATimeSync>
  <track>
    <trackNum>147</trackNum>
    <mrtTime>2026-06-24T15:01:10.733Z</mrtTime>
    <status>active</status>
    <acAddress>a234ef</acAddress>
    <xPos>1010290</xPos>
    <yPos>320052</yPos>
    <lat>38.93117</lat>
    <lon>-77.11958</lon>
    <vVert>2345</vVert>
    <vx>-116</vx>
    <vy>194</vy>
    <vVertRaw>1601</vVertRaw>
    <vxRaw>-527</vxRaw>
    <vyRaw>882</vyRaw>
    <frozen>0</frozen>
    <new>0</new>
    <pseudo>0</pseudo>
    <adsb>1</adsb>
    <reportedBeaconCode>6504</reportedBeaconCode>
    <reportedAltitude>3400</reportedAltitude>
  </track>
  <flightPlan>
    <sfpn>1591</sfpn>
    <ocr>pending</ocr>
    <rnav>0</rnav>
    <cps>C</cps>
    <runway>NNNN</runway>
    <assignedBeaconCode>6504</assignedBeaconCode>
    <requestedAltitude>34000</requestedAltitude>
    <assignedAltitude>0</assignedAltitude>
    <category>G</category>
    <dbi></dbi>
    <acid>ENY3462</acid>
    <acType>E170</acType>
    <entryFix>DCA</entryFix>
    <exitFix>RAM</exitFix>
    <airport>DCA</airport>
    <flightRules>IFR</flightRules>
    <rawFlightRules></rawFlightRules>
    <type>P</type>
    <ptdTime>1450</ptdTime>
    <status>active</status>
    <delete>0</delete>
    <suspended>0</suspended>
    <lld>NW</lld>
    <ECID>959</ECID>
    <eqptSuffix>unavailable</eqptSuffix>
  </flightPlan>
  <enhancedData>
    <eramGufi>KW489174kj</eramGufi>
    <sfdpsGufi>us.fdps.2026-06-24T13:35:17Z.000/22/4kj</sfdpsGufi>
    <departureAirport>KDCA</departureAirport>
    <destinationAirport>KCID</destinationAirport>
  </enhancedData>
</record>

=== 15:01:11.448 PCT TCN764 ===
<record>
  <recSeqNum>340</recSeqNum>
  <recSrc>A</recSrc>
  <recType>210</recType>
  <recSTARSTimestamp>54071070</recSTARSTimestamp>
  <recSTARSSrcID>0</recSTARSSrcID>
  <recSTARSTimeSync>true</recSTARSTimeSync>
  <recSAFAReceiptTime>2026-06-24T15:01:11.097Z</recSAFAReceiptTime>
  <recSAFATimeSync>true</recSAFATimeSync>
  <track>
    <trackNum>2645</trackNum>
    <mrtTime>2026-06-24T15:01:08.905Z</mrtTime>
    <status>active</status>
    <acAddress>000000</acAddress>
    <xPos>995325</xPos>
    <yPos>300350</yPos>
    <lat>37.64178</lat>
    <lon>-78.34806</lon>
    <vVert>1619</vVert>
    <vx>-256</vx>
    <vy>-304</vy>
    <vVertRaw>1105</vVertRaw>
    <vxRaw>-1164</vxRaw>
    <vyRaw>-1382</vyRaw>
    <frozen>0</frozen>
    <new>0</new>
    <pseudo>0</pseudo>
    <adsb>0</adsb>
    <reportedBeaconCode>0532</reportedBeaconCode>
    <reportedAltitude>30300</reportedAltitude>
  </track>
  <flightPlan>
    <sfpn>779</sfpn>
    <ocr>normal handoff</ocr>
    <rnav>0</rnav>
    <cps>C</cps>
    <runway>NNNN</runway>
    <assignedBeaconCode>0532</assignedBeaconCode>
    <requestedAltitude>41000</requestedAltitude>
    <assignedAltitude>3000</assignedAltitude>
    <category>H</category>
    <dbi></dbi>
    <acid>TCN764</acid>
    <acType>C750</acType>
    <entryFix>HEF</entryFix>
    <exitFix>JDB</exitFix>
    <airport>HEF</airport>
    <flightRules>IFR</flightRules>
    <rawFlightRules></rawFlightRules>
    <type>P</type>
    <ptdTime>1330</ptdTime>
    <status>active</status>
    <delete>0</delete>
    <suspended>0</suspended>
    <lld>W</lld>
    <ECID>906</ECID>
    <eqptSuffix>unavailable</eqptSuffix>
  </flightPlan>
  <enhancedData>
    <eramGufi>KW48678478</eramGufi>
    <sfdpsGufi>us.fdps.2026-06-24T13:30:00Z.159/22/478</sfdpsGufi>
    <departureAirport>KHEF</departureAirport>
    <destinationAirport>MBPV</destinationAirport>
  </enhancedData>
</record>

=== 15:01:11.448 PCT HRD31 ===
<record>
  <recSeqNum>348</recSeqNum>
  <recSrc>A</recSrc>
  <recType>210</recType>
  <recSTARSTimestamp>54071100</recSTARSTimestamp>
  <recSTARSSrcID>0</recSTARSSrcID>
  <recSTARSTimeSync>true</recSTARSTimeSync>
  <recSAFAReceiptTime>2026-06-24T15:01:11.147Z</recSAFAReceiptTime>
  <recSAFATimeSync>true</recSAFATimeSync>
  <track>
    <trackNum>3389</trackNum>
    <mrtTime>2026-06-24T15:01:10.713Z</mrtTime>
    <status>active</status>
    <acAddress>ab5d37</acAddress>
    <xPos>993651</xPos>
    <yPos>318868</yPos>
    <lat>38.84706</lat>
    <lon>-78.50625</lon>
    <vVert>0</vVert>
    <vx>-131</vx>
    <vy>-15</vy>
    <vVertRaw>0</vVertRaw>
    <vxRaw>-596</vxRaw>
    <vyRaw>-67</vyRaw>
    <frozen>0</frozen>
    <new>0</new>
    <pseudo>0</pseudo>
    <adsb>1</adsb>
    <reportedBeaconCode>7071</reportedBeaconCode>
    <reportedAltitude>8000</reportedAltitude>
  </track>
  <flightPlan>
    <sfpn>415</sfpn>
    <ocr>normal handoff</ocr>
    <rnav>0</rnav>
    <scratchPad1>HTS</scratchPad1>
    <scratchPad2>DIR</scratchPad2>
    <cps>C</cps>
    <runway>NNNN</runway>
    <assignedBeaconCode>7071</assignedBeaconCode>
    <requestedAltitude>8000</requestedAltitude>
    <assignedAltitude>0</assignedAltitude>
    <category>I</category>
    <dbi></dbi>
    <acid>HRD31</acid>
    <acType>SR20</acType>
    <entryFix>IAD</entryFix>
    <exitFix>P27</exitFix>
    <airport>IAD</airport>
    <flightRules>IFR</flightRules>
    <rawFlightRules></rawFlightRules>
    <type>P</type>
    <ptdTime>1448</ptdTime>
    <status>active</status>
    <delete>0</delete>
    <suspended>0</suspended>
    <lld>SW</lld>
    <ECID>747</ECID>
    <eqptSuffix>unavailable</eqptSuffix>
  </flightPlan>
  <enhancedData>
    <eramGufi>KW5151842M</eramGufi>
    <sfdpsGufi>us.fdps.2026-06-24T13:18:13Z.000/22/4Et</sfdpsGufi>
    <departureAirport>KIAD</departureAirport>
    <destinationAirport>KHTS</destinationAirport>
  </enhancedData>
</record>

=== 15:01:12.527 PCT N300KC ===
<record>
  <recSeqNum>485</recSeqNum>
  <recSrc>A</recSrc>
  <recType>210</recType>
  <recSTARSTimestamp>54072120</recSTARSTimestamp>
  <recSTARSSrcID>0</recSTARSSrcID>
  <recSTARSTimeSync>true</recSTARSTimeSync>
  <recSAFAReceiptTime>2026-06-24T15:01:12.148Z</recSAFAReceiptTime>
  <recSAFATimeSync>true</recSAFATimeSync>
  <track>
    <trackNum>3391</trackNum>
    <mrtTime>2026-06-24T15:01:09.765Z</mrtTime>
    <status>active</status>
    <acAddress>000000</acAddress>
    <xPos>991492</xPos>
    <yPos>318924</yPos>
    <lat>38.84861</lat>
    <lon>-78.68619</lon>
    <vVert>1459</vVert>
    <vx>-373</vx>
    <vy>1</vy>
    <vVertRaw>996</vVertRaw>
    <vxRaw>-1698</vxRaw>
    <vyRaw>5</vyRaw>
    <frozen>0</frozen>
    <new>0</new>
    <pseudo>0</pseudo>
    <adsb>0</adsb>
    <reportedBeaconCode>5603</reportedBeaconCode>
    <reportedAltitude>27600</reportedAltitude>
  </track>
  <flightPlan>
    <sfpn>808</sfpn>
    <ocr>normal handoff</ocr>
    <rnav>0</rnav>
    <cps>C</cps>
    <runway>NNNN</runway>
    <assignedBeaconCode>5603</assignedBeaconCode>
    <requestedAltitude>34000</requestedAltitude>
    <assignedAltitude>0</assignedAltitude>
    <category>H</category>
    <dbi></dbi>
    <acid>N300KC</acid>
    <acType>CL30</acType>
    <entryFix>IAD</entryFix>
    <exitFix>OTO</exitFix>
    <airport>IAD</airport>
    <flightRules>IFR</flightRules>
    <rawFlightRules></rawFlightRules>
    <type>P</type>
    <ptdTime>1405</ptdTime>
    <status>active</status>
    <delete>0</delete>
    <suspended>0</suspended>
    <lld>NW</lld>
    <ECID>754</ECID>
    <eqptSuffix>unavailable</eqptSuffix>
  </flightPlan>
  <enhancedData>
    <eramGufi>KW50746446</eramGufi>
    <sfdpsGufi>us.fdps.2026-06-24T14:05:00Z.556/22/446</sfdpsGufi>
    <departureAirport>KIAD</departureAirport>
    <destinationAirport>KLUK</destinationAirport>
  </enhancedData>
</record>

=== 15:01:12.527 PCT ENY3446 ===
<record>
  <recSeqNum>503</recSeqNum>
  <recSrc>A</recSrc>
  <recType>210</recType>
  <recSTARSTimestamp>54072270</recSTARSTimestamp>
  <recSTARSSrcID>0</recSTARSSrcID>
  <recSTARSTimeSync>true</recSTARSTimeSync>
  <recSAFAReceiptTime>2026-06-24T15:01:12.300Z</recSAFAReceiptTime>
  <recSAFATimeSync>true</recSAFATimeSync>
  <track>
    <trackNum>1522</trackNum>
    <mrtTime>2026-06-24T15:01:09.856Z</mrtTime>
    <status>active</status>
    <acAddress>000000</acAddress>
    <xPos>991173</xPos>
    <yPos>321133</yPos>
    <lat>38.99219</lat>
    <lon>-78.71575</lon>
    <vVert>993</vVert>
    <vx>-355</vx>
    <vy>34</vy>
    <vVertRaw>678</vVertRaw>
    <vxRaw>-1617</vxRaw>
    <vyRaw>153</vyRaw>
    <frozen>0</frozen>
    <new>0</new>
    <pseudo>0</pseudo>
    <adsb>0</adsb>
    <reportedBeaconCode>5652</reportedBeaconCode>
    <reportedAltitude>33800</reportedAltitude>
  </track>
  <flightPlan>
    <sfpn>1026</sfpn>
    <ocr>normal handoff</ocr>
    <rnav>0</rnav>
    <cps>C</cps>
    <runway>NNNN</runway>
    <assignedBeaconCode>5652</assignedBeaconCode>
    <requestedAltitude>34000</requestedAltitude>
    <assignedAltitude>0</assignedAltitude>
    <category>G</category>
    <dbi></dbi>
    <acid>ENY3446</acid>
    <acType>E170</acType>
    <entryFix>BWI</entryFix>
    <exitFix>FXR</exitFix>
    <airport>BWI</airport>
    <flightRules>IFR</flightRules>
    <rawFlightRules></rawFlightRules>
    <type>P</type>
    <ptdTime>1434</ptdTime>
    <status>active</status>
    <delete>0</delete>
    <suspended>0</suspended>
    <lld>NE</lld>
    <ECID>307</ECID>
    <eqptSuffix>unavailable</eqptSuffix>
  </flightPlan>
  <enhancedData>
    <eramGufi>KW479484Kf</eramGufi>
    <sfdpsGufi>us.fdps.2026-06-24T13:19:08Z.000/22/4Kf</sfdpsGufi>
    <departureAirport>KBWI</departureAirport>
    <destinationAirport>KORD</destinationAirport>
  </enhancedData>
</record>

=== 15:01:12.527 PCT N2320C ===
<record>
  <recSeqNum>509</recSeqNum>
  <recSrc>A</recSrc>
  <recType>210</recType>
  <recSTARSTimestamp>54072270</recSTARSTimestamp>
  <recSTARSSrcID>0</recSTARSSrcID>
  <recSTARSTimeSync>true</recSTARSTimeSync>
  <recSAFAReceiptTime>2026-06-24T15:01:12.300Z</recSAFAReceiptTime>
  <recSAFATimeSync>true</recSAFATimeSync>
  <track>
    <trackNum>1624</trackNum>
    <mrtTime>2026-06-24T15:01:11.201Z</mrtTime>
    <status>active</status>
    <acAddress>a21249</acAddress>
    <xPos>997735</xPos>
    <yPos>320481</yPos>
    <lat>38.95536</lat>
    <lon>-78.16733</lon>
    <vVert>4172</vVert>
    <vx>-385</vx>
    <vy>58</vy>
    <vVertRaw>2848</vVertRaw>
    <vxRaw>-1753</vxRaw>
    <vyRaw>262</vyRaw>
    <frozen>0</frozen>
    <new>0</new>
    <pseudo>0</pseudo>
    <adsb>1</adsb>
    <reportedBeaconCode>3723</reportedBeaconCode>
    <reportedAltitude>25000</reportedAltitude>
  </track>
  <flightPlan>
    <sfpn>1184</sfpn>
    <ocr>normal handoff</ocr>
    <rnav>0</rnav>
    <cps>C</cps>
    <runway>NNNN</runway>
    <assignedBeaconCode>3723</assignedBeaconCode>
    <requestedAltitude>47000</requestedAltitude>
    <assignedAltitude>0</assignedAltitude>
    <category>F</category>
    <dbi></dbi>
    <acid>N2320C</acid>
    <acType>GA5C</acType>
    <entryFix>IAD</entryFix>
    <exitFix>RAM</exitFix>
    <airport>IAD</airport>
    <flightRules>IFR</flightRules>
    <rawFlightRules></rawFlightRules>
    <type>P</type>
    <ptdTime>1430</ptdTime>
    <status>active</status>
    <delete>0</delete>
    <suspended>0</suspended>
    <lld>NW</lld>
    <ECID>46P</ECID>
    <eqptSuffix>unavailable</eqptSuffix>
  </flightPlan>
  <enhancedData>
    <eramGufi>KW52213413</eramGufi>
    <sfdpsGufi>us.fdps.2026-06-24T14:30:00Z.303/22/413</sfdpsGufi>
    <departureAirport>KIAD</departureAirport>
    <destinationAirport>KMKC</destinationAirport>
  </enhancedData>
</record>

=== 15:01:13.593 PCT SWA1426 ===
<record>
  <recSeqNum>611</recSeqNum>
  <recSrc>A</recSrc>
  <recType>210</recType>
  <recSTARSTimestamp>54073050</recSTARSTimestamp>
  <recSTARSSrcID>0</recSTARSSrcID>
  <recSTARSTimeSync>true</recSTARSTimeSync>
  <recSAFAReceiptTime>2026-06-24T15:01:13.093Z</recSAFAReceiptTime>
  <recSAFATimeSync>true</recSAFATimeSync>
  <track>
    <trackNum>1470</trackNum>
    <mrtTime>2026-06-24T15:01:12.048Z</mrtTime>
    <status>active</status>
    <acAddress>aab09a</acAddress>
    <xPos>1005866</xPos>
    <yPos>319859</yPos>
    <lat>38.91833</lat>
    <lon>-77.48864</lon>
    <vVert>2542</vVert>
    <vx>-339</vx>
    <vy>-139</vy>
    <vVertRaw>1735</vVertRaw>
    <vxRaw>-1543</vxRaw>
    <vyRaw>-632</vyRaw>
    <frozen>0</frozen>
    <new>0</new>
    <pseudo>0</pseudo>
    <adsb>1</adsb>
    <reportedBeaconCode>6220</reportedBeaconCode>
    <reportedAltitude>16100</reportedAltitude>
  </track>
  <flightPlan>
    <sfpn>1757</sfpn>
    <ocr>normal handoff</ocr>
    <rnav>0</rnav>
    <cps>C</cps>
    <runway>NNNN</runway>
    <assignedBeaconCode>6220</assignedBeaconCode>
    <requestedAltitude>36000</requestedAltitude>
    <assignedAltitude>0</assignedAltitude>
    <category>F</category>
    <dbi></dbi>
    <acid>SWA1426</acid>
    <acType>B737</acType>
    <entryFix>DCA</entryFix>
    <exitFix>OTO</exitFix>
    <airport>DCA</airport>
    <flightRules>IFR</flightRules>
    <rawFlightRules></rawFlightRules>
    <type>P</type>
    <ptdTime>1435</ptdTime>
    <status>active</status>
    <delete>0</delete>
    <suspended>0</suspended>
    <lld>NW</lld>
    <ECID>81N</ECID>
    <eqptSuffix>unavailable</eqptSuffix>
  </flightPlan>
  <enhancedData>
    <eramGufi>KW452544g8</eramGufi>
    <sfdpsGufi>us.fdps.2026-06-24T12:34:14Z.000/22/4g8</sfdpsGufi>
    <departureAirport>KDCA</departureAirport>
    <destinationAirport>KBNA</destinationAirport>
  </enhancedData>
</record>

=== 15:01:13.920 PCT OLV915 ===
<record>
  <recSeqNum>672</recSeqNum>
  <recSrc>A</recSrc>
  <recType>210</recType>
  <recSTARSTimestamp>54073500</recSTARSTimestamp>
  <recSTARSSrcID>0</recSTARSSrcID>
  <recSTARSTimeSync>true</recSTARSTimeSync>
  <recSAFAReceiptTime>2026-06-24T15:01:13.545Z</recSAFAReceiptTime>
  <recSAFATimeSync>true</recSAFATimeSync>
  <track>
    <trackNum>490</trackNum>
    <mrtTime>2026-06-24T15:01:13.119Z</mrtTime>
    <status>active</status>
    <acAddress>acaad4</acAddress>
    <xPos>1004922</xPos>
    <yPos>312234</yPos>
    <lat>38.42122</lat>
    <lon>-77.565</lon>
    <vVert>1381</vVert>
    <vx>-18</vx>
    <vy>-305</vy>
    <vVertRaw>943</vVertRaw>
    <vxRaw>-83</vxRaw>
    <vyRaw>-1388</vyRaw>
    <frozen>0</frozen>
    <new>0</new>
    <pseudo>0</pseudo>
    <adsb>1</adsb>
    <reportedBeaconCode>4607</reportedBeaconCode>
    <reportedAltitude>13900</reportedAltitude>
  </track>
  <flightPlan>
    <sfpn>1446</sfpn>
    <ocr>pending</ocr>
    <rnav>0</rnav>
    <cps>C</cps>
    <runway>NNNN</runway>
    <assignedBeaconCode>4607</assignedBeaconCode>
    <requestedAltitude>24000</requestedAltitude>
    <assignedAltitude>0</assignedAltitude>
    <category>I</category>
    <dbi></dbi>
    <acid>OLV915</acid>
    <acType>C525</acType>
    <entryFix>IAD</entryFix>
    <exitFix>JDB</exitFix>
    <airport>IAD</airport>
    <flightRules>IFR</flightRules>
    <rawFlightRules></rawFlightRules>
    <type>P</type>
    <ptdTime>1430</ptdTime>
    <status>active</status>
    <delete>0</delete>
    <suspended>0</suspended>
    <lld>NE</lld>
    <ECID>701</ECID>
    <eqptSuffix>unavailable</eqptSuffix>
  </flightPlan>
  <enhancedData>
    <eramGufi>KW52254454</eramGufi>
    <sfdpsGufi>us.fdps.2026-06-24T14:30:00Z.727/22/454</sfdpsGufi>
    <departureAirport>KIAD</departureAirport>
    <destinationAirport>KRDU</destinationAirport>
  </enhancedData>
</record>

=== 15:01:13.920 PCT JIA5330 ===
<record>
  <recSeqNum>680</recSeqNum>
  <recSrc>A</recSrc>
  <recType>210</recType>
  <recSTARSTimestamp>54073630</recSTARSTimestamp>
  <recSTARSSrcID>0</recSTARSSrcID>
  <recSTARSTimeSync>true</recSTARSTimeSync>
  <recSAFAReceiptTime>2026-06-24T15:01:13.645Z</recSAFAReceiptTime>
  <recSAFATimeSync>true</recSAFATimeSync>
  <track>
    <trackNum>1280</trackNum>
    <mrtTime>2026-06-24T15:01:12.686Z</mrtTime>
    <status>active</status>
    <acAddress>a682e3</acAddress>
    <xPos>1020124</xPos>
    <yPos>296930</yPos>
    <lat>37.42075</lat>
    <lon>-76.318</lon>
    <vVert>0</vVert>
    <vx>24</vx>
    <vy>-351</vy>
    <vVertRaw>0</vVertRaw>
    <vxRaw>109</vxRaw>
    <vyRaw>-1599</vyRaw>
    <frozen>0</frozen>
    <new>0</new>
    <pseudo>0</pseudo>
    <adsb>1</adsb>
    <reportedBeaconCode>4650</reportedBeaconCode>
    <reportedAltitude>12000</reportedAltitude>
  </track>
  <flightPlan>
    <sfpn>1057</sfpn>
    <ocr>normal handoff</ocr>
    <rnav>0</rnav>
    <cps>C</cps>
    <runway>NNNN</runway>
    <assignedBeaconCode>4650</assignedBeaconCode>
    <requestedAltitude>14000</requestedAltitude>
    <assignedAltitude>0</assignedAltitude>
    <category>G</category>
    <dbi></dbi>
    <acid>JIA5330</acid>
    <acType>CRJ7</acType>
    <entryFix>DCA</entryFix>
    <exitFix>ORF</exitFix>
    <airport>DCA</airport>
    <flightRules>IFR</flightRules>
    <rawFlightRules></rawFlightRules>
    <type>P</type>
    <ptdTime>1415</ptdTime>
    <status>active</status>
    <delete>0</delete>
    <suspended>0</suspended>
    <lld>NW</lld>
    <ECID>57P</ECID>
    <eqptSuffix>unavailable</eqptSuffix>
  </flightPlan>
  <enhancedData>
    <eramGufi>KW477514Ec</eramGufi>
    <sfdpsGufi>us.fdps.2026-06-24T13:15:51Z.000/22/4Ec</sfdpsGufi>
    <departureAirport>KDCA</departureAirport>
    <destinationAirport>KORF</destinationAirport>
  </enhancedData>
</record>

=== 15:01:14.214 PCT UAL1549 ===
<record>
  <recSeqNum>722</recSeqNum>
  <recSrc>A</recSrc>
  <recType>210</recType>
  <recSTARSTimestamp>54073800</recSTARSTimestamp>
  <recSTARSSrcID>0</recSTARSSrcID>
  <recSTARSTimeSync>true</recSTARSTimeSync>
  <recSAFAReceiptTime>2026-06-24T15:01:13.846Z</recSAFAReceiptTime>
  <recSAFATimeSync>true</recSAFATimeSync>
  <track>
    <trackNum>218</trackNum>
    <mrtTime>2026-06-24T15:01:13.391Z</mrtTime>
    <status>active</status>
    <acAddress>a92478</acAddress>
    <xPos>1001976</xPos>
    <yPos>301046</yPos>
    <lat>37.69108</lat>
    <lon>-77.80325</lon>
    <vVert>-1998</vVert>
    <vx>158</vx>
    <vy>353</vy>
    <vVertRaw>-1364</vVertRaw>
    <vxRaw>721</vxRaw>
    <vyRaw>1608</vyRaw>
    <frozen>0</frozen>
    <new>0</new>
    <pseudo>0</pseudo>
    <adsb>1</adsb>
    <reportedBeaconCode>7465</reportedBeaconCode>
    <reportedAltitude>20600</reportedAltitude>
  </track>
  <flightPlan>
    <sfpn>167</sfpn>
    <ocr>no change</ocr>
    <rnav>0</rnav>
    <scratchPad2>CAV</scratchPad2>
    <cps>C</cps>
    <assignedBeaconCode>7465</assignedBeaconCode>
    <requestedAltitude>0</requestedAltitude>
    <assignedAltitude>24000</assignedAltitude>
    <category>F</category>
    <dbi></dbi>
    <acid>UAL1549</acid>
    <acType>B739</acType>
    <entryFix>CFB</entryFix>
    <exitFix>IAD</exitFix>
    <airport>IAD</airport>
    <flightRules>IFR</flightRules>
    <rawFlightRules></rawFlightRules>
    <type>A</type>
    <ptdTime>1507</ptdTime>
    <status>active</status>
    <delete>0</delete>
    <suspended>0</suspended>
    <lld>NE</lld>
    <ECID>761</ECID>
    <eqptSuffix>unavailable</eqptSuffix>
  </flightPlan>
  <enhancedData>
    <eramGufi>KH415184hR</eramGufi>
    <sfdpsGufi>us.fdps.2026-06-24T11:31:58Z.000/07/4hR</sfdpsGufi>
    <departureAirport>KIAH</departureAirport>
    <destinationAirport>KIAD</destinationAirport>
  </enhancedData>
</record>

=== 15:01:14.215 PCT SWA1297 ===
<record>
  <recSeqNum>736</recSeqNum>
  <recSrc>A</recSrc>
  <recType>210</recType>
  <recSTARSTimestamp>54073930</recSTARSTimestamp>
  <recSTARSSrcID>0</recSTARSSrcID>
  <recSTARSTimeSync>true</recSTARSTimeSync>
  <recSAFAReceiptTime>2026-06-24T15:01:13.947Z</recSAFAReceiptTime>
  <recSAFATimeSync>true</recSAFATimeSync>
  <track>
    <trackNum>3368</trackNum>
    <mrtTime>2026-06-24T15:01:13.573Z</mrtTime>
    <status>active</status>
    <acAddress>aa7b54</acAddress>
    <xPos>1007765</xPos>
    <yPos>322295</yPos>
    <lat>39.07731</lat>
    <lon>-77.33047</lon>
    <vVert>2177</vVert>
    <vx>-284</vx>
    <vy>-277</vy>
    <vVertRaw>1486</vVertRaw>
    <vxRaw>-1291</vxRaw>
    <vyRaw>-1261</vyRaw>
    <frozen>0</frozen>
    <new>0</new>
    <pseudo>0</pseudo>
    <adsb>1</adsb>
    <reportedBeaconCode>6210</reportedBeaconCode>
    <reportedAltitude>18000</reportedAltitude>
  </track>
  <flightPlan>
    <sfpn>678</sfpn>
    <ocr>normal handoff</ocr>
    <rnav>0</rnav>
    <cps>C</cps>
    <runway>NNNN</runway>
    <assignedBeaconCode>6210</assignedBeaconCode>
    <requestedAltitude>36000</requestedAltitude>
    <assignedAltitude>0</assignedAltitude>
    <category>F</category>
    <dbi></dbi>
    <acid>SWA1297</acid>
    <acType>B737</acType>
    <entryFix>BWI</entryFix>
    <exitFix>FXO</exitFix>
    <airport>BWI</airport>
    <flightRules>IFR</flightRules>
    <rawFlightRules></rawFlightRules>
    <type>P</type>
    <ptdTime>1440</ptdTime>
    <status>active</status>
    <delete>0</delete>
    <suspended>0</suspended>
    <lld>NE</lld>
    <ECID>68V</ECID>
    <eqptSuffix>unavailable</eqptSuffix>
  </flightPlan>
  <enhancedData>
    <eramGufi>KW462034o8</eramGufi>
    <sfdpsGufi>us.fdps.2026-06-24T12:50:03Z.000/22/4o8</sfdpsGufi>
    <departureAirport>KBWI</departureAirport>
    <destinationAirport>KSDF</destinationAirport>
  </enhancedData>
</record>

=== 15:01:17.425 PCT N2320C ===
<record>
  <recSeqNum>1122</recSeqNum>
  <recSrc>A</recSrc>
  <recType>210</recType>
  <recSTARSTimestamp>54076910</recSTARSTimestamp>
  <recSTARSSrcID>0</recSTARSSrcID>
  <recSTARSTimeSync>true</recSTARSTimeSync>
  <recSAFAReceiptTime>2026-06-24T15:01:16.952Z</recSAFAReceiptTime>
  <recSAFATimeSync>true</recSAFATimeSync>
  <track>
    <trackNum>1624</trackNum>
    <mrtTime>2026-06-24T15:01:15.819Z</mrtTime>
    <status>active</status>
    <acAddress>a21249</acAddress>
    <xPos>997607</xPos>
    <yPos>320500</yPos>
    <lat>38.95653</lat>
    <lon>-78.17806</lon>
    <vVert>4172</vVert>
    <vx>-387</vx>
    <vy>57</vy>
    <vVertRaw>2848</vVertRaw>
    <vxRaw>-1760</vxRaw>
    <vyRaw>260</vyRaw>
    <frozen>0</frozen>
    <new>0</new>
    <pseudo>0</pseudo>
    <adsb>0</adsb>
    <reportedBeaconCode>3723</reportedBeaconCode>
    <reportedAltitude>25300</reportedAltitude>
  </track>
  <flightPlan>
    <sfpn>1184</sfpn>
    <ocr>normal handoff</ocr>
    <rnav>0</rnav>
    <cps>C</cps>
    <runway>NNNN</runway>
    <assignedBeaconCode>3723</assignedBeaconCode>
    <requestedAltitude>47000</requestedAltitude>
    <assignedAltitude>0</assignedAltitude>
    <category>F</category>
    <dbi></dbi>
    <acid>N2320C</acid>
    <acType>GA5C</acType>
    <entryFix>IAD</entryFix>
    <exitFix>RAM</exitFix>
    <airport>IAD</airport>
    <flightRules>IFR</flightRules>
    <rawFlightRules></rawFlightRules>
    <type>P</type>
    <ptdTime>1430</ptdTime>
    <status>active</status>
    <delete>0</delete>
    <suspended>0</suspended>
    <lld>NW</lld>
    <ECID>46P</ECID>
    <eqptSuffix>unavailable</eqptSuffix>
  </flightPlan>
  <enhancedData>
    <eramGufi>KW52213413</eramGufi>
    <sfdpsGufi>us.fdps.2026-06-24T14:30:00Z.303/22/413</sfdpsGufi>
    <departureAirport>KIAD</departureAirport>
    <destinationAirport>KMKC</destinationAirport>
  </enhancedData>
</record>

=== 15:01:17.426 PCT EJA110 ===
<record>
  <recSeqNum>1148</recSeqNum>
  <recSrc>A</recSrc>
  <recType>210</recType>
  <recSTARSTimestamp>54077110</recSTARSTimestamp>
  <recSTARSSrcID>0</recSTARSSrcID>
  <recSTARSTimeSync>true</recSTARSTimeSync>
  <recSAFAReceiptTime>2026-06-24T15:01:17.154Z</recSAFAReceiptTime>
  <recSAFATimeSync>true</recSAFATimeSync>
  <track>
    <trackNum>1914</trackNum>
    <mrtTime>2026-06-24T15:01:15.960Z</mrtTime>
    <status>active</status>
    <acAddress>000000</acAddress>
    <xPos>982989</xPos>
    <yPos>299826</yPos>
    <lat>37.59358</lat>
    <lon>-79.35786</lon>
    <vVert>-42</vVert>
    <vx>-357</vx>
    <vy>-255</vy>
    <vVertRaw>-29</vVertRaw>
    <vxRaw>-1624</vxRaw>
    <vyRaw>-1161</vyRaw>
    <frozen>0</frozen>
    <new>0</new>
    <pseudo>0</pseudo>
    <adsb>0</adsb>
    <reportedBeaconCode>7075</reportedBeaconCode>
    <reportedAltitude>43000</reportedAltitude>
  </track>
  <flightPlan>
    <sfpn>261</sfpn>
    <ocr>normal handoff</ocr>
    <rnav>0</rnav>
    <cps>C</cps>
    <runway>NNNN</runway>
    <assignedBeaconCode>7075</assignedBeaconCode>
    <requestedAltitude>43000</requestedAltitude>
    <assignedAltitude>0</assignedAltitude>
    <category>F</category>
    <dbi></dbi>
    <acid>EJA110</acid>
    <acType>GL5T</acType>
    <entryFix>IAD</entryFix>
    <exitFix>CLH</exitFix>
    <airport>IAD</airport>
    <flightRules>IFR</flightRules>
    <rawFlightRules></rawFlightRules>
    <type>P</type>
    <ptdTime>1354</ptdTime>
    <status>active</status>
    <delete>0</delete>
    <suspended>0</suspended>
    <lld>NE</lld>
    <ECID>478</ECID>
    <eqptSuffix>unavailable</eqptSuffix>
  </flightPlan>
  <enhancedData>
    <eramGufi>KW385444Rz</eramGufi>
    <sfdpsGufi>us.fdps.2026-06-24T10:42:24Z.000/22/4Rz</sfdpsGufi>
    <departureAirport>KIAD</departureAirport>
    <destinationAirport>KPDK</destinationAirport>
  </enhancedData>
</record>

=== 15:01:17.426 PCT N300KC ===
<record>
  <recSeqNum>1157</recSeqNum>
  <recSrc>A</recSrc>
  <recType>210</recType>
  <recSTARSTimestamp>54077230</recSTARSTimestamp>
  <recSTARSSrcID>0</recSTARSSrcID>
  <recSTARSTimeSync>true</recSTARSTimeSync>
  <recSAFAReceiptTime>2026-06-24T15:01:17.244Z</recSAFAReceiptTime>
  <recSAFATimeSync>true</recSAFATimeSync>
  <track>
    <trackNum>3391</trackNum>
    <mrtTime>2026-06-24T15:01:16.163Z</mrtTime>
    <status>active</status>
    <acAddress>000000</acAddress>
    <xPos>991322</xPos>
    <yPos>318922</yPos>
    <lat>38.84831</lat>
    <lon>-78.70036</lon>
    <vVert>1422</vVert>
    <vx>-374</vx>
    <vy>-1</vy>
    <vVertRaw>971</vVertRaw>
    <vxRaw>-1700</vxRaw>
    <vyRaw>-3</vyRaw>
    <frozen>0</frozen>
    <new>0</new>
    <pseudo>0</pseudo>
    <adsb>0</adsb>
    <reportedBeaconCode>5603</reportedBeaconCode>
    <reportedAltitude>27800</reportedAltitude>
  </track>
  <flightPlan>
    <sfpn>808</sfpn>
    <ocr>normal handoff</ocr>
    <rnav>0</rnav>
    <cps>C</cps>
    <runway>NNNN</runway>
    <assignedBeaconCode>5603</assignedBeaconCode>
    <requestedAltitude>34000</requestedAltitude>
    <assignedAltitude>0</assignedAltitude>
    <category>H</category>
    <dbi></dbi>
    <acid>N300KC</acid>
    <acType>CL30</acType>
    <entryFix>IAD</entryFix>
    <exitFix>OTO</exitFix>
    <airport>IAD</airport>
    <flightRules>IFR</flightRules>
    <rawFlightRules></rawFlightRules>
    <type>P</type>
    <ptdTime>1405</ptdTime>
    <status>active</status>
    <delete>0</delete>
    <suspended>0</suspended>
    <lld>NW</lld>
    <ECID>754</ECID>
    <eqptSuffix>unavailable</eqptSuffix>
  </flightPlan>
  <enhancedData>
    <eramGufi>KW50746446</eramGufi>
    <sfdpsGufi>us.fdps.2026-06-24T14:05:00Z.556/22/446</sfdpsGufi>
    <departureAirport>KIAD</departureAirport>
    <destinationAirport>KLUK</destinationAirport>
  </enhancedData>
</record>

=== 15:01:17.620 RDU N506C ===
<record>
  <recSeqNum>21446</recSeqNum>
  <recSrc>A</recSrc>
  <recType>210</recType>
  <recSTARSTimestamp>54077340</recSTARSTimestamp>
  <recSTARSSrcID>0</recSTARSSrcID>
  <recSTARSTimeSync>true</recSTARSTimeSync>
  <recSAFAReceiptTime>2026-06-24T15:01:17.363Z</recSAFAReceiptTime>
  <recSAFATimeSync>true</recSAFATimeSync>
  <track>
    <trackNum>3382</trackNum>
    <mrtTime>2026-06-24T15:01:16.990Z</mrtTime>
    <status>active</status>
    <acAddress>a6506c</acAddress>
    <xPos>979395</xPos>
    <yPos>308043</yPos>
    <lat>36.60717</lat>
    <lon>-78.18792</lon>
    <vVert>0</vVert>
    <vx>-93</vx>
    <vy>-130</vy>
    <vVertRaw>0</vVertRaw>
    <vxRaw>-423</vxRaw>
    <vyRaw>-591</vyRaw>
    <frozen>0</frozen>
    <new>0</new>
    <pseudo>0</pseudo>
    <adsb>1</adsb>
    <reportedBeaconCode>1736</reportedBeaconCode>
    <reportedAltitude>6500</reportedAltitude>
  </track>
  <flightPlan>
    <sfpn>559</sfpn>
    <ocr>normal handoff</ocr>
    <rnav>0</rnav>
    <scratchPad1>SOP</scratchPad1>
    <cps>1N</cps>
    <runway>NNNN</runway>
    <assignedBeaconCode>1736</assignedBeaconCode>
    <requestedAltitude>0</requestedAltitude>
    <assignedAltitude>0</assignedAltitude>
    <category>I</category>
    <dbi></dbi>
    <acid>N506C</acid>
    <acType>PA32</acType>
    <entryFix>LVL</entryFix>
    <exitFix>BUF</exitFix>
    <flightRules>V</flightRules>
    <rawFlightRules>V</rawFlightRules>
    <type>E</type>
    <status>active</status>
    <delete>0</delete>
    <suspended>0</suspended>
    <lld>NE</lld>
    <ECID>229</ECID>
    <eqptSuffix>unavailable</eqptSuffix>
  </flightPlan>
  <enhancedData>
    <eramGufi>KN488544xy</eramGufi>
    <sfdpsGufi>us.fdps.2026-06-24T13:34:14Z.000/13/4xy</sfdpsGufi>
    <departureAirport>KMXE</departureAirport>
    <destinationAirport>KSAP</destinationAirport>
  </enhancedData>
</record>

=== 15:01:20.140 ORF JIA5330 ===
<record>
  <recSeqNum>256</recSeqNum>
  <recSrc>A</recSrc>
  <recType>210</recType>
  <recSTARSTimestamp>54079730</recSTARSTimestamp>
  <recSTARSSrcID>0</recSTARSSrcID>
  <recSTARSTimeSync>true</recSTARSTimeSync>
  <recSAFAReceiptTime>2026-06-24T15:01:19.761Z</recSAFAReceiptTime>
  <recSAFATimeSync>true</recSAFATimeSync>
  <track>
    <trackNum>3339</trackNum>
    <mrtTime>2026-06-24T15:01:18.711Z</mrtTime>
    <status>active</status>
    <acAddress>a682e3</acAddress>
    <xPos>1022709</xPos>
    <yPos>295183</yPos>
    <lat>37.41092</lat>
    <lon>-76.31725</lon>
    <vVert>0</vVert>
    <vx>20</vx>
    <vy>-351</vy>
    <vVertRaw>0</vVertRaw>
    <vxRaw>92</vxRaw>
    <vyRaw>-1599</vyRaw>
    <frozen>0</frozen>
    <new>0</new>
    <pseudo>0</pseudo>
    <adsb>1</adsb>
    <reportedBeaconCode>4650</reportedBeaconCode>
    <reportedAltitude>12000</reportedAltitude>
  </track>
  <flightPlan>
    <sfpn>1011</sfpn>
    <ocr>normal handoff</ocr>
    <rnav>0</rnav>
    <cps>1G</cps>
    <assignedBeaconCode>4650</assignedBeaconCode>
    <requestedAltitude>0</requestedAltitude>
    <assignedAltitude>13000</assignedAltitude>
    <category>G</category>
    <dbi></dbi>
    <acid>JIA5330</acid>
    <acType>CRJ7</acType>
    <entryFix>OT1</entryFix>
    <exitFix>ORF</exitFix>
    <airport>ORF</airport>
    <flightRules>IFR</flightRules>
    <rawFlightRules></rawFlightRules>
    <type>A</type>
    <ptdTime>1458</ptdTime>
    <status>active</status>
    <delete>0</delete>
    <suspended>0</suspended>
    <lld>NE</lld>
    <ECID>57P</ECID>
    <eqptSuffix>unavailable</eqptSuffix>
  </flightPlan>
  <enhancedData>
    <eramGufi>KW477514Ec</eramGufi>
    <sfdpsGufi>us.fdps.2026-06-24T13:15:51Z.000/22/4Ec</sfdpsGufi>
    <departureAirport>KDCA</departureAirport>
    <destinationAirport>KORF</destinationAirport>
  </enhancedData>
</record>

=== 15:01:21.243 PCT N6980B ===
<record>
  <recSeqNum>1672</recSeqNum>
  <recSrc>A</recSrc>
  <recType>210</recType>
  <recSTARSTimestamp>54080980</recSTARSTimestamp>
  <recSTARSSrcID>0</recSTARSSrcID>
  <recSTARSTimeSync>true</recSTARSTimeSync>
  <recSAFAReceiptTime>2026-06-24T15:01:21.005Z</recSAFAReceiptTime>
  <recSAFATimeSync>true</recSAFATimeSync>
  <track>
    <trackNum>91</trackNum>
    <mrtTime>2026-06-24T15:01:20.677Z</mrtTime>
    <status>active</status>
    <acAddress>a94ac8</acAddress>
    <xPos>1010219</xPos>
    <yPos>335785</yPos>
    <lat>39.95619</lat>
    <lon>-77.12411</lon>
    <vVert>0</vVert>
    <vx>214</vx>
    <vy>6</vy>
    <vVertRaw>0</vVertRaw>
    <vxRaw>974</vxRaw>
    <vyRaw>28</vyRaw>
    <frozen>0</frozen>
    <new>0</new>
    <pseudo>0</pseudo>
    <adsb>1</adsb>
    <reportedBeaconCode>6631</reportedBeaconCode>
    <reportedAltitude>13000</reportedAltitude>
  </track>
  <flightPlan>
    <sfpn>1729</sfpn>
    <ocr>no change</ocr>
    <rnav>0</rnav>
    <cps>C</cps>
    <runway>NNNN</runway>
    <assignedBeaconCode>6631</assignedBeaconCode>
    <requestedAltitude>0</requestedAltitude>
    <assignedAltitude>15000</assignedAltitude>
    <category>I</category>
    <dbi></dbi>
    <acid>N6980B</acid>
    <acType>BE36</acType>
    <entryFix>P05</entryFix>
    <exitFix>P05</exitFix>
    <flightRules>E</flightRules>
    <rawFlightRules>E</rawFlightRules>
    <type>E</type>
    <status>active</status>
    <delete>0</delete>
    <suspended>0</suspended>
    <lld>NE</lld>
    <ECID>275</ECID>
    <eqptSuffix>unavailable</eqptSuffix>
  </flightPlan>
  <enhancedData>
    <eramGufi>KI447814TM</eramGufi>
    <sfdpsGufi>us.fdps.2026-06-24T12:26:21Z.000/08/4TM</sfdpsGufi>
    <departureAirport>KJVY</departureAirport>
    <destinationAirport>KILG</destinationAirport>
  </enhancedData>
</record>

=== 15:01:21.596 PCT SWA1576 ===
<record>
  <recSeqNum>1703</recSeqNum>
  <recSrc>A</recSrc>
  <recType>210</recType>
  <recSTARSTimestamp>54081280</recSTARSTimestamp>
  <recSTARSSrcID>0</recSTARSSrcID>
  <recSTARSTimeSync>true</recSTARSTimeSync>
  <recSAFAReceiptTime>2026-06-24T15:01:21.296Z</recSAFAReceiptTime>
  <recSAFATimeSync>true</recSAFATimeSync>
  <track>
    <trackNum>610</trackNum>
    <mrtTime>2026-06-24T15:01:20.374Z</mrtTime>
    <status>active</status>
    <acAddress>000000</acAddress>
    <xPos>989202</xPos>
    <yPos>300114</yPos>
    <lat>37.6205</lat>
    <lon>-78.8495</lon>
    <vVert>240</vVert>
    <vx>-285</vx>
    <vy>-308</vy>
    <vVertRaw>164</vVertRaw>
    <vxRaw>-1298</vxRaw>
    <vyRaw>-1400</vyRaw>
    <frozen>0</frozen>
    <new>0</new>
    <pseudo>0</pseudo>
    <adsb>0</adsb>
    <reportedBeaconCode>3575</reportedBeaconCode>
    <reportedAltitude>36000</reportedAltitude>
  </track>
  <flightPlan>
    <sfpn>304</sfpn>
    <ocr>normal handoff</ocr>
    <rnav>0</rnav>
    <cps>C</cps>
    <runway>NNNN</runway>
    <assignedBeaconCode>3575</assignedBeaconCode>
    <requestedAltitude>38000</requestedAltitude>
    <assignedAltitude>0</assignedAltitude>
    <category>F</category>
    <dbi></dbi>
    <acid>SWA1576</acid>
    <acType>B738</acType>
    <entryFix>BWI</entryFix>
    <exitFix>TSC</exitFix>
    <airport>BWI</airport>
    <flightRules>IFR</flightRules>
    <rawFlightRules></rawFlightRules>
    <type>P</type>
    <ptdTime>1415</ptdTime>
    <status>active</status>
    <delete>0</delete>
    <suspended>0</suspended>
    <lld>NE</lld>
    <ECID>878</ECID>
    <eqptSuffix>unavailable</eqptSuffix>
  </flightPlan>
  <enhancedData>
    <eramGufi>KW42182463</eramGufi>
    <sfdpsGufi>us.fdps.2026-06-24T11:43:02Z.000/22/463</sfdpsGufi>
    <departureAirport>KBWI</departureAirport>
    <destinationAirport>KAUS</destinationAirport>
  </enhancedData>
</record>

=== 15:01:22.032 PCT EJA110 ===
<record>
  <recSeqNum>1741</recSeqNum>
  <recSrc>A</recSrc>
  <recType>210</recType>
  <recSTARSTimestamp>54081580</recSTARSTimestamp>
  <recSTARSSrcID>0</recSTARSSrcID>
  <recSTARSTimeSync>true</recSTARSTimeSync>
  <recSAFAReceiptTime>2026-06-24T15:01:21.607Z</recSAFAReceiptTime>
  <recSAFATimeSync>true</recSAFATimeSync>
  <track>
    <trackNum>1914</trackNum>
    <mrtTime>2026-06-24T15:01:19.087Z</mrtTime>
    <status>active</status>
    <acAddress>000000</acAddress>
    <xPos>982900</xPos>
    <yPos>299793</yPos>
    <lat>37.59131</lat>
    <lon>-79.36508</lon>
    <vVert>-38</vVert>
    <vx>-359</vx>
    <vy>-240</vy>
    <vVertRaw>-26</vVertRaw>
    <vxRaw>-1635</vxRaw>
    <vyRaw>-1092</vyRaw>
    <frozen>0</frozen>
    <new>0</new>
    <pseudo>0</pseudo>
    <adsb>0</adsb>
    <reportedBeaconCode>7075</reportedBeaconCode>
    <reportedAltitude>43000</reportedAltitude>
  </track>
  <flightPlan>
    <sfpn>261</sfpn>
    <ocr>normal handoff</ocr>
    <rnav>0</rnav>
    <cps>C</cps>
    <runway>NNNN</runway>
    <assignedBeaconCode>7075</assignedBeaconCode>
    <requestedAltitude>43000</requestedAltitude>
    <assignedAltitude>0</assignedAltitude>
    <category>F</category>
    <dbi></dbi>
    <acid>EJA110</acid>
    <acType>GL5T</acType>
    <entryFix>IAD</entryFix>
    <exitFix>CLH</exitFix>
    <airport>IAD</airport>
    <flightRules>IFR</flightRules>
    <rawFlightRules></rawFlightRules>
    <type>P</type>
    <ptdTime>1354</ptdTime>
    <status>active</status>
    <delete>0</delete>
    <suspended>0</suspended>
    <lld>NE</lld>
    <ECID>478</ECID>
    <eqptSuffix>unavailable</eqptSuffix>
  </flightPlan>
  <enhancedData>
    <eramGufi>KW385444Rz</eramGufi>
    <sfdpsGufi>us.fdps.2026-06-24T10:42:24Z.000/22/4Rz</sfdpsGufi>
    <departureAirport>KIAD</departureAirport>
    <destinationAirport>KPDK</destinationAirport>
  </enhancedData>
</record>

=== 15:01:22.032 PCT N2320C ===
<record>
  <recSeqNum>1742</recSeqNum>
  <recSrc>A</recSrc>
  <recType>210</recType>
  <recSTARSTimestamp>54081580</recSTARSTimestamp>
  <recSTARSSrcID>0</recSTARSSrcID>
  <recSTARSTimeSync>true</recSTARSTimeSync>
  <recSAFAReceiptTime>2026-06-24T15:01:21.607Z</recSAFAReceiptTime>
  <recSAFATimeSync>true</recSAFATimeSync>
  <track>
    <trackNum>1624</trackNum>
    <mrtTime>2026-06-24T15:01:20.457Z</mrtTime>
    <status>active</status>
    <acAddress>a21249</acAddress>
    <xPos>997480</xPos>
    <yPos>320517</yPos>
    <lat>38.95756</lat>
    <lon>-78.18867</lon>
    <vVert>4172</vVert>
    <vx>-387</vx>
    <vy>54</vy>
    <vVertRaw>2848</vVertRaw>
    <vxRaw>-1760</vxRaw>
    <vyRaw>246</vyRaw>
    <frozen>0</frozen>
    <new>0</new>
    <pseudo>0</pseudo>
    <adsb>0</adsb>
    <reportedBeaconCode>3723</reportedBeaconCode>
    <reportedAltitude>25600</reportedAltitude>
  </track>
  <flightPlan>
    <sfpn>1184</sfpn>
    <ocr>normal handoff</ocr>
    <rnav>0</rnav>
    <cps>C</cps>
    <runway>NNNN</runway>
    <assignedBeaconCode>3723</assignedBeaconCode>
    <requestedAltitude>47000</requestedAltitude>
    <assignedAltitude>0</assignedAltitude>
    <category>F</category>
    <dbi></dbi>
    <acid>N2320C</acid>
    <acType>GA5C</acType>
    <entryFix>IAD</entryFix>
    <exitFix>RAM</exitFix>
    <airport>IAD</airport>
    <flightRules>IFR</flightRules>
    <rawFlightRules></rawFlightRules>
    <type>P</type>
    <ptdTime>1430</ptdTime>
    <status>active</status>
    <delete>0</delete>
    <suspended>0</suspended>
    <lld>NW</lld>
    <ECID>46P</ECID>
    <eqptSuffix>unavailable</eqptSuffix>
  </flightPlan>
  <enhancedData>
    <eramGufi>KW52213413</eramGufi>
    <sfdpsGufi>us.fdps.2026-06-24T14:30:00Z.303/22/413</sfdpsGufi>
    <departureAirport>KIAD</departureAirport>
    <destinationAirport>KMKC</destinationAirport>
  </enhancedData>
</record>

=== 15:01:22.032 PCT OLV915 ===
<record>
  <recSeqNum>1751</recSeqNum>
  <recSrc>A</recSrc>
  <recType>210</recType>
  <recSTARSTimestamp>54081580</recSTARSTimestamp>
  <recSTARSSrcID>0</recSTARSSrcID>
  <recSTARSTimeSync>true</recSTARSTimeSync>
  <recSAFAReceiptTime>2026-06-24T15:01:21.607Z</recSAFAReceiptTime>
  <recSAFATimeSync>true</recSAFATimeSync>
  <track>
    <trackNum>490</trackNum>
    <mrtTime>2026-06-24T15:01:20.515Z</mrtTime>
    <status>active</status>
    <acAddress>acaad4</acAddress>
    <xPos>1004906</xPos>
    <yPos>312075</yPos>
    <lat>38.41086</lat>
    <lon>-77.56628</lon>
    <vVert>1469</vVert>
    <vx>-42</vx>
    <vy>-304</vy>
    <vVertRaw>1003</vVertRaw>
    <vxRaw>-189</vxRaw>
    <vyRaw>-1382</vyRaw>
    <frozen>0</frozen>
    <new>0</new>
    <pseudo>0</pseudo>
    <adsb>1</adsb>
    <reportedBeaconCode>4607</reportedBeaconCode>
    <reportedAltitude>14100</reportedAltitude>
  </track>
  <flightPlan>
    <sfpn>1446</sfpn>
    <ocr>pending</ocr>
    <rnav>0</rnav>
    <cps>C</cps>
    <runway>NNNN</runway>
    <assignedBeaconCode>4607</assignedBeaconCode>
    <requestedAltitude>24000</requestedAltitude>
    <assignedAltitude>0</assignedAltitude>
    <category>I</category>
    <dbi></dbi>
    <acid>OLV915</acid>
    <acType>C525</acType>
    <entryFix>IAD</entryFix>
    <exitFix>JDB</exitFix>
    <airport>IAD</airport>
    <flightRules>IFR</flightRules>
    <rawFlightRules></rawFlightRules>
    <type>P</type>
    <ptdTime>1430</ptdTime>
    <status>active</status>
    <delete>0</delete>
    <suspended>0</suspended>
    <lld>NE</lld>
    <ECID>701</ECID>
    <eqptSuffix>unavailable</eqptSuffix>
  </flightPlan>
  <enhancedData>
    <eramGufi>KW52254454</eramGufi>
    <sfdpsGufi>us.fdps.2026-06-24T14:30:00Z.727/22/454</sfdpsGufi>
    <departureAirport>KIAD</departureAirport>
    <destinationAirport>KRDU</destinationAirport>
  </enhancedData>
</record>

=== 15:01:22.675 PCT SWA1426 ===
<record>
  <recSeqNum>1832</recSeqNum>
  <recSrc>A</recSrc>
  <recType>210</recType>
  <recSTARSTimestamp>54082330</recSTARSTimestamp>
  <recSTARSSrcID>0</recSTARSSrcID>
  <recSTARSTimeSync>true</recSTARSTimeSync>
  <recSAFAReceiptTime>2026-06-24T15:01:22.353Z</recSAFAReceiptTime>
  <recSAFATimeSync>true</recSAFATimeSync>
  <track>
    <trackNum>1470</trackNum>
    <mrtTime>2026-06-24T15:01:21.961Z</mrtTime>
    <status>active</status>
    <acAddress>aab09a</acAddress>
    <xPos>1005623</xPos>
    <yPos>319760</yPos>
    <lat>38.91183</lat>
    <lon>-77.50886</lon>
    <vVert>2465</vVert>
    <vx>-343</vx>
    <vy>-140</vy>
    <vVertRaw>1683</vVertRaw>
    <vxRaw>-1560</vxRaw>
    <vyRaw>-639</vyRaw>
    <frozen>0</frozen>
    <new>0</new>
    <pseudo>0</pseudo>
    <adsb>1</adsb>
    <reportedBeaconCode>6220</reportedBeaconCode>
    <reportedAltitude>16500</reportedAltitude>
  </track>
  <flightPlan>
    <sfpn>1757</sfpn>
    <ocr>normal handoff</ocr>
    <rnav>0</rnav>
    <cps>C</cps>
    <runway>NNNN</runway>
    <assignedBeaconCode>6220</assignedBeaconCode>
    <requestedAltitude>36000</requestedAltitude>
    <assignedAltitude>0</assignedAltitude>
    <category>F</category>
    <dbi></dbi>
    <acid>SWA1426</acid>
    <acType>B737</acType>
    <entryFix>DCA</entryFix>
    <exitFix>OTO</exitFix>
    <airport>DCA</airport>
    <flightRules>IFR</flightRules>
    <rawFlightRules></rawFlightRules>
    <type>P</type>
    <ptdTime>1435</ptdTime>
    <status>active</status>
    <delete>0</delete>
    <suspended>0</suspended>
    <lld>NW</lld>
    <ECID>81N</ECID>
    <eqptSuffix>unavailable</eqptSuffix>
  </flightPlan>
  <enhancedData>
    <eramGufi>KW452544g8</eramGufi>
    <sfdpsGufi>us.fdps.2026-06-24T12:34:14Z.000/22/4g8</sfdpsGufi>
    <departureAirport>KDCA</departureAirport>
    <destinationAirport>KBNA</destinationAirport>
  </enhancedData>
</record>

=== 15:01:24.854 PCT HRD31 ===
<record>
  <recSeqNum>2026</recSeqNum>
  <recSrc>A</recSrc>
  <recType>210</recType>
  <recSTARSTimestamp>54083680</recSTARSTimestamp>
  <recSTARSSrcID>0</recSTARSSrcID>
  <recSTARSTimeSync>true</recSTARSTimeSync>
  <recSAFAReceiptTime>2026-06-24T15:01:23.709Z</recSAFAReceiptTime>
  <recSAFATimeSync>true</recSAFATimeSync>
  <track>
    <trackNum>3389</trackNum>
    <mrtTime>2026-06-24T15:01:23.244Z</mrtTime>
    <status>active</status>
    <acAddress>ab5d37</acAddress>
    <xPos>993536</xPos>
    <yPos>318855</yPos>
    <lat>38.84611</lat>
    <lon>-78.51581</lon>
    <vVert>0</vVert>
    <vx>-129</vx>
    <vy>-14</vy>
    <vVertRaw>0</vVertRaw>
    <vxRaw>-589</vxRaw>
    <vyRaw>-64</vyRaw>
    <frozen>0</frozen>
    <new>0</new>
    <pseudo>0</pseudo>
    <adsb>1</adsb>
    <reportedBeaconCode>7071</reportedBeaconCode>
    <reportedAltitude>8000</reportedAltitude>
  </track>
  <flightPlan>
    <sfpn>415</sfpn>
    <ocr>normal handoff</ocr>
    <rnav>0</rnav>
    <scratchPad1>HTS</scratchPad1>
    <scratchPad2>DIR</scratchPad2>
    <cps>C</cps>
    <runway>NNNN</runway>
    <assignedBeaconCode>7071</assignedBeaconCode>
    <requestedAltitude>8000</requestedAltitude>
    <assignedAltitude>0</assignedAltitude>
    <category>I</category>
    <dbi></dbi>
    <acid>HRD31</acid>
    <acType>SR20</acType>
    <entryFix>IAD</entryFix>
    <exitFix>P27</exitFix>
    <airport>IAD</airport>
    <flightRules>IFR</flightRules>
    <rawFlightRules></rawFlightRules>
    <type>P</type>
    <ptdTime>1448</ptdTime>
    <status>active</status>
    <delete>0</delete>
    <suspended>0</suspended>
    <lld>SW</lld>
    <ECID>747</ECID>
    <eqptSuffix>unavailable</eqptSuffix>
  </flightPlan>
  <enhancedData>
    <eramGufi>KW5151842M</eramGufi>
    <sfdpsGufi>us.fdps.2026-06-24T13:18:13Z.000/22/4Et</sfdpsGufi>
    <departureAirport>KIAD</departureAirport>
    <destinationAirport>KHTS</destinationAirport>
  </enhancedData>
</record>

=== 15:01:26.503 PCT EJA110 ===
<record>
  <recSeqNum>2363</recSeqNum>
  <recSrc>A</recSrc>
  <recType>210</recType>
  <recSTARSTimestamp>54086240</recSTARSTimestamp>
  <recSTARSSrcID>0</recSTARSSrcID>
  <recSTARSTimeSync>true</recSTARSTimeSync>
  <recSAFAReceiptTime>2026-06-24T15:01:26.263Z</recSAFAReceiptTime>
  <recSAFATimeSync>true</recSAFATimeSync>
  <track>
    <trackNum>1914</trackNum>
    <mrtTime>2026-06-24T15:01:25.108Z</mrtTime>
    <status>active</status>
    <acAddress>000000</acAddress>
    <xPos>982743</xPos>
    <yPos>299684</yPos>
    <lat>37.58397</lat>
    <lon>-79.37772</lon>
    <vVert>-32</vVert>
    <vx>-361</vx>
    <vy>-249</vy>
    <vVertRaw>-22</vVertRaw>
    <vxRaw>-1644</vxRaw>
    <vyRaw>-1131</vyRaw>
    <frozen>0</frozen>
    <new>0</new>
    <pseudo>0</pseudo>
    <adsb>0</adsb>
    <reportedBeaconCode>7075</reportedBeaconCode>
    <reportedAltitude>43000</reportedAltitude>
  </track>
  <flightPlan>
    <sfpn>261</sfpn>
    <ocr>normal handoff</ocr>
    <rnav>0</rnav>
    <cps>C</cps>
    <runway>NNNN</runway>
    <assignedBeaconCode>7075</assignedBeaconCode>
    <requestedAltitude>43000</requestedAltitude>
    <assignedAltitude>0</assignedAltitude>
    <category>F</category>
    <dbi></dbi>
    <acid>EJA110</acid>
    <acType>GL5T</acType>
    <entryFix>IAD</entryFix>
    <exitFix>CLH</exitFix>
    <airport>IAD</airport>
    <flightRules>IFR</flightRules>
    <rawFlightRules></rawFlightRules>
    <type>P</type>
    <ptdTime>1354</ptdTime>
    <status>active</status>
    <delete>0</delete>
    <suspended>0</suspended>
    <lld>NE</lld>
    <ECID>478</ECID>
    <eqptSuffix>unavailable</eqptSuffix>
  </flightPlan>
  <enhancedData>
    <eramGufi>KW385444Rz</eramGufi>
    <sfdpsGufi>us.fdps.2026-06-24T10:42:24Z.000/22/4Rz</sfdpsGufi>
    <departureAirport>KIAD</departureAirport>
    <destinationAirport>KPDK</destinationAirport>
  </enhancedData>
</record>

=== 15:01:26.869 PCT N300KC ===
<record>
  <recSeqNum>2380</recSeqNum>
  <recSrc>A</recSrc>
  <recType>210</recType>
  <recSTARSTimestamp>54086370</recSTARSTimestamp>
  <recSTARSSrcID>0</recSTARSSrcID>
  <recSTARSTimeSync>true</recSTARSTimeSync>
  <recSAFAReceiptTime>2026-06-24T15:01:26.413Z</recSAFAReceiptTime>
  <recSAFATimeSync>true</recSAFATimeSync>
  <track>
    <trackNum>3391</trackNum>
    <mrtTime>2026-06-24T15:01:25.380Z</mrtTime>
    <status>active</status>
    <acAddress>000000</acAddress>
    <xPos>991068</xPos>
    <yPos>318921</yPos>
    <lat>38.84797</lat>
    <lon>-78.72153</lon>
    <vVert>1364</vVert>
    <vx>-381</vx>
    <vy>-3</vy>
    <vVertRaw>931</vVertRaw>
    <vxRaw>-1735</vxRaw>
    <vyRaw>-14</vyRaw>
    <frozen>0</frozen>
    <new>0</new>
    <pseudo>0</pseudo>
    <adsb>0</adsb>
    <reportedBeaconCode>5603</reportedBeaconCode>
    <reportedAltitude>28000</reportedAltitude>
  </track>
  <flightPlan>
    <sfpn>808</sfpn>
    <ocr>normal handoff</ocr>
    <rnav>0</rnav>
    <cps>C</cps>
    <runway>NNNN</runway>
    <assignedBeaconCode>5603</assignedBeaconCode>
    <requestedAltitude>34000</requestedAltitude>
    <assignedAltitude>0</assignedAltitude>
    <category>H</category>
    <dbi></dbi>
    <acid>N300KC</acid>
    <acType>CL30</acType>
    <entryFix>IAD</entryFix>
    <exitFix>OTO</exitFix>
    <airport>IAD</airport>
    <flightRules>IFR</flightRules>
    <rawFlightRules></rawFlightRules>
    <type>P</type>
    <ptdTime>1405</ptdTime>
    <status>active</status>
    <delete>0</delete>
    <suspended>0</suspended>
    <lld>NW</lld>
    <ECID>754</ECID>
    <eqptSuffix>unavailable</eqptSuffix>
  </flightPlan>
  <enhancedData>
    <eramGufi>KW50746446</eramGufi>
    <sfdpsGufi>us.fdps.2026-06-24T14:05:00Z.556/22/446</sfdpsGufi>
    <departureAirport>KIAD</departureAirport>
    <destinationAirport>KLUK</destinationAirport>
  </enhancedData>
</record>

=== 15:01:26.869 PCT SWA1426 ===
<record>
  <recSeqNum>2386</recSeqNum>
  <recSrc>A</recSrc>
  <recType>210</recType>
  <recSTARSTimestamp>54086370</recSTARSTimestamp>
  <recSTARSSrcID>0</recSTARSSrcID>
  <recSTARSTimeSync>true</recSTARSTimeSync>
  <recSAFAReceiptTime>2026-06-24T15:01:26.413Z</recSAFAReceiptTime>
  <recSAFATimeSync>true</recSAFATimeSync>
  <track>
    <trackNum>1470</trackNum>
    <mrtTime>2026-06-24T15:01:26.064Z</mrtTime>
    <status>active</status>
    <acAddress>aab09a</acAddress>
    <xPos>1005522</xPos>
    <yPos>319718</yPos>
    <lat>38.90908</lat>
    <lon>-77.51728</lon>
    <vVert>2446</vVert>
    <vx>-344</vx>
    <vy>-141</vy>
    <vVertRaw>1670</vVertRaw>
    <vxRaw>-1567</vxRaw>
    <vyRaw>-641</vyRaw>
    <frozen>0</frozen>
    <new>0</new>
    <pseudo>0</pseudo>
    <adsb>1</adsb>
    <reportedBeaconCode>6220</reportedBeaconCode>
    <reportedAltitude>16700</reportedAltitude>
  </track>
  <flightPlan>
    <sfpn>1757</sfpn>
    <ocr>normal handoff</ocr>
    <rnav>0</rnav>
    <cps>C</cps>
    <runway>NNNN</runway>
    <assignedBeaconCode>6220</assignedBeaconCode>
    <requestedAltitude>36000</requestedAltitude>
    <assignedAltitude>0</assignedAltitude>
    <category>F</category>
    <dbi></dbi>
    <acid>SWA1426</acid>
    <acType>B737</acType>
    <entryFix>DCA</entryFix>
    <exitFix>OTO</exitFix>
    <airport>DCA</airport>
    <flightRules>IFR</flightRules>
    <rawFlightRules></rawFlightRules>
    <type>P</type>
    <ptdTime>1435</ptdTime>
    <status>active</status>
    <delete>0</delete>
    <suspended>0</suspended>
    <lld>NW</lld>
    <ECID>81N</ECID>
    <eqptSuffix>unavailable</eqptSuffix>
  </flightPlan>
  <enhancedData>
    <eramGufi>KW452544g8</eramGufi>
    <sfdpsGufi>us.fdps.2026-06-24T12:34:14Z.000/22/4g8</sfdpsGufi>
    <departureAirport>KDCA</departureAirport>
    <destinationAirport>KBNA</destinationAirport>
  </enhancedData>
</record>

=== 15:01:26.869 PCT ENY3446 ===
<record>
  <recSeqNum>2399</recSeqNum>
  <recSrc>A</recSrc>
  <recType>210</recType>
  <recSTARSTimestamp>54086530</recSTARSTimestamp>
  <recSTARSSrcID>0</recSTARSSrcID>
  <recSTARSTimeSync>true</recSTARSTimeSync>
  <recSAFAReceiptTime>2026-06-24T15:01:26.554Z</recSAFAReceiptTime>
  <recSAFATimeSync>true</recSAFATimeSync>
  <track>
    <trackNum>1522</trackNum>
    <mrtTime>2026-06-24T15:01:25.492Z</mrtTime>
    <status>active</status>
    <acAddress>000000</acAddress>
    <xPos>990778</xPos>
    <yPos>321166</yPos>
    <lat>38.99392</lat>
    <lon>-78.74878</lon>
    <vVert>957</vVert>
    <vx>-355</vx>
    <vy>30</vy>
    <vVertRaw>653</vVertRaw>
    <vxRaw>-1617</vxRaw>
    <vyRaw>138</vyRaw>
    <frozen>0</frozen>
    <new>0</new>
    <pseudo>0</pseudo>
    <adsb>0</adsb>
    <reportedBeaconCode>5652</reportedBeaconCode>
    <reportedAltitude>34000</reportedAltitude>
  </track>
  <flightPlan>
    <sfpn>1026</sfpn>
    <ocr>normal handoff</ocr>
    <rnav>0</rnav>
    <cps>C</cps>
    <runway>NNNN</runway>
    <assignedBeaconCode>5652</assignedBeaconCode>
    <requestedAltitude>34000</requestedAltitude>
    <assignedAltitude>0</assignedAltitude>
    <category>G</category>
    <dbi></dbi>
    <acid>ENY3446</acid>
    <acType>E170</acType>
    <entryFix>BWI</entryFix>
    <exitFix>FXR</exitFix>
    <airport>BWI</airport>
    <flightRules>IFR</flightRules>
    <rawFlightRules></rawFlightRules>
    <type>P</type>
    <ptdTime>1434</ptdTime>
    <status>active</status>
    <delete>0</delete>
    <suspended>0</suspended>
    <lld>NE</lld>
    <ECID>307</ECID>
    <eqptSuffix>unavailable</eqptSuffix>
  </flightPlan>
  <enhancedData>
    <eramGufi>KW479484Kf</eramGufi>
    <sfdpsGufi>us.fdps.2026-06-24T13:19:08Z.000/22/4Kf</sfdpsGufi>
    <departureAirport>KBWI</departureAirport>
    <destinationAirport>KORD</destinationAirport>
  </enhancedData>
</record>

=== 15:01:26.869 PCT JIA5330 ===
<record>
  <recSeqNum>2435</recSeqNum>
  <recSrc>A</recSrc>
  <recType>210</recType>
  <recSTARSTimestamp>54086690</recSTARSTimestamp>
  <recSTARSSrcID>0</recSTARSSrcID>
  <recSTARSTimeSync>true</recSTARSTimeSync>
  <recSAFAReceiptTime>2026-06-24T15:01:26.705Z</recSAFAReceiptTime>
  <recSAFATimeSync>true</recSAFATimeSync>
  <track>
    <trackNum>1280</trackNum>
    <mrtTime>2026-06-24T15:01:26.378Z</mrtTime>
    <status>active</status>
    <acAddress>a682e3</acAddress>
    <xPos>1020148</xPos>
    <yPos>296588</yPos>
    <lat>37.39844</lat>
    <lon>-76.31631</lon>
    <vVert>0</vVert>
    <vx>24</vx>
    <vy>-351</vy>
    <vVertRaw>0</vVertRaw>
    <vxRaw>110</vxRaw>
    <vyRaw>-1597</vyRaw>
    <frozen>0</frozen>
    <new>0</new>
    <pseudo>0</pseudo>
    <adsb>1</adsb>
    <reportedBeaconCode>4650</reportedBeaconCode>
    <reportedAltitude>12000</reportedAltitude>
  </track>
  <flightPlan>
    <sfpn>1057</sfpn>
    <ocr>normal handoff</ocr>
    <rnav>0</rnav>
    <cps>C</cps>
    <runway>NNNN</runway>
    <assignedBeaconCode>4650</assignedBeaconCode>
    <requestedAltitude>14000</requestedAltitude>
    <assignedAltitude>0</assignedAltitude>
    <category>G</category>
    <dbi></dbi>
    <acid>JIA5330</acid>
    <acType>CRJ7</acType>
    <entryFix>DCA</entryFix>
    <exitFix>ORF</exitFix>
    <airport>DCA</airport>
    <flightRules>IFR</flightRules>
    <rawFlightRules></rawFlightRules>
    <type>P</type>
    <ptdTime>1415</ptdTime>
    <status>active</status>
    <delete>0</delete>
    <suspended>0</suspended>
    <lld>NW</lld>
    <ECID>57P</ECID>
    <eqptSuffix>unavailable</eqptSuffix>
  </flightPlan>
  <enhancedData>
    <eramGufi>KW477514Ec</eramGufi>
    <sfdpsGufi>us.fdps.2026-06-24T13:15:51Z.000/22/4Ec</sfdpsGufi>
    <departureAirport>KDCA</departureAirport>
    <destinationAirport>KORF</destinationAirport>
  </enhancedData>
</record>

=== 15:01:27.568 PCT UAL1549 ===
<record>
  <recSeqNum>2495</recSeqNum>
  <recSrc>A</recSrc>
  <recType>210</recType>
  <recSTARSTimestamp>54087150</recSTARSTimestamp>
  <recSTARSSrcID>0</recSTARSSrcID>
  <recSTARSTimeSync>true</recSTARSTimeSync>
  <recSAFAReceiptTime>2026-06-24T15:01:27.161Z</recSAFAReceiptTime>
  <recSAFATimeSync>true</recSAFATimeSync>
  <track>
    <trackNum>218</trackNum>
    <mrtTime>2026-06-24T15:01:26.812Z</mrtTime>
    <status>active</status>
    <acAddress>a92478</acAddress>
    <xPos>1002123</xPos>
    <yPos>301378</yPos>
    <lat>37.71278</lat>
    <lon>-77.79136</lon>
    <vVert>-2035</vVert>
    <vx>155</vx>
    <vy>350</vy>
    <vVertRaw>-1389</vVertRaw>
    <vxRaw>704</vxRaw>
    <vyRaw>1591</vyRaw>
    <frozen>0</frozen>
    <new>0</new>
    <pseudo>0</pseudo>
    <adsb>1</adsb>
    <reportedBeaconCode>7465</reportedBeaconCode>
    <reportedAltitude>20100</reportedAltitude>
  </track>
  <flightPlan>
    <sfpn>167</sfpn>
    <ocr>no change</ocr>
    <rnav>0</rnav>
    <scratchPad2>CAV</scratchPad2>
    <cps>C</cps>
    <assignedBeaconCode>7465</assignedBeaconCode>
    <requestedAltitude>0</requestedAltitude>
    <assignedAltitude>24000</assignedAltitude>
    <category>F</category>
    <dbi></dbi>
    <acid>UAL1549</acid>
    <acType>B739</acType>
    <entryFix>CFB</entryFix>
    <exitFix>IAD</exitFix>
    <airport>IAD</airport>
    <flightRules>IFR</flightRules>
    <rawFlightRules></rawFlightRules>
    <type>A</type>
    <ptdTime>1507</ptdTime>
    <status>active</status>
    <delete>0</delete>
    <suspended>0</suspended>
    <lld>NE</lld>
    <ECID>761</ECID>
    <eqptSuffix>unavailable</eqptSuffix>
  </flightPlan>
  <enhancedData>
    <eramGufi>KH415184hR</eramGufi>
    <sfdpsGufi>us.fdps.2026-06-24T11:31:58Z.000/07/4hR</sfdpsGufi>
    <departureAirport>KIAH</departureAirport>
    <destinationAirport>KIAD</destinationAirport>
  </enhancedData>
</record>

=== 15:01:27.925 PCT SWA1297 ===
<record>
  <recSeqNum>2536</recSeqNum>
  <recSrc>A</recSrc>
  <recType>210</recType>
  <recSTARSTimestamp>54087420</recSTARSTimestamp>
  <recSTARSSrcID>0</recSTARSSrcID>
  <recSTARSTimeSync>true</recSTARSTimeSync>
  <recSAFAReceiptTime>2026-06-24T15:01:27.459Z</recSAFAReceiptTime>
  <recSAFATimeSync>true</recSAFATimeSync>
  <track>
    <trackNum>3368</trackNum>
    <mrtTime>2026-06-24T15:01:27.095Z</mrtTime>
    <status>active</status>
    <acAddress>aa7b54</acAddress>
    <xPos>1007476</xPos>
    <yPos>322039</yPos>
    <lat>39.06061</lat>
    <lon>-77.35458</lon>
    <vVert>2218</vVert>
    <vx>-317</vx>
    <vy>-249</vy>
    <vVertRaw>1514</vVertRaw>
    <vxRaw>-1441</vxRaw>
    <vyRaw>-1131</vyRaw>
    <frozen>0</frozen>
    <new>0</new>
    <pseudo>0</pseudo>
    <adsb>1</adsb>
    <reportedBeaconCode>6210</reportedBeaconCode>
    <reportedAltitude>18500</reportedAltitude>
  </track>
  <flightPlan>
    <sfpn>678</sfpn>
    <ocr>normal handoff</ocr>
    <rnav>0</rnav>
    <cps>C</cps>
    <runway>NNNN</runway>
    <assignedBeaconCode>6210</assignedBeaconCode>
    <requestedAltitude>36000</requestedAltitude>
    <assignedAltitude>0</assignedAltitude>
    <category>F</category>
    <dbi></dbi>
    <acid>SWA1297</acid>
    <acType>B737</acType>
    <entryFix>BWI</entryFix>
    <exitFix>FXO</exitFix>
    <airport>BWI</airport>
    <flightRules>IFR</flightRules>
    <rawFlightRules></rawFlightRules>
    <type>P</type>
    <ptdTime>1440</ptdTime>
    <status>active</status>
    <delete>0</delete>
    <suspended>0</suspended>
    <lld>NE</lld>
    <ECID>68V</ECID>
    <eqptSuffix>unavailable</eqptSuffix>
  </flightPlan>
  <enhancedData>
    <eramGufi>KW462034o8</eramGufi>
    <sfdpsGufi>us.fdps.2026-06-24T12:50:03Z.000/22/4o8</sfdpsGufi>
    <departureAirport>KBWI</departureAirport>
    <destinationAirport>KSDF</destinationAirport>
  </enhancedData>
</record>

=== 15:01:27.925 PCT HRD31 ===
<record>
  <recSeqNum>2570</recSeqNum>
  <recSrc>A</recSrc>
  <recType>210</recType>
  <recSTARSTimestamp>54087740</recSTARSTimestamp>
  <recSTARSSrcID>0</recSTARSSrcID>
  <recSTARSTimeSync>true</recSTARSTimeSync>
  <recSAFAReceiptTime>2026-06-24T15:01:27.761Z</recSAFAReceiptTime>
  <recSAFATimeSync>true</recSAFATimeSync>
  <track>
    <trackNum>3389</trackNum>
    <mrtTime>2026-06-24T15:01:27.126Z</mrtTime>
    <status>active</status>
    <acAddress>ab5d37</acAddress>
    <xPos>993500</xPos>
    <yPos>318852</yPos>
    <lat>38.84589</lat>
    <lon>-78.51881</lon>
    <vVert>0</vVert>
    <vx>-129</vx>
    <vy>-14</vy>
    <vVertRaw>0</vVertRaw>
    <vxRaw>-588</vxRaw>
    <vyRaw>-64</vyRaw>
    <frozen>0</frozen>
    <new>0</new>
    <pseudo>0</pseudo>
    <adsb>1</adsb>
    <reportedBeaconCode>7071</reportedBeaconCode>
    <reportedAltitude>8000</reportedAltitude>
  </track>
  <flightPlan>
    <sfpn>415</sfpn>
    <ocr>normal handoff</ocr>
    <rnav>0</rnav>
    <scratchPad1>HTS</scratchPad1>
    <scratchPad2>DIR</scratchPad2>
    <cps>C</cps>
    <runway>NNNN</runway>
    <assignedBeaconCode>7071</assignedBeaconCode>
    <requestedAltitude>8000</requestedAltitude>
    <assignedAltitude>0</assignedAltitude>
    <category>I</category>
    <dbi></dbi>
    <acid>HRD31</acid>
    <acType>SR20</acType>
    <entryFix>IAD</entryFix>
    <exitFix>P27</exitFix>
    <airport>IAD</airport>
    <flightRules>IFR</flightRules>
    <rawFlightRules></rawFlightRules>
    <type>P</type>
    <ptdTime>1448</ptdTime>
    <status>active</status>
    <delete>0</delete>
    <suspended>0</suspended>
    <lld>SW</lld>
    <ECID>747</ECID>
    <eqptSuffix>unavailable</eqptSuffix>
  </flightPlan>
  <enhancedData>
    <eramGufi>KW5151842M</eramGufi>
    <sfdpsGufi>us.fdps.2026-06-24T13:18:13Z.000/22/4Et</sfdpsGufi>
    <departureAirport>KIAD</departureAirport>
    <destinationAirport>KHTS</destinationAirport>
  </enhancedData>
</record>

=== 15:01:28.490 ORF JIA5330 ===
<record>
  <recSeqNum>519</recSeqNum>
  <recSrc>A</recSrc>
  <recType>210</recType>
  <recSTARSTimestamp>54088280</recSTARSTimestamp>
  <recSTARSSrcID>0</recSTARSSrcID>
  <recSTARSTimeSync>true</recSTARSTimeSync>
  <recSAFAReceiptTime>2026-06-24T15:01:28.284Z</recSAFAReceiptTime>
  <recSAFATimeSync>true</recSAFATimeSync>
  <track>
    <trackNum>3339</trackNum>
    <mrtTime>2026-06-24T15:01:27.916Z</mrtTime>
    <status>active</status>
    <acAddress>a682e3</acAddress>
    <xPos>1022722</xPos>
    <yPos>294955</yPos>
    <lat>37.39606</lat>
    <lon>-76.31617</lon>
    <vVert>0</vVert>
    <vx>20</vx>
    <vy>-350</vy>
    <vVertRaw>0</vVertRaw>
    <vxRaw>92</vxRaw>
    <vyRaw>-1593</vyRaw>
    <frozen>0</frozen>
    <new>0</new>
    <pseudo>0</pseudo>
    <adsb>1</adsb>
    <reportedBeaconCode>4650</reportedBeaconCode>
    <reportedAltitude>12000</reportedAltitude>
  </track>
  <flightPlan>
    <sfpn>1011</sfpn>
    <ocr>normal handoff</ocr>
    <rnav>0</rnav>
    <cps>1G</cps>
    <assignedBeaconCode>4650</assignedBeaconCode>
    <requestedAltitude>0</requestedAltitude>
    <assignedAltitude>13000</assignedAltitude>
    <category>G</category>
    <dbi></dbi>
    <acid>JIA5330</acid>
    <acType>CRJ7</acType>
    <entryFix>OT1</entryFix>
    <exitFix>ORF</exitFix>
    <airport>ORF</airport>
    <flightRules>IFR</flightRules>
    <rawFlightRules></rawFlightRules>
    <type>A</type>
    <ptdTime>1458</ptdTime>
    <status>active</status>
    <delete>0</delete>
    <suspended>0</suspended>
    <lld>NE</lld>
    <ECID>57P</ECID>
    <eqptSuffix>unavailable</eqptSuffix>
  </flightPlan>
  <enhancedData>
    <eramGufi>KW477514Ec</eramGufi>
    <sfdpsGufi>us.fdps.2026-06-24T13:15:51Z.000/22/4Ec</sfdpsGufi>
    <departureAirport>KDCA</departureAirport>
    <destinationAirport>KORF</destinationAirport>
  </enhancedData>
</record>

=== 15:01:28.942 PCT PDT5894 ===
<record>
  <recSeqNum>2663</recSeqNum>
  <recSrc>A</recSrc>
  <recType>210</recType>
  <recSTARSTimestamp>54088630</recSTARSTimestamp>
  <recSTARSSrcID>0</recSTARSSrcID>
  <recSTARSTimeSync>true</recSTARSTimeSync>
  <recSAFAReceiptTime>2026-06-24T15:01:28.655Z</recSAFAReceiptTime>
  <recSAFATimeSync>true</recSAFATimeSync>
  <track>
    <trackNum>3178</trackNum>
    <mrtTime>2026-06-24T15:01:28.004Z</mrtTime>
    <status>active</status>
    <acAddress>ac857b</acAddress>
    <xPos>1009703</xPos>
    <yPos>300474</yPos>
    <lat>37.65522</lat>
    <lon>-77.1695</lon>
    <vVert>2024</vVert>
    <vx>198</vx>
    <vy>183</vy>
    <vVertRaw>1382</vVertRaw>
    <vxRaw>903</vxRaw>
    <vyRaw>833</vyRaw>
    <frozen>0</frozen>
    <new>0</new>
    <pseudo>0</pseudo>
    <adsb>1</adsb>
    <reportedBeaconCode>2410</reportedBeaconCode>
    <reportedAltitude>7200</reportedAltitude>
  </track>
  <flightPlan>
    <sfpn>216</sfpn>
    <ocr>pending</ocr>
    <rnav>0</rnav>
    <scratchPad1>LCY</scratchPad1>
    <cps>C</cps>
    <runway>NNNN</runway>
    <assignedBeaconCode>2410</assignedBeaconCode>
    <requestedAltitude>15000</requestedAltitude>
    <assignedAltitude>0</assignedAltitude>
    <category>G</category>
    <dbi></dbi>
    <acid>PDT5894</acid>
    <acType>E145</acType>
    <entryFix>RIC</entryFix>
    <exitFix>KUC</exitFix>
    <airport>RIC</airport>
    <flightRules>IFR</flightRules>
    <rawFlightRules></rawFlightRules>
    <type>P</type>
    <ptdTime>1453</ptdTime>
    <status>active</status>
    <delete>0</delete>
    <suspended>0</suspended>
    <lld>NE</lld>
    <ECID>308</ECID>
    <eqptSuffix>unavailable</eqptSuffix>
  </flightPlan>
  <enhancedData>
    <eramGufi>KW502344Gi</eramGufi>
    <sfdpsGufi>us.fdps.2026-06-24T13:57:14Z.000/22/4Gi</sfdpsGufi>
    <departureAirport>KRIC</departureAirport>
    <destinationAirport>KPHL</destinationAirport>
  </enhancedData>
</record>

=== 15:01:28.942 PCT DAL1592 ===
<record>
  <recSeqNum>2668</recSeqNum>
  <recSrc>A</recSrc>
  <recType>210</recType>
  <recSTARSTimestamp>54088630</recSTARSTimestamp>
  <recSTARSSrcID>0</recSTARSSrcID>
  <recSTARSTimeSync>true</recSTARSTimeSync>
  <recSAFAReceiptTime>2026-06-24T15:01:28.655Z</recSAFAReceiptTime>
  <recSAFATimeSync>true</recSAFATimeSync>
  <track>
    <trackNum>425</trackNum>
    <mrtTime>2026-06-24T15:01:27.513Z</mrtTime>
    <status>active</status>
    <acAddress>000000</acAddress>
    <xPos>997338</xPos>
    <yPos>310249</yPos>
    <lat>38.28836</lat>
    <lon>-78.19153</lon>
    <vVert>1516</vVert>
    <vx>-336</vx>
    <vy>-243</vy>
    <vVertRaw>1035</vVertRaw>
    <vxRaw>-1529</vxRaw>
    <vyRaw>-1107</vyRaw>
    <frozen>0</frozen>
    <new>0</new>
    <pseudo>0</pseudo>
    <adsb>0</adsb>
    <reportedBeaconCode>2125</reportedBeaconCode>
    <reportedAltitude>30200</reportedAltitude>
  </track>
  <flightPlan>
    <sfpn>1545</sfpn>
    <ocr>normal handoff</ocr>
    <rnav>0</rnav>
    <cps>C</cps>
    <runway>NNNN</runway>
    <assignedBeaconCode>2125</assignedBeaconCode>
    <requestedAltitude>34000</requestedAltitude>
    <assignedAltitude>0</assignedAltitude>
    <category>F</category>
    <dbi></dbi>
    <acid>DAL1592</acid>
    <acType>B739</acType>
    <entryFix>BWI</entryFix>
    <exitFix>TCL</exitFix>
    <airport>BWI</airport>
    <flightRules>IFR</flightRules>
    <rawFlightRules></rawFlightRules>
    <type>P</type>
    <ptdTime>1433</ptdTime>
    <status>active</status>
    <delete>0</delete>
    <suspended>0</suspended>
    <lld>W</lld>
    <ECID>220</ECID>
    <eqptSuffix>unavailable</eqptSuffix>
  </flightPlan>
  <enhancedData>
    <eramGufi>KW4944040n</eramGufi>
    <sfdpsGufi>us.fdps.2026-06-24T13:44:00Z.000/22/40n</sfdpsGufi>
    <departureAirport>KBWI</departureAirport>
    <destinationAirport>KATL</destinationAirport>
  </enhancedData>
</record>

=== 15:01:28.942 PCT LXJ447 ===
<record>
  <recSeqNum>2679</recSeqNum>
  <recSrc>A</recSrc>
  <recType>210</recType>
  <recSTARSTimestamp>54088650</recSTARSTimestamp>
  <recSTARSSrcID>0</recSTARSSrcID>
  <recSTARSTimeSync>true</recSTARSTimeSync>
  <recSAFAReceiptTime>2026-06-24T15:01:28.665Z</recSAFAReceiptTime>
  <recSAFATimeSync>true</recSAFATimeSync>
  <track>
    <trackNum>267</trackNum>
    <mrtTime>2026-06-24T15:01:28.196Z</mrtTime>
    <status>active</status>
    <acAddress>a56531</acAddress>
    <xPos>1017362</xPos>
    <yPos>324534</yPos>
    <lat>39.22119</lat>
    <lon>-76.52678</lon>
    <vVert>1362</vVert>
    <vx>369</vx>
    <vy>-108</vy>
    <vVertRaw>930</vVertRaw>
    <vxRaw>1681</vxRaw>
    <vyRaw>-490</vyRaw>
    <frozen>0</frozen>
    <new>0</new>
    <pseudo>0</pseudo>
    <adsb>1</adsb>
    <reportedBeaconCode>3711</reportedBeaconCode>
    <reportedAltitude>21700</reportedAltitude>
  </track>
  <flightPlan>
    <sfpn>1626</sfpn>
    <ocr>normal handoff</ocr>
    <rnav>0</rnav>
    <cps>C</cps>
    <runway>NNNN</runway>
    <assignedBeaconCode>3711</assignedBeaconCode>
    <requestedAltitude>23000</requestedAltitude>
    <assignedAltitude>0</assignedAltitude>
    <category>H</category>
    <dbi></dbi>
    <acid>LXJ447</acid>
    <acType>E545</acType>
    <entryFix>IAD</entryFix>
    <exitFix>BRO</exitFix>
    <airport>IAD</airport>
    <flightRules>IFR</flightRules>
    <rawFlightRules></rawFlightRules>
    <type>P</type>
    <ptdTime>1430</ptdTime>
    <status>active</status>
    <delete>0</delete>
    <suspended>0</suspended>
    <lld>NW</lld>
    <ECID>752</ECID>
    <eqptSuffix>unavailable</eqptSuffix>
  </flightPlan>
  <enhancedData>
    <eramGufi>KW52210410</eramGufi>
    <sfdpsGufi>us.fdps.2026-06-24T14:30:00Z.116/22/410</sfdpsGufi>
    <departureAirport>KIAD</departureAirport>
    <destinationAirport>KHPN</destinationAirport>
  </enhancedData>
</record>

=== 15:01:28.942 PCT SWA1011 ===
<record>
  <recSeqNum>2693</recSeqNum>
  <recSrc>A</recSrc>
  <recType>210</recType>
  <recSTARSTimestamp>54088770</recSTARSTimestamp>
  <recSTARSSrcID>0</recSTARSSrcID>
  <recSTARSTimeSync>true</recSTARSTimeSync>
  <recSAFAReceiptTime>2026-06-24T15:01:28.796Z</recSAFAReceiptTime>
  <recSAFATimeSync>true</recSAFATimeSync>
  <track>
    <trackNum>1765</trackNum>
    <mrtTime>2026-06-24T15:01:27.782Z</mrtTime>
    <status>active</status>
    <acAddress>a528d6</acAddress>
    <xPos>1013496</xPos>
    <yPos>323981</yPos>
    <lat>39.18664</lat>
    <lon>-76.85081</lon>
    <vVert>1156</vVert>
    <vx>-254</vx>
    <vy>27</vy>
    <vVertRaw>789</vVertRaw>
    <vxRaw>-1155</vxRaw>
    <vyRaw>125</vyRaw>
    <frozen>0</frozen>
    <new>0</new>
    <pseudo>0</pseudo>
    <adsb>1</adsb>
    <reportedBeaconCode>3706</reportedBeaconCode>
    <reportedAltitude>4900</reportedAltitude>
  </track>
  <flightPlan>
    <sfpn>1642</sfpn>
    <ocr>pending</ocr>
    <rnav>0</rnav>
    <cps>C</cps>
    <runway>NNNN</runway>
    <assignedBeaconCode>3706</assignedBeaconCode>
    <requestedAltitude>38000</requestedAltitude>
    <assignedAltitude>0</assignedAltitude>
    <category>F</category>
    <dbi></dbi>
    <acid>SWA1011</acid>
    <acType>B737</acType>
    <entryFix>BWI</entryFix>
    <exitFix>L78</exitFix>
    <airport>BWI</airport>
    <flightRules>IFR</flightRules>
    <rawFlightRules></rawFlightRules>
    <type>P</type>
    <ptdTime>1445</ptdTime>
    <status>active</status>
    <delete>0</delete>
    <suspended>0</suspended>
    <lld>SW</lld>
    <ECID>14V</ECID>
    <eqptSuffix>unavailable</eqptSuffix>
  </flightPlan>
  <enhancedData>
    <eramGufi>KW462664eL</eramGufi>
    <sfdpsGufi>us.fdps.2026-06-24T12:51:06Z.000/22/4eL</sfdpsGufi>
    <departureAirport>KBWI</departureAirport>
    <destinationAirport>KMKE</destinationAirport>
  </enhancedData>
</record>

=== 15:01:28.942 PCT SWA733 ===
<record>
  <recSeqNum>2697</recSeqNum>
  <recSrc>A</recSrc>
  <recType>210</recType>
  <recSTARSTimestamp>54088770</recSTARSTimestamp>
  <recSTARSSrcID>0</recSTARSSrcID>
  <recSTARSTimeSync>true</recSTARSTimeSync>
  <recSAFAReceiptTime>2026-06-24T15:01:28.796Z</recSAFAReceiptTime>
  <recSAFATimeSync>true</recSAFATimeSync>
  <track>
    <trackNum>1790</trackNum>
    <mrtTime>2026-06-24T15:01:28.377Z</mrtTime>
    <status>active</status>
    <acAddress>a2bb10</acAddress>
    <xPos>1010290</xPos>
    <yPos>324496</yPos>
    <lat>39.22072</lat>
    <lon>-77.11917</lon>
    <vVert>2840</vVert>
    <vx>-333</vx>
    <vy>-52</vy>
    <vVertRaw>1939</vVertRaw>
    <vxRaw>-1514</vxRaw>
    <vyRaw>-236</vyRaw>
    <frozen>0</frozen>
    <new>0</new>
    <pseudo>0</pseudo>
    <adsb>1</adsb>
    <reportedBeaconCode>2420</reportedBeaconCode>
    <reportedAltitude>13200</reportedAltitude>
  </track>
  <flightPlan>
    <sfpn>249</sfpn>
    <ocr>pending</ocr>
    <rnav>0</rnav>
    <cps>C</cps>
    <runway>NNNN</runway>
    <assignedBeaconCode>2420</assignedBeaconCode>
    <requestedAltitude>36000</requestedAltitude>
    <assignedAltitude>0</assignedAltitude>
    <category>F</category>
    <dbi></dbi>
    <acid>SWA733</acid>
    <acType>B737</acType>
    <entryFix>BWI</entryFix>
    <exitFix>FXO</exitFix>
    <airport>BWI</airport>
    <flightRules>IFR</flightRules>
    <rawFlightRules></rawFlightRules>
    <type>P</type>
    <ptdTime>1425</ptdTime>
    <status>active</status>
    <delete>0</delete>
    <suspended>0</suspended>
    <lld>NE</lld>
    <ECID>39Y</ECID>
    <eqptSuffix>unavailable</eqptSuffix>
  </flightPlan>
  <enhancedData>
    <eramGufi>KW461134Iw</eramGufi>
    <sfdpsGufi>us.fdps.2026-06-24T12:48:33Z.000/22/4Iw</sfdpsGufi>
    <departureAirport>KBWI</departureAirport>
    <destinationAirport>KSTL</destinationAirport>
  </enhancedData>
</record>

=== 15:01:28.942 PCT TCN764 ===
<record>
  <recSeqNum>2700</recSeqNum>
  <recSrc>A</recSrc>
  <recType>210</recType>
  <recSTARSTimestamp>54088770</recSTARSTimestamp>
  <recSTARSSrcID>0</recSTARSSrcID>
  <recSTARSTimeSync>true</recSTARSTimeSync>
  <recSAFAReceiptTime>2026-06-24T15:01:28.796Z</recSAFAReceiptTime>
  <recSAFATimeSync>true</recSAFATimeSync>
  <track>
    <trackNum>2645</trackNum>
    <mrtTime>2026-06-24T15:01:26.544Z</mrtTime>
    <status>active</status>
    <acAddress>000000</acAddress>
    <xPos>995032</xPos>
    <yPos>299951</yPos>
    <lat>37.61553</lat>
    <lon>-78.37167</lon>
    <vVert>1854</vVert>
    <vx>-239</vx>
    <vy>-313</vy>
    <vVertRaw>1266</vVertRaw>
    <vxRaw>-1086</vxRaw>
    <vyRaw>-1425</vyRaw>
    <frozen>0</frozen>
    <new>0</new>
    <pseudo>0</pseudo>
    <adsb>0</adsb>
    <reportedBeaconCode>0532</reportedBeaconCode>
    <reportedAltitude>30800</reportedAltitude>
  </track>
  <flightPlan>
    <sfpn>779</sfpn>
    <ocr>normal handoff</ocr>
    <rnav>0</rnav>
    <cps>C</cps>
    <runway>NNNN</runway>
    <assignedBeaconCode>0532</assignedBeaconCode>
    <requestedAltitude>41000</requestedAltitude>
    <assignedAltitude>3000</assignedAltitude>
    <category>H</category>
    <dbi></dbi>
    <acid>TCN764</acid>
    <acType>C750</acType>
    <entryFix>HEF</entryFix>
    <exitFix>JDB</exitFix>
    <airport>HEF</airport>
    <flightRules>IFR</flightRules>
    <rawFlightRules></rawFlightRules>
    <type>P</type>
    <ptdTime>1330</ptdTime>
    <status>active</status>
    <delete>0</delete>
    <suspended>0</suspended>
    <lld>W</lld>
    <ECID>906</ECID>
    <eqptSuffix>unavailable</eqptSuffix>
  </flightPlan>
  <enhancedData>
    <eramGufi>KW48678478</eramGufi>
    <sfdpsGufi>us.fdps.2026-06-24T13:30:00Z.159/22/478</sfdpsGufi>
    <departureAirport>KHEF</departureAirport>
    <destinationAirport>MBPV</destinationAirport>
  </enhancedData>
</record>

=== 15:01:29.664 PCT SWA149 ===
<record>
  <recSeqNum>2734</recSeqNum>
  <recSrc>A</recSrc>
  <recType>210</recType>
  <recSTARSTimestamp>54089210</recSTARSTimestamp>
  <recSTARSSrcID>0</recSTARSSrcID>
  <recSTARSTimeSync>true</recSTARSTimeSync>
  <recSAFAReceiptTime>2026-06-24T15:01:29.238Z</recSAFAReceiptTime>
  <recSAFATimeSync>true</recSAFATimeSync>
  <track>
    <trackNum>1597</trackNum>
    <mrtTime>2026-06-24T15:01:28.095Z</mrtTime>
    <status>active</status>
    <acAddress>ad1a4e</acAddress>
    <xPos>1004716</xPos>
    <yPos>314658</yPos>
    <lat>38.57914</lat>
    <lon>-77.58286</lon>
    <vVert>2479</vVert>
    <vx>-218</vx>
    <vy>-368</vy>
    <vVertRaw>1692</vVertRaw>
    <vxRaw>-990</vxRaw>
    <vyRaw>-1674</vyRaw>
    <frozen>0</frozen>
    <new>0</new>
    <pseudo>0</pseudo>
    <adsb>1</adsb>
    <reportedBeaconCode>2122</reportedBeaconCode>
    <reportedAltitude>20200</reportedAltitude>
  </track>
  <flightPlan>
    <sfpn>677</sfpn>
    <ocr>normal handoff</ocr>
    <rnav>0</rnav>
    <cps>C</cps>
    <runway>NNNN</runway>
    <assignedBeaconCode>2122</assignedBeaconCode>
    <requestedAltitude>38000</requestedAltitude>
    <assignedAltitude>0</assignedAltitude>
    <category>F</category>
    <dbi></dbi>
    <acid>SWA149</acid>
    <acType>B737</acType>
    <entryFix>DCA</entryFix>
    <exitFix>SCR</exitFix>
    <airport>DCA</airport>
    <flightRules>IFR</flightRules>
    <rawFlightRules></rawFlightRules>
    <type>P</type>
    <ptdTime>1440</ptdTime>
    <status>active</status>
    <delete>0</delete>
    <suspended>0</suspended>
    <lld>NE</lld>
    <ECID>305</ECID>
    <eqptSuffix>unavailable</eqptSuffix>
  </flightPlan>
  <enhancedData>
    <eramGufi>KW437804dt</eramGufi>
    <sfdpsGufi>us.fdps.2026-06-24T12:09:40Z.000/22/4dt</sfdpsGufi>
    <departureAirport>KDCA</departureAirport>
    <destinationAirport>KDAL</destinationAirport>
  </enhancedData>
</record>

=== 15:01:31.476 PCT OLV915 ===
<record>
  <recSeqNum>2735</recSeqNum>
  <recSrc>A</recSrc>
  <recType>210</recType>
  <recSTARSTimestamp>54089210</recSTARSTimestamp>
  <recSTARSSrcID>0</recSTARSSrcID>
  <recSTARSTimeSync>true</recSTARSTimeSync>
  <recSAFAReceiptTime>2026-06-24T15:01:29.238Z</recSAFAReceiptTime>
  <recSAFATimeSync>true</recSAFATimeSync>
  <track>
    <trackNum>490</trackNum>
    <mrtTime>2026-06-24T15:01:27.903Z</mrtTime>
    <status>active</status>
    <acAddress>acaad4</acAddress>
    <xPos>1004869</xPos>
    <yPos>311924</yPos>
    <lat>38.401</lat>
    <lon>-77.56931</lon>
    <vVert>1485</vVert>
    <vx>-81</vx>
    <vy>-283</vy>
    <vVertRaw>1014</vVertRaw>
    <vxRaw>-367</vxRaw>
    <vyRaw>-1288</vyRaw>
    <frozen>0</frozen>
    <new>0</new>
    <pseudo>0</pseudo>
    <adsb>1</adsb>
    <reportedBeaconCode>4607</reportedBeaconCode>
    <reportedAltitude>14300</reportedAltitude>
  </track>
  <flightPlan>
    <sfpn>1446</sfpn>
    <ocr>normal handoff</ocr>
    <rnav>0</rnav>
    <cps>C</cps>
    <runway>NNNN</runway>
    <assignedBeaconCode>4607</assignedBeaconCode>
    <requestedAltitude>24000</requestedAltitude>
    <assignedAltitude>0</assignedAltitude>
    <category>I</category>
    <dbi></dbi>
    <acid>OLV915</acid>
    <acType>C525</acType>
    <entryFix>IAD</entryFix>
    <exitFix>JDB</exitFix>
    <airport>IAD</airport>
    <flightRules>IFR</flightRules>
    <rawFlightRules></rawFlightRules>
    <type>P</type>
    <ptdTime>1430</ptdTime>
    <status>active</status>
    <delete>0</delete>
    <suspended>0</suspended>
    <lld>NE</lld>
    <ECID>701</ECID>
    <eqptSuffix>unavailable</eqptSuffix>
  </flightPlan>
  <enhancedData>
    <eramGufi>KW52254454</eramGufi>
    <sfdpsGufi>us.fdps.2026-06-24T14:30:00Z.727/22/454</sfdpsGufi>
    <departureAirport>KIAD</departureAirport>
    <destinationAirport>KRDU</destinationAirport>
  </enhancedData>
</record>

=== 15:01:31.476 PCT N6980B ===
<record>
  <recSeqNum>2767</recSeqNum>
  <recSrc>A</recSrc>
  <recType>210</recType>
  <recSTARSTimestamp>54089240</recSTARSTimestamp>
  <recSTARSSrcID>0</recSTARSSrcID>
  <recSTARSTimeSync>true</recSTARSTimeSync>
  <recSAFAReceiptTime>2026-06-24T15:01:29.258Z</recSAFAReceiptTime>
  <recSAFATimeSync>true</recSAFATimeSync>
  <track>
    <trackNum>91</trackNum>
    <mrtTime>2026-06-24T15:01:28.883Z</mrtTime>
    <status>active</status>
    <acAddress>a94ac8</acAddress>
    <xPos>1010343</xPos>
    <yPos>335788</yPos>
    <lat>39.95636</lat>
    <lon>-77.11361</lon>
    <vVert>0</vVert>
    <vx>213</vx>
    <vy>6</vy>
    <vVertRaw>0</vVertRaw>
    <vxRaw>969</vxRaw>
    <vyRaw>27</vyRaw>
    <frozen>0</frozen>
    <new>0</new>
    <pseudo>0</pseudo>
    <adsb>1</adsb>
    <reportedBeaconCode>6631</reportedBeaconCode>
    <reportedAltitude>13000</reportedAltitude>
  </track>
  <flightPlan>
    <sfpn>1729</sfpn>
    <ocr>no change</ocr>
    <rnav>0</rnav>
    <cps>C</cps>
    <runway>NNNN</runway>
    <assignedBeaconCode>6631</assignedBeaconCode>
    <requestedAltitude>0</requestedAltitude>
    <assignedAltitude>15000</assignedAltitude>
    <category>I</category>
    <dbi></dbi>
    <acid>N6980B</acid>
    <acType>BE36</acType>
    <entryFix>P05</entryFix>
    <exitFix>P05</exitFix>
    <flightRules>E</flightRules>
    <rawFlightRules>E</rawFlightRules>
    <type>E</type>
    <status>active</status>
    <delete>0</delete>
    <suspended>0</suspended>
    <lld>NE</lld>
    <ECID>275</ECID>
    <eqptSuffix>unavailable</eqptSuffix>
  </flightPlan>
  <enhancedData>
    <eramGufi>KI447814TM</eramGufi>
    <sfdpsGufi>us.fdps.2026-06-24T12:26:21Z.000/08/4TM</sfdpsGufi>
    <departureAirport>KJVY</departureAirport>
    <destinationAirport>KILG</destinationAirport>
  </enhancedData>
</record>

=== 15:01:31.477 PCT SWA149 ===
<record>
  <recSeqNum>2786</recSeqNum>
  <recSrc>A</recSrc>
  <recType>210</recType>
  <recSTARSTimestamp>54089390</recSTARSTimestamp>
  <recSTARSSrcID>0</recSTARSSrcID>
  <recSTARSTimeSync>true</recSTARSTimeSync>
  <recSAFAReceiptTime>2026-06-24T15:01:29.409Z</recSAFAReceiptTime>
  <recSAFATimeSync>true</recSAFATimeSync>
  <track>
    <trackNum>1597</trackNum>
    <mrtTime>2026-06-24T15:01:29.024Z</mrtTime>
    <status>active</status>
    <acAddress>ad1a4e</acAddress>
    <xPos>1004701</xPos>
    <yPos>314633</yPos>
    <lat>38.5775</lat>
    <lon>-77.58408</lon>
    <vVert>2358</vVert>
    <vx>-217</vx>
    <vy>-368</vy>
    <vVertRaw>1610</vVertRaw>
    <vxRaw>-989</vxRaw>
    <vyRaw>-1675</vyRaw>
    <frozen>0</frozen>
    <new>0</new>
    <pseudo>0</pseudo>
    <adsb>1</adsb>
    <reportedBeaconCode>2122</reportedBeaconCode>
    <reportedAltitude>20200</reportedAltitude>
  </track>
  <flightPlan>
    <sfpn>677</sfpn>
    <ocr>normal handoff</ocr>
    <rnav>0</rnav>
    <cps>C</cps>
    <runway>NNNN</runway>
    <assignedBeaconCode>2122</assignedBeaconCode>
    <requestedAltitude>38000</requestedAltitude>
    <assignedAltitude>0</assignedAltitude>
    <category>F</category>
    <dbi></dbi>
    <acid>SWA149</acid>
    <acType>B737</acType>
    <entryFix>DCA</entryFix>
    <exitFix>SCR</exitFix>
    <airport>DCA</airport>
    <flightRules>IFR</flightRules>
    <rawFlightRules></rawFlightRules>
    <type>P</type>
    <ptdTime>1440</ptdTime>
    <status>active</status>
    <delete>0</delete>
    <suspended>0</suspended>
    <lld>NE</lld>
    <ECID>305</ECID>
    <eqptSuffix>unavailable</eqptSuffix>
  </flightPlan>
  <enhancedData>
    <eramGufi>KW437804dt</eramGufi>
    <sfdpsGufi>us.fdps.2026-06-24T12:09:40Z.000/22/4dt</sfdpsGufi>
    <departureAirport>KDCA</departureAirport>
    <destinationAirport>KDAL</destinationAirport>
  </enhancedData>
</record>

=== 15:01:31.669 PCT ENY3462 ===
<record>
  <recSeqNum>2838</recSeqNum>
  <recSrc>A</recSrc>
  <recType>210</recType>
  <recSTARSTimestamp>54089830</recSTARSTimestamp>
  <recSTARSSrcID>0</recSTARSSrcID>
  <recSTARSTimeSync>true</recSTARSTimeSync>
  <recSAFAReceiptTime>2026-06-24T15:01:29.851Z</recSAFAReceiptTime>
  <recSAFATimeSync>true</recSAFATimeSync>
  <track>
    <trackNum>147</trackNum>
    <mrtTime>2026-06-24T15:01:28.704Z</mrtTime>
    <status>active</status>
    <acAddress>a234ef</acAddress>
    <xPos>1010130</xPos>
    <yPos>320321</yPos>
    <lat>38.94869</lat>
    <lon>-77.13292</lon>
    <vVert>2048</vVert>
    <vx>-127</vx>
    <vy>213</vy>
    <vVertRaw>1398</vVertRaw>
    <vxRaw>-580</vxRaw>
    <vyRaw>971</vyRaw>
    <frozen>0</frozen>
    <new>0</new>
    <pseudo>0</pseudo>
    <adsb>1</adsb>
    <reportedBeaconCode>6504</reportedBeaconCode>
    <reportedAltitude>4000</reportedAltitude>
  </track>
  <flightPlan>
    <sfpn>1591</sfpn>
    <ocr>pending</ocr>
    <rnav>0</rnav>
    <cps>C</cps>
    <runway>NNNN</runway>
    <assignedBeaconCode>6504</assignedBeaconCode>
    <requestedAltitude>34000</requestedAltitude>
    <assignedAltitude>0</assignedAltitude>
    <category>G</category>
    <dbi></dbi>
    <acid>ENY3462</acid>
    <acType>E170</acType>
    <entryFix>DCA</entryFix>
    <exitFix>RAM</exitFix>
    <airport>DCA</airport>
    <flightRules>IFR</flightRules>
    <rawFlightRules></rawFlightRules>
    <type>P</type>
    <ptdTime>1450</ptdTime>
    <status>active</status>
    <delete>0</delete>
    <suspended>0</suspended>
    <lld>NW</lld>
    <ECID>959</ECID>
    <eqptSuffix>unavailable</eqptSuffix>
  </flightPlan>
  <enhancedData>
    <eramGufi>KW489174kj</eramGufi>
    <sfdpsGufi>us.fdps.2026-06-24T13:35:17Z.000/22/4kj</sfdpsGufi>
    <departureAirport>KDCA</departureAirport>
    <destinationAirport>KCID</destinationAirport>
  </enhancedData>
</record>

=== 15:01:32.123 PCT SWA1297 ===
<record>
  <recSeqNum>3079</recSeqNum>
  <recSrc>A</recSrc>
  <recType>210</recType>
  <recSTARSTimestamp>54091630</recSTARSTimestamp>
  <recSTARSSrcID>0</recSTARSSrcID>
  <recSTARSTimeSync>true</recSTARSTimeSync>
  <recSAFAReceiptTime>2026-06-24T15:01:31.662Z</recSAFAReceiptTime>
  <recSAFATimeSync>true</recSAFATimeSync>
  <track>
    <trackNum>3368</trackNum>
    <mrtTime>2026-06-24T15:01:31.277Z</mrtTime>
    <status>active</status>
    <acAddress>aa7b54</acAddress>
    <xPos>1007378</xPos>
    <yPos>321970</yPos>
    <lat>39.05611</lat>
    <lon>-77.36278</lon>
    <vVert>2215</vVert>
    <vx>-332</vx>
    <vy>-230</vy>
    <vVertRaw>1512</vVertRaw>
    <vxRaw>-1510</vxRaw>
    <vyRaw>-1046</vyRaw>
    <frozen>0</frozen>
    <new>0</new>
    <pseudo>0</pseudo>
    <adsb>1</adsb>
    <reportedBeaconCode>6210</reportedBeaconCode>
    <reportedAltitude>18600</reportedAltitude>
  </track>
  <flightPlan>
    <sfpn>678</sfpn>
    <ocr>normal handoff</ocr>
    <rnav>0</rnav>
    <cps>C</cps>
    <runway>NNNN</runway>
    <assignedBeaconCode>6210</assignedBeaconCode>
    <requestedAltitude>36000</requestedAltitude>
    <assignedAltitude>0</assignedAltitude>
    <category>F</category>
    <dbi></dbi>
    <acid>SWA1297</acid>
    <acType>B737</acType>
    <entryFix>BWI</entryFix>
    <exitFix>FXO</exitFix>
    <airport>BWI</airport>
    <flightRules>IFR</flightRules>
    <rawFlightRules></rawFlightRules>
    <type>P</type>
    <ptdTime>1440</ptdTime>
    <status>active</status>
    <delete>0</delete>
    <suspended>0</suspended>
    <lld>NE</lld>
    <ECID>68V</ECID>
    <eqptSuffix>unavailable</eqptSuffix>
  </flightPlan>
  <enhancedData>
    <eramGufi>KW462034o8</eramGufi>
    <sfdpsGufi>us.fdps.2026-06-24T12:50:03Z.000/22/4o8</sfdpsGufi>
    <departureAirport>KBWI</departureAirport>
    <destinationAirport>KSDF</destinationAirport>
  </enhancedData>
</record>

=== 15:01:32.713 ORF JIA5330 ===
<record>
  <recSeqNum>638</recSeqNum>
  <recSrc>A</recSrc>
  <recType>210</recType>
  <recSTARSTimestamp>54092330</recSTARSTimestamp>
  <recSTARSSrcID>0</recSTARSSrcID>
  <recSTARSTimeSync>true</recSTARSTimeSync>
  <recSAFAReceiptTime>2026-06-24T15:01:32.337Z</recSAFAReceiptTime>
  <recSAFATimeSync>true</recSAFATimeSync>
  <track>
    <trackNum>3339</trackNum>
    <mrtTime>2026-06-24T15:01:31.948Z</mrtTime>
    <status>active</status>
    <acAddress>a682e3</acAddress>
    <xPos>1022728</xPos>
    <yPos>294854</yPos>
    <lat>37.38947</lat>
    <lon>-76.31567</lon>
    <vVert>0</vVert>
    <vx>20</vx>
    <vy>-350</vy>
    <vVertRaw>0</vVertRaw>
    <vxRaw>92</vxRaw>
    <vyRaw>-1595</vyRaw>
    <frozen>0</frozen>
    <new>0</new>
    <pseudo>0</pseudo>
    <adsb>1</adsb>
    <reportedBeaconCode>4650</reportedBeaconCode>
    <reportedAltitude>12000</reportedAltitude>
  </track>
  <flightPlan>
    <sfpn>1011</sfpn>
    <ocr>normal handoff</ocr>
    <rnav>0</rnav>
    <cps>1G</cps>
    <assignedBeaconCode>4650</assignedBeaconCode>
    <requestedAltitude>0</requestedAltitude>
    <assignedAltitude>13000</assignedAltitude>
    <category>G</category>
    <dbi></dbi>
    <acid>JIA5330</acid>
    <acType>CRJ7</acType>
    <entryFix>OT1</entryFix>
    <exitFix>ORF</exitFix>
    <airport>ORF</airport>
    <flightRules>IFR</flightRules>
    <rawFlightRules></rawFlightRules>
    <type>A</type>
    <ptdTime>1458</ptdTime>
    <status>active</status>
    <delete>0</delete>
    <suspended>0</suspended>
    <lld>NE</lld>
    <ECID>57P</ECID>
    <eqptSuffix>unavailable</eqptSuffix>
  </flightPlan>
  <enhancedData>
    <eramGufi>KW477514Ec</eramGufi>
    <sfdpsGufi>us.fdps.2026-06-24T13:15:51Z.000/22/4Ec</sfdpsGufi>
    <departureAirport>KDCA</departureAirport>
    <destinationAirport>KORF</destinationAirport>
  </enhancedData>
</record>

=== 15:01:33.867 PCT SWA149 ===
<record>
  <recSeqNum>3310</recSeqNum>
  <recSrc>A</recSrc>
  <recType>210</recType>
  <recSTARSTimestamp>54093430</recSTARSTimestamp>
  <recSTARSSrcID>0</recSTARSSrcID>
  <recSTARSTimeSync>true</recSTARSTimeSync>
  <recSAFAReceiptTime>2026-06-24T15:01:33.452Z</recSAFAReceiptTime>
  <recSAFATimeSync>true</recSAFATimeSync>
  <track>
    <trackNum>1597</trackNum>
    <mrtTime>2026-06-24T15:01:33.036Z</mrtTime>
    <status>active</status>
    <acAddress>ad1a4e</acAddress>
    <xPos>1004639</xPos>
    <yPos>314528</yPos>
    <lat>38.57067</lat>
    <lon>-77.58919</lon>
    <vVert>2268</vVert>
    <vx>-218</vx>
    <vy>-369</vy>
    <vVertRaw>1548</vVertRaw>
    <vxRaw>-993</vxRaw>
    <vyRaw>-1678</vyRaw>
    <frozen>0</frozen>
    <new>0</new>
    <pseudo>0</pseudo>
    <adsb>1</adsb>
    <reportedBeaconCode>2122</reportedBeaconCode>
    <reportedAltitude>20300</reportedAltitude>
  </track>
  <flightPlan>
    <sfpn>677</sfpn>
    <ocr>normal handoff</ocr>
    <rnav>0</rnav>
    <cps>C</cps>
    <runway>NNNN</runway>
    <assignedBeaconCode>2122</assignedBeaconCode>
    <requestedAltitude>38000</requestedAltitude>
    <assignedAltitude>0</assignedAltitude>
    <category>F</category>
    <dbi></dbi>
    <acid>SWA149</acid>
    <acType>B737</acType>
    <entryFix>DCA</entryFix>
    <exitFix>SCR</exitFix>
    <airport>DCA</airport>
    <flightRules>IFR</flightRules>
    <rawFlightRules></rawFlightRules>
    <type>P</type>
    <ptdTime>1440</ptdTime>
    <status>active</status>
    <delete>0</delete>
    <suspended>0</suspended>
    <lld>NE</lld>
    <ECID>305</ECID>
    <eqptSuffix>unavailable</eqptSuffix>
  </flightPlan>
  <enhancedData>
    <eramGufi>KW437804dt</eramGufi>
    <sfdpsGufi>us.fdps.2026-06-24T12:09:40Z.000/22/4dt</sfdpsGufi>
    <departureAirport>KDCA</departureAirport>
    <destinationAirport>KDAL</destinationAirport>
  </enhancedData>
</record>

=== 15:01:35.596 PCT UAL1549 ===
<record>
  <recSeqNum>3557</recSeqNum>
  <recSrc>A</recSrc>
  <recType>210</recType>
  <recSTARSTimestamp>54095230</recSTARSTimestamp>
  <recSTARSSrcID>0</recSTARSSrcID>
  <recSTARSTimeSync>true</recSTARSTimeSync>
  <recSAFAReceiptTime>2026-06-24T15:01:35.263Z</recSAFAReceiptTime>
  <recSAFATimeSync>true</recSAFATimeSync>
  <track>
    <trackNum>218</trackNum>
    <mrtTime>2026-06-24T15:01:34.805Z</mrtTime>
    <status>active</status>
    <acAddress>a92478</acAddress>
    <xPos>1002210</xPos>
    <yPos>301574</yPos>
    <lat>37.72561</lat>
    <lon>-77.78433</lon>
    <vVert>-2398</vVert>
    <vx>152</vx>
    <vy>345</vy>
    <vVertRaw>-1637</vVertRaw>
    <vxRaw>692</vxRaw>
    <vyRaw>1572</vyRaw>
    <frozen>0</frozen>
    <new>0</new>
    <pseudo>0</pseudo>
    <adsb>1</adsb>
    <reportedBeaconCode>7465</reportedBeaconCode>
    <reportedAltitude>19800</reportedAltitude>
  </track>
  <flightPlan>
    <sfpn>167</sfpn>
    <ocr>no change</ocr>
    <rnav>0</rnav>
    <scratchPad2>CAV</scratchPad2>
    <cps>C</cps>
    <assignedBeaconCode>7465</assignedBeaconCode>
    <requestedAltitude>0</requestedAltitude>
    <assignedAltitude>24000</assignedAltitude>
    <category>F</category>
    <dbi></dbi>
    <acid>UAL1549</acid>
    <acType>B739</acType>
    <entryFix>CFB</entryFix>
    <exitFix>IAD</exitFix>
    <airport>IAD</airport>
    <flightRules>IFR</flightRules>
    <rawFlightRules></rawFlightRules>
    <type>A</type>
    <ptdTime>1507</ptdTime>
    <status>active</status>
    <delete>0</delete>
    <suspended>0</suspended>
    <lld>NE</lld>
    <ECID>761</ECID>
    <eqptSuffix>unavailable</eqptSuffix>
  </flightPlan>
  <enhancedData>
    <eramGufi>KH415184hR</eramGufi>
    <sfdpsGufi>us.fdps.2026-06-24T11:31:58Z.000/07/4hR</sfdpsGufi>
    <departureAirport>KIAH</departureAirport>
    <destinationAirport>KIAD</destinationAirport>
  </enhancedData>
</record>

=== 15:01:36.313 PCT SWA1297 ===
<record>
  <recSeqNum>3618</recSeqNum>
  <recSrc>A</recSrc>
  <recType>210</recType>
  <recSTARSTimestamp>54095820</recSTARSTimestamp>
  <recSTARSSrcID>0</recSTARSSrcID>
  <recSTARSTimeSync>true</recSTARSTimeSync>
  <recSAFAReceiptTime>2026-06-24T15:01:35.847Z</recSAFAReceiptTime>
  <recSAFATimeSync>true</recSAFATimeSync>
  <track>
    <trackNum>3368</trackNum>
    <mrtTime>2026-06-24T15:01:35.209Z</mrtTime>
    <status>active</status>
    <acAddress>aa7b54</acAddress>
    <xPos>1007283</xPos>
    <yPos>321910</yPos>
    <lat>39.05219</lat>
    <lon>-77.37072</lon>
    <vVert>2208</vVert>
    <vx>-343</vx>
    <vy>-211</vy>
    <vVertRaw>1507</vVertRaw>
    <vxRaw>-1559</vxRaw>
    <vyRaw>-961</vyRaw>
    <frozen>0</frozen>
    <new>0</new>
    <pseudo>0</pseudo>
    <adsb>1</adsb>
    <reportedBeaconCode>6210</reportedBeaconCode>
    <reportedAltitude>18800</reportedAltitude>
  </track>
  <flightPlan>
    <sfpn>678</sfpn>
    <ocr>normal handoff</ocr>
    <rnav>0</rnav>
    <cps>C</cps>
    <runway>NNNN</runway>
    <assignedBeaconCode>6210</assignedBeaconCode>
    <requestedAltitude>36000</requestedAltitude>
    <assignedAltitude>0</assignedAltitude>
    <category>F</category>
    <dbi></dbi>
    <acid>SWA1297</acid>
    <acType>B737</acType>
    <entryFix>BWI</entryFix>
    <exitFix>FXO</exitFix>
    <airport>BWI</airport>
    <flightRules>IFR</flightRules>
    <rawFlightRules></rawFlightRules>
    <type>P</type>
    <ptdTime>1440</ptdTime>
    <status>active</status>
    <delete>0</delete>
    <suspended>0</suspended>
    <lld>NE</lld>
    <ECID>68V</ECID>
    <eqptSuffix>unavailable</eqptSuffix>
  </flightPlan>
  <enhancedData>
    <eramGufi>KW462034o8</eramGufi>
    <sfdpsGufi>us.fdps.2026-06-24T12:50:03Z.000/22/4o8</sfdpsGufi>
    <departureAirport>KBWI</departureAirport>
    <destinationAirport>KSDF</destinationAirport>
  </enhancedData>
</record>

=== 15:01:36.663 PCT UAL2201 ===
<record>
  <recSeqNum>3671</recSeqNum>
  <recSrc>A</recSrc>
  <recType>210</recType>
  <recSTARSTimestamp>54096280</recSTARSTimestamp>
  <recSTARSSrcID>0</recSTARSSrcID>
  <recSTARSTimeSync>true</recSTARSTimeSync>
  <recSAFAReceiptTime>2026-06-24T15:01:36.319Z</recSAFAReceiptTime>
  <recSAFATimeSync>true</recSAFATimeSync>
  <track>
    <trackNum>446</trackNum>
    <mrtTime>2026-06-24T15:01:35.937Z</mrtTime>
    <status>active</status>
    <acAddress>aa56b6</acAddress>
    <xPos>1000009</xPos>
    <yPos>320420</yPos>
    <lat>38.95278</lat>
    <lon>-77.97753</lon>
    <vVert>2193</vVert>
    <vx>-363</vx>
    <vy>18</vy>
    <vVertRaw>1497</vVertRaw>
    <vxRaw>-1653</vxRaw>
    <vyRaw>82</vyRaw>
    <frozen>0</frozen>
    <new>0</new>
    <pseudo>0</pseudo>
    <adsb>1</adsb>
    <reportedBeaconCode>3765</reportedBeaconCode>
    <reportedAltitude>24500</reportedAltitude>
  </track>
  <flightPlan>
    <sfpn>1070</sfpn>
    <ocr>normal handoff</ocr>
    <rnav>0</rnav>
    <cps>C</cps>
    <runway>NNNN</runway>
    <assignedBeaconCode>3765</assignedBeaconCode>
    <requestedAltitude>36000</requestedAltitude>
    <assignedAltitude>0</assignedAltitude>
    <category>F</category>
    <dbi></dbi>
    <acid>UAL2201</acid>
    <acType>B738</acType>
    <entryFix>DCA</entryFix>
    <exitFix>RAM</exitFix>
    <airport>DCA</airport>
    <flightRules>IFR</flightRules>
    <rawFlightRules></rawFlightRules>
    <type>P</type>
    <ptdTime>1430</ptdTime>
    <status>active</status>
    <delete>0</delete>
    <suspended>0</suspended>
    <lld>NW</lld>
    <ECID>380</ECID>
    <eqptSuffix>unavailable</eqptSuffix>
  </flightPlan>
  <enhancedData>
    <eramGufi>KW493164P6</eramGufi>
    <sfdpsGufi>us.fdps.2026-06-24T13:41:56Z.000/22/4P6</sfdpsGufi>
    <departureAirport>KDCA</departureAirport>
    <destinationAirport>KORD</destinationAirport>
  </enhancedData>
</record>

=== 15:01:37.601 ORF JIA5330 ===
<record>
  <recSeqNum>781</recSeqNum>
  <recSrc>A</recSrc>
  <recType>210</recType>
  <recSTARSTimestamp>54097130</recSTARSTimestamp>
  <recSTARSSrcID>0</recSTARSSrcID>
  <recSTARSTimeSync>true</recSTARSTimeSync>
  <recSAFAReceiptTime>2026-06-24T15:01:37.148Z</recSAFAReceiptTime>
  <recSAFATimeSync>true</recSAFATimeSync>
  <track>
    <trackNum>3339</trackNum>
    <mrtTime>2026-06-24T15:01:36.691Z</mrtTime>
    <status>active</status>
    <acAddress>a682e3</acAddress>
    <xPos>1022735</xPos>
    <yPos>294736</yPos>
    <lat>37.38178</lat>
    <lon>-76.31508</lon>
    <vVert>0</vVert>
    <vx>20</vx>
    <vy>-351</vy>
    <vVertRaw>0</vVertRaw>
    <vxRaw>90</vxRaw>
    <vyRaw>-1596</vyRaw>
    <frozen>0</frozen>
    <new>0</new>
    <pseudo>0</pseudo>
    <adsb>1</adsb>
    <reportedBeaconCode>4650</reportedBeaconCode>
    <reportedAltitude>12000</reportedAltitude>
  </track>
  <flightPlan>
    <sfpn>1011</sfpn>
    <ocr>normal handoff</ocr>
    <rnav>0</rnav>
    <cps>1G</cps>
    <assignedBeaconCode>4650</assignedBeaconCode>
    <requestedAltitude>0</requestedAltitude>
    <assignedAltitude>13000</assignedAltitude>
    <category>G</category>
    <dbi></dbi>
    <acid>JIA5330</acid>
    <acType>CRJ7</acType>
    <entryFix>OT1</entryFix>
    <exitFix>ORF</exitFix>
    <airport>ORF</airport>
    <flightRules>IFR</flightRules>
    <rawFlightRules></rawFlightRules>
    <type>A</type>
    <ptdTime>1458</ptdTime>
    <status>active</status>
    <delete>0</delete>
    <suspended>0</suspended>
    <lld>NE</lld>
    <ECID>57P</ECID>
    <eqptSuffix>unavailable</eqptSuffix>
  </flightPlan>
  <enhancedData>
    <eramGufi>KW477514Ec</eramGufi>
    <sfdpsGufi>us.fdps.2026-06-24T13:15:51Z.000/22/4Ec</sfdpsGufi>
    <departureAirport>KDCA</departureAirport>
    <destinationAirport>KORF</destinationAirport>
  </enhancedData>
</record>

=== 15:01:39.094 PCT SWA1426 ===
<record>
  <recSeqNum>4025</recSeqNum>
  <recSrc>A</recSrc>
  <recType>210</recType>
  <recSTARSTimestamp>54098680</recSTARSTimestamp>
  <recSTARSSrcID>0</recSTARSSrcID>
  <recSTARSTimeSync>true</recSTARSTimeSync>
  <recSAFAReceiptTime>2026-06-24T15:01:38.693Z</recSAFAReceiptTime>
  <recSAFATimeSync>true</recSAFATimeSync>
  <track>
    <trackNum>1470</trackNum>
    <mrtTime>2026-06-24T15:01:38.290Z</mrtTime>
    <status>active</status>
    <acAddress>aab09a</acAddress>
    <xPos>1005216</xPos>
    <yPos>319594</yPos>
    <lat>38.90092</lat>
    <lon>-77.54278</lon>
    <vVert>2109</vVert>
    <vx>-351</vx>
    <vy>-143</vy>
    <vVertRaw>1440</vVertRaw>
    <vxRaw>-1599</vxRaw>
    <vyRaw>-653</vyRaw>
    <frozen>0</frozen>
    <new>0</new>
    <pseudo>0</pseudo>
    <adsb>1</adsb>
    <reportedBeaconCode>6220</reportedBeaconCode>
    <reportedAltitude>17100</reportedAltitude>
  </track>
  <flightPlan>
    <sfpn>1757</sfpn>
    <ocr>normal handoff</ocr>
    <rnav>0</rnav>
    <cps>C</cps>
    <runway>NNNN</runway>
    <assignedBeaconCode>6220</assignedBeaconCode>
    <requestedAltitude>36000</requestedAltitude>
    <assignedAltitude>0</assignedAltitude>
    <category>F</category>
    <dbi></dbi>
    <acid>SWA1426</acid>
    <acType>B737</acType>
    <entryFix>DCA</entryFix>
    <exitFix>OTO</exitFix>
    <airport>DCA</airport>
    <flightRules>IFR</flightRules>
    <rawFlightRules></rawFlightRules>
    <type>P</type>
    <ptdTime>1435</ptdTime>
    <status>active</status>
    <delete>0</delete>
    <suspended>0</suspended>
    <lld>NW</lld>
    <ECID>81N</ECID>
    <eqptSuffix>unavailable</eqptSuffix>
  </flightPlan>
  <enhancedData>
    <eramGufi>KW452544g8</eramGufi>
    <sfdpsGufi>us.fdps.2026-06-24T12:34:14Z.000/22/4g8</sfdpsGufi>
    <departureAirport>KDCA</departureAirport>
    <destinationAirport>KBNA</destinationAirport>
  </enhancedData>
</record>

=== 15:01:39.094 PCT POD3 ===
<record>
  <recSeqNum>4027</recSeqNum>
  <recSrc>A</recSrc>
  <recType>210</recType>
  <recSTARSTimestamp>54098680</recSTARSTimestamp>
  <recSTARSSrcID>0</recSTARSSrcID>
  <recSTARSTimeSync>true</recSTARSTimeSync>
  <recSAFAReceiptTime>2026-06-24T15:01:38.693Z</recSAFAReceiptTime>
  <recSAFATimeSync>true</recSAFATimeSync>
  <track>
    <trackNum>519</trackNum>
    <mrtTime>2026-06-24T15:01:37.574Z</mrtTime>
    <status>active</status>
    <acAddress>a25bc4</acAddress>
    <xPos>1000378</xPos>
    <yPos>297683</yPos>
    <lat>37.47117</lat>
    <lon>-77.93222</lon>
    <vVert>-1434</vVert>
    <vx>186</vx>
    <vy>359</vy>
    <vVertRaw>-979</vVertRaw>
    <vxRaw>845</vxRaw>
    <vyRaw>1635</vyRaw>
    <frozen>0</frozen>
    <new>0</new>
    <pseudo>0</pseudo>
    <adsb>1</adsb>
    <reportedBeaconCode>3323</reportedBeaconCode>
    <reportedAltitude>19200</reportedAltitude>
  </track>
  <flightPlan>
    <sfpn>315</sfpn>
    <ocr>pending</ocr>
    <rnav>0</rnav>
    <scratchPad1>JYO</scratchPad1>
    <cps>3B</cps>
    <runway>JYO</runway>
    <assignedBeaconCode>3323</assignedBeaconCode>
    <requestedAltitude>0</requestedAltitude>
    <assignedAltitude>21000</assignedAltitude>
    <category>H</category>
    <dbi></dbi>
    <acid>POD3</acid>
    <acType>CL30</acType>
    <entryFix>TFF</entryFix>
    <exitFix>JYO</exitFix>
    <airport>JYO</airport>
    <flightRules>IFR</flightRules>
    <rawFlightRules></rawFlightRules>
    <type>A</type>
    <ptdTime>1505</ptdTime>
    <status>active</status>
    <delete>0</delete>
    <suspended>0</suspended>
    <lld>SW</lld>
    <ECID>809</ECID>
    <eqptSuffix>unavailable</eqptSuffix>
  </flightPlan>
  <enhancedData>
    <eramGufi>KR377584FS</eramGufi>
    <sfdpsGufi>us.fdps.2026-06-24T10:29:18Z.000/17/4FS</sfdpsGufi>
    <departureAirport>KSUA</departureAirport>
    <destinationAirport>KJYO</destinationAirport>
  </enhancedData>
</record>

=== 15:01:39.094 PCT ENY3462 ===
<record>
  <recSeqNum>4043</recSeqNum>
  <recSrc>A</recSrc>
  <recType>210</recType>
  <recSTARSTimestamp>54098830</recSTARSTimestamp>
  <recSTARSSrcID>0</recSTARSSrcID>
  <recSTARSTimeSync>true</recSTARSTimeSync>
  <recSAFAReceiptTime>2026-06-24T15:01:38.843Z</recSAFAReceiptTime>
  <recSAFATimeSync>true</recSAFATimeSync>
  <track>
    <trackNum>147</trackNum>
    <mrtTime>2026-06-24T15:01:38.463Z</mrtTime>
    <status>active</status>
    <acAddress>a234ef</acAddress>
    <xPos>1010031</xPos>
    <yPos>320469</yPos>
    <lat>38.95836</lat>
    <lon>-77.14117</lon>
    <vVert>3267</vVert>
    <vx>-159</vx>
    <vy>200</vy>
    <vVertRaw>2230</vVertRaw>
    <vxRaw>-725</vxRaw>
    <vyRaw>911</vyRaw>
    <frozen>0</frozen>
    <new>0</new>
    <pseudo>0</pseudo>
    <adsb>1</adsb>
    <reportedBeaconCode>6504</reportedBeaconCode>
    <reportedAltitude>4600</reportedAltitude>
  </track>
  <flightPlan>
    <sfpn>1591</sfpn>
    <ocr>pending</ocr>
    <rnav>0</rnav>
    <cps>C</cps>
    <runway>NNNN</runway>
    <assignedBeaconCode>6504</assignedBeaconCode>
    <requestedAltitude>34000</requestedAltitude>
    <assignedAltitude>0</assignedAltitude>
    <category>G</category>
    <dbi></dbi>
    <acid>ENY3462</acid>
    <acType>E170</acType>
    <entryFix>DCA</entryFix>
    <exitFix>RAM</exitFix>
    <airport>DCA</airport>
    <flightRules>IFR</flightRules>
    <rawFlightRules></rawFlightRules>
    <type>P</type>
    <ptdTime>1450</ptdTime>
    <status>active</status>
    <delete>0</delete>
    <suspended>0</suspended>
    <lld>NW</lld>
    <ECID>959</ECID>
    <eqptSuffix>unavailable</eqptSuffix>
  </flightPlan>
  <enhancedData>
    <eramGufi>KW489174kj</eramGufi>
    <sfdpsGufi>us.fdps.2026-06-24T13:35:17Z.000/22/4kj</sfdpsGufi>
    <departureAirport>KDCA</departureAirport>
    <destinationAirport>KCID</destinationAirport>
  </enhancedData>
</record>

=== 15:01:39.094 PCT TCN764 ===
<record>
  <recSeqNum>4051</recSeqNum>
  <recSrc>A</recSrc>
  <recType>210</recType>
  <recSTARSTimestamp>54098830</recSTARSTimestamp>
  <recSTARSSrcID>0</recSTARSSrcID>
  <recSTARSTimeSync>true</recSTARSTimeSync>
  <recSAFAReceiptTime>2026-06-24T15:01:38.843Z</recSAFAReceiptTime>
  <recSAFATimeSync>true</recSAFATimeSync>
  <track>
    <trackNum>2645</trackNum>
    <mrtTime>2026-06-24T15:01:37.928Z</mrtTime>
    <status>active</status>
    <acAddress>000000</acAddress>
    <xPos>994845</xPos>
    <yPos>299680</yPos>
    <lat>37.59772</lat>
    <lon>-78.38669</lon>
    <vVert>1617</vVert>
    <vx>-235</vx>
    <vy>-324</vy>
    <vVertRaw>1104</vVertRaw>
    <vxRaw>-1071</vxRaw>
    <vyRaw>-1475</vyRaw>
    <frozen>0</frozen>
    <new>0</new>
    <pseudo>0</pseudo>
    <adsb>0</adsb>
    <reportedBeaconCode>0532</reportedBeaconCode>
    <reportedAltitude>31000</reportedAltitude>
  </track>
  <flightPlan>
    <sfpn>779</sfpn>
    <ocr>normal handoff</ocr>
    <rnav>0</rnav>
    <cps>C</cps>
    <runway>NNNN</runway>
    <assignedBeaconCode>0532</assignedBeaconCode>
    <requestedAltitude>41000</requestedAltitude>
    <assignedAltitude>3000</assignedAltitude>
    <category>H</category>
    <dbi></dbi>
    <acid>TCN764</acid>
    <acType>C750</acType>
    <entryFix>HEF</entryFix>
    <exitFix>JDB</exitFix>
    <airport>HEF</airport>
    <flightRules>IFR</flightRules>
    <rawFlightRules></rawFlightRules>
    <type>P</type>
    <ptdTime>1330</ptdTime>
    <status>active</status>
    <delete>0</delete>
    <suspended>0</suspended>
    <lld>W</lld>
    <ECID>906</ECID>
    <eqptSuffix>unavailable</eqptSuffix>
  </flightPlan>
  <enhancedData>
    <eramGufi>KW48678478</eramGufi>
    <sfdpsGufi>us.fdps.2026-06-24T13:30:00Z.159/22/478</sfdpsGufi>
    <departureAirport>KHEF</departureAirport>
    <destinationAirport>MBPV</destinationAirport>
  </enhancedData>
</record>

=== 15:01:40.030 RDU N247SR ===
<record>
  <recSeqNum>22032</recSeqNum>
  <recSrc>A</recSrc>
  <recType>210</recType>
  <recSTARSTimestamp>54099690</recSTARSTimestamp>
  <recSTARSSrcID>0</recSTARSSrcID>
  <recSTARSTimeSync>true</recSTARSTimeSync>
  <recSAFAReceiptTime>2026-06-24T15:01:39.737Z</recSAFAReceiptTime>
  <recSAFATimeSync>true</recSAFATimeSync>
  <track>
    <trackNum>2164</trackNum>
    <mrtTime>2026-06-24T15:01:39.368Z</mrtTime>
    <status>active</status>
    <acAddress>a24ba0</acAddress>
    <xPos>976053</xPos>
    <yPos>305496</yPos>
    <lat>36.44214</lat>
    <lon>-78.45881</lon>
    <vVert>0</vVert>
    <vx>-72</vx>
    <vy>-157</vy>
    <vVertRaw>0</vVertRaw>
    <vxRaw>-328</vxRaw>
    <vyRaw>-715</vyRaw>
    <frozen>0</frozen>
    <new>0</new>
    <pseudo>0</pseudo>
    <adsb>1</adsb>
    <reportedBeaconCode>2415</reportedBeaconCode>
    <reportedAltitude>10000</reportedAltitude>
  </track>
  <flightPlan>
    <sfpn>561</sfpn>
    <ocr>normal handoff</ocr>
    <rnav>0</rnav>
    <scratchPad1>FLO</scratchPad1>
    <cps>1N</cps>
    <runway>NNNN</runway>
    <assignedBeaconCode>2415</assignedBeaconCode>
    <requestedAltitude>0</requestedAltitude>
    <assignedAltitude>10000</assignedAltitude>
    <category>I</category>
    <dbi></dbi>
    <acid>N247SR</acid>
    <acType>SR22</acType>
    <entryFix>LVL</entryFix>
    <exitFix>FAY</exitFix>
    <flightRules>E</flightRules>
    <rawFlightRules>E</rawFlightRules>
    <type>E</type>
    <status>active</status>
    <delete>0</delete>
    <suspended>0</suspended>
    <lld>NE</lld>
    <ECID>52V</ECID>
    <eqptSuffix>unavailable</eqptSuffix>
  </flightPlan>
  <enhancedData>
    <eramGufi>KW454334MC</eramGufi>
    <sfdpsGufi>us.fdps.2026-06-24T12:37:13Z.000/22/4MC</sfdpsGufi>
    <departureAirport>KHEF</departureAirport>
    <destinationAirport>KFIN</destinationAirport>
  </enhancedData>
</record>

=== 15:01:40.907 PCT JIA5330 ===
<record>
  <recSeqNum>4254</recSeqNum>
  <recSrc>A</recSrc>
  <recType>210</recType>
  <recSTARSTimestamp>54100480</recSTARSTimestamp>
  <recSTARSSrcID>0</recSTARSSrcID>
  <recSTARSTimeSync>true</recSTARSTimeSync>
  <recSAFAReceiptTime>2026-06-24T15:01:40.502Z</recSAFAReceiptTime>
  <recSAFATimeSync>true</recSAFATimeSync>
  <track>
    <trackNum>1280</trackNum>
    <mrtTime>2026-06-24T15:01:40.110Z</mrtTime>
    <status>active</status>
    <acAddress>a682e3</acAddress>
    <xPos>1020171</xPos>
    <yPos>296247</yPos>
    <lat>37.37622</lat>
    <lon>-76.31469</lon>
    <vVert>0</vVert>
    <vx>24</vx>
    <vy>-349</vy>
    <vVertRaw>0</vVertRaw>
    <vxRaw>108</vxRaw>
    <vyRaw>-1590</vyRaw>
    <frozen>0</frozen>
    <new>0</new>
    <pseudo>0</pseudo>
    <adsb>1</adsb>
    <reportedBeaconCode>4650</reportedBeaconCode>
    <reportedAltitude>12000</reportedAltitude>
  </track>
  <flightPlan>
    <sfpn>1057</sfpn>
    <ocr>normal handoff</ocr>
    <rnav>0</rnav>
    <cps>C</cps>
    <runway>NNNN</runway>
    <assignedBeaconCode>4650</assignedBeaconCode>
    <requestedAltitude>14000</requestedAltitude>
    <assignedAltitude>0</assignedAltitude>
    <category>G</category>
    <dbi></dbi>
    <acid>JIA5330</acid>
    <acType>CRJ7</acType>
    <entryFix>DCA</entryFix>
    <exitFix>ORF</exitFix>
    <airport>DCA</airport>
    <flightRules>IFR</flightRules>
    <rawFlightRules></rawFlightRules>
    <type>P</type>
    <ptdTime>1415</ptdTime>
    <status>active</status>
    <delete>0</delete>
    <suspended>0</suspended>
    <lld>NW</lld>
    <ECID>57P</ECID>
    <eqptSuffix>unavailable</eqptSuffix>
  </flightPlan>
  <enhancedData>
    <eramGufi>KW477514Ec</eramGufi>
    <sfdpsGufi>us.fdps.2026-06-24T13:15:51Z.000/22/4Ec</sfdpsGufi>
    <departureAirport>KDCA</departureAirport>
    <destinationAirport>KORF</destinationAirport>
  </enhancedData>
</record>

=== 15:01:41.234 PCT SWA1297 ===
<record>
  <recSeqNum>4272</recSeqNum>
  <recSrc>A</recSrc>
  <recType>210</recType>
  <recSTARSTimestamp>54100780</recSTARSTimestamp>
  <recSTARSSrcID>0</recSTARSSrcID>
  <recSTARSTimeSync>true</recSTARSTimeSync>
  <recSAFAReceiptTime>2026-06-24T15:01:40.803Z</recSAFAReceiptTime>
  <recSAFATimeSync>true</recSAFATimeSync>
  <track>
    <trackNum>3368</trackNum>
    <mrtTime>2026-06-24T15:01:39.658Z</mrtTime>
    <status>active</status>
    <acAddress>aa7b54</acAddress>
    <xPos>1007171</xPos>
    <yPos>321848</yPos>
    <lat>39.04814</lat>
    <lon>-77.38006</lon>
    <vVert>2209</vVert>
    <vx>-354</vx>
    <vy>-191</vy>
    <vVertRaw>1508</vVertRaw>
    <vxRaw>-1613</vxRaw>
    <vyRaw>-868</vyRaw>
    <frozen>0</frozen>
    <new>0</new>
    <pseudo>0</pseudo>
    <adsb>1</adsb>
    <reportedBeaconCode>6210</reportedBeaconCode>
    <reportedAltitude>18900</reportedAltitude>
  </track>
  <flightPlan>
    <sfpn>678</sfpn>
    <ocr>normal handoff</ocr>
    <rnav>0</rnav>
    <cps>C</cps>
    <runway>NNNN</runway>
    <assignedBeaconCode>6210</assignedBeaconCode>
    <requestedAltitude>36000</requestedAltitude>
    <assignedAltitude>0</assignedAltitude>
    <category>F</category>
    <dbi></dbi>
    <acid>SWA1297</acid>
    <acType>B737</acType>
    <entryFix>BWI</entryFix>
    <exitFix>FXO</exitFix>
    <airport>BWI</airport>
    <flightRules>IFR</flightRules>
    <rawFlightRules></rawFlightRules>
    <type>P</type>
    <ptdTime>1440</ptdTime>
    <status>active</status>
    <delete>0</delete>
    <suspended>0</suspended>
    <lld>NE</lld>
    <ECID>68V</ECID>
    <eqptSuffix>unavailable</eqptSuffix>
  </flightPlan>
  <enhancedData>
    <eramGufi>KW462034o8</eramGufi>
    <sfdpsGufi>us.fdps.2026-06-24T12:50:03Z.000/22/4o8</sfdpsGufi>
    <departureAirport>KBWI</departureAirport>
    <destinationAirport>KSDF</destinationAirport>
  </enhancedData>
</record>

=== 15:01:41.234 PCT LXJ447 ===
<record>
  <recSeqNum>4279</recSeqNum>
  <recSrc>A</recSrc>
  <recType>210</recType>
  <recSTARSTimestamp>54100780</recSTARSTimestamp>
  <recSTARSSrcID>0</recSTARSSrcID>
  <recSTARSTimeSync>true</recSTARSTimeSync>
  <recSAFAReceiptTime>2026-06-24T15:01:40.803Z</recSAFAReceiptTime>
  <recSAFATimeSync>true</recSAFATimeSync>
  <track>
    <trackNum>267</trackNum>
    <mrtTime>2026-06-24T15:01:40.322Z</mrtTime>
    <status>active</status>
    <acAddress>a56531</acAddress>
    <xPos>1017682</xPos>
    <yPos>324441</yPos>
    <lat>39.21497</lat>
    <lon>-76.50003</lon>
    <vVert>1159</vVert>
    <vx>370</vx>
    <vy>-108</vy>
    <vVertRaw>791</vVertRaw>
    <vxRaw>1684</vxRaw>
    <vyRaw>-491</vyRaw>
    <frozen>0</frozen>
    <new>0</new>
    <pseudo>0</pseudo>
    <adsb>1</adsb>
    <reportedBeaconCode>3711</reportedBeaconCode>
    <reportedAltitude>21900</reportedAltitude>
  </track>
  <flightPlan>
    <sfpn>1626</sfpn>
    <ocr>normal handoff</ocr>
    <rnav>0</rnav>
    <cps>C</cps>
    <runway>NNNN</runway>
    <assignedBeaconCode>3711</assignedBeaconCode>
    <requestedAltitude>23000</requestedAltitude>
    <assignedAltitude>0</assignedAltitude>
    <category>H</category>
    <dbi></dbi>
    <acid>LXJ447</acid>
    <acType>E545</acType>
    <entryFix>IAD</entryFix>
    <exitFix>BRO</exitFix>
    <airport>IAD</airport>
    <flightRules>IFR</flightRules>
    <rawFlightRules></rawFlightRules>
    <type>P</type>
    <ptdTime>1430</ptdTime>
    <status>active</status>
    <delete>0</delete>
    <suspended>0</suspended>
    <lld>NW</lld>
    <ECID>752</ECID>
    <eqptSuffix>unavailable</eqptSuffix>
  </flightPlan>
  <enhancedData>
    <eramGufi>KW52210410</eramGufi>
    <sfdpsGufi>us.fdps.2026-06-24T14:30:00Z.116/22/410</sfdpsGufi>
    <departureAirport>KIAD</departureAirport>
    <destinationAirport>KHPN</destinationAirport>
  </enhancedData>
</record>

=== 15:01:41.538 PCT HRD31 ===
<record>
  <recSeqNum>4358</recSeqNum>
  <recSrc>A</recSrc>
  <recType>210</recType>
  <recSTARSTimestamp>54101380</recSTARSTimestamp>
  <recSTARSSrcID>0</recSTARSSrcID>
  <recSTARSTimeSync>true</recSTARSTimeSync>
  <recSAFAReceiptTime>2026-06-24T15:01:41.416Z</recSAFAReceiptTime>
  <recSAFATimeSync>true</recSAFATimeSync>
  <track>
    <trackNum>3389</trackNum>
    <mrtTime>2026-06-24T15:01:40.968Z</mrtTime>
    <status>active</status>
    <acAddress>ab5d37</acAddress>
    <xPos>993375</xPos>
    <yPos>318837</yPos>
    <lat>38.84478</lat>
    <lon>-78.52922</lon>
    <vVert>0</vVert>
    <vx>-128</vx>
    <vy>-15</vy>
    <vVertRaw>0</vVertRaw>
    <vxRaw>-581</vxRaw>
    <vyRaw>-68</vyRaw>
    <frozen>0</frozen>
    <new>0</new>
    <pseudo>0</pseudo>
    <adsb>1</adsb>
    <reportedBeaconCode>7071</reportedBeaconCode>
    <reportedAltitude>8000</reportedAltitude>
  </track>
  <flightPlan>
    <sfpn>415</sfpn>
    <ocr>normal handoff</ocr>
    <rnav>0</rnav>
    <scratchPad1>HTS</scratchPad1>
    <scratchPad2>DIR</scratchPad2>
    <cps>C</cps>
    <runway>NNNN</runway>
    <assignedBeaconCode>7071</assignedBeaconCode>
    <requestedAltitude>8000</requestedAltitude>
    <assignedAltitude>0</assignedAltitude>
    <category>I</category>
    <dbi></dbi>
    <acid>HRD31</acid>
    <acType>SR20</acType>
    <entryFix>IAD</entryFix>
    <exitFix>P27</exitFix>
    <airport>IAD</airport>
    <flightRules>IFR</flightRules>
    <rawFlightRules></rawFlightRules>
    <type>P</type>
    <ptdTime>1448</ptdTime>
    <status>active</status>
    <delete>0</delete>
    <suspended>0</suspended>
    <lld>SW</lld>
    <ECID>747</ECID>
    <eqptSuffix>unavailable</eqptSuffix>
  </flightPlan>
  <enhancedData>
    <eramGufi>KW5151842M</eramGufi>
    <sfdpsGufi>us.fdps.2026-06-24T13:18:13Z.000/22/4Et</sfdpsGufi>
    <departureAirport>KIAD</departureAirport>
    <destinationAirport>KHTS</destinationAirport>
  </enhancedData>
</record>

=== 15:01:42.152 ORF JIA5330 ===
<record>
  <recSeqNum>926</recSeqNum>
  <recSrc>A</recSrc>
  <recType>210</recType>
  <recSTARSTimestamp>54101930</recSTARSTimestamp>
  <recSTARSSrcID>0</recSTARSSrcID>
  <recSTARSTimeSync>true</recSTARSTimeSync>
  <recSAFAReceiptTime>2026-06-24T15:01:41.948Z</recSAFAReceiptTime>
  <recSAFATimeSync>true</recSAFATimeSync>
  <track>
    <trackNum>3339</trackNum>
    <mrtTime>2026-06-24T15:01:41.555Z</mrtTime>
    <status>active</status>
    <acAddress>a682e3</acAddress>
    <xPos>1022742</xPos>
    <yPos>294615</yPos>
    <lat>37.37389</lat>
    <lon>-76.3145</lon>
    <vVert>105</vVert>
    <vx>20</vx>
    <vy>-350</vy>
    <vVertRaw>72</vVertRaw>
    <vxRaw>91</vxRaw>
    <vyRaw>-1592</vyRaw>
    <frozen>0</frozen>
    <new>0</new>
    <pseudo>0</pseudo>
    <adsb>1</adsb>
    <reportedBeaconCode>4650</reportedBeaconCode>
    <reportedAltitude>12000</reportedAltitude>
  </track>
  <flightPlan>
    <sfpn>1011</sfpn>
    <ocr>normal handoff</ocr>
    <rnav>0</rnav>
    <cps>1G</cps>
    <assignedBeaconCode>4650</assignedBeaconCode>
    <requestedAltitude>0</requestedAltitude>
    <assignedAltitude>13000</assignedAltitude>
    <category>G</category>
    <dbi></dbi>
    <acid>JIA5330</acid>
    <acType>CRJ7</acType>
    <entryFix>OT1</entryFix>
    <exitFix>ORF</exitFix>
    <airport>ORF</airport>
    <flightRules>IFR</flightRules>
    <rawFlightRules></rawFlightRules>
    <type>A</type>
    <ptdTime>1458</ptdTime>
    <status>active</status>
    <delete>0</delete>
    <suspended>0</suspended>
    <lld>NE</lld>
    <ECID>57P</ECID>
    <eqptSuffix>unavailable</eqptSuffix>
  </flightPlan>
  <enhancedData>
    <eramGufi>KW477514Ec</eramGufi>
    <sfdpsGufi>us.fdps.2026-06-24T13:15:51Z.000/22/4Ec</sfdpsGufi>
    <departureAirport>KDCA</departureAirport>
    <destinationAirport>KORF</destinationAirport>
  </enhancedData>
</record>

=== 15:01:42.975 PCT SWA1426 ===
<record>
  <recSeqNum>4543</recSeqNum>
  <recSrc>A</recSrc>
  <recType>210</recType>
  <recSTARSTimestamp>54102730</recSTARSTimestamp>
  <recSTARSSrcID>0</recSTARSSrcID>
  <recSTARSTimeSync>true</recSTARSTimeSync>
  <recSAFAReceiptTime>2026-06-24T15:01:42.754Z</recSAFAReceiptTime>
  <recSAFATimeSync>true</recSAFATimeSync>
  <track>
    <trackNum>1470</trackNum>
    <mrtTime>2026-06-24T15:01:42.261Z</mrtTime>
    <status>active</status>
    <acAddress>aab09a</acAddress>
    <xPos>1005115</xPos>
    <yPos>319553</yPos>
    <lat>38.89822</lat>
    <lon>-77.55117</lon>
    <vVert>2035</vVert>
    <vx>-353</vx>
    <vy>-144</vy>
    <vVertRaw>1389</vVertRaw>
    <vxRaw>-1607</vxRaw>
    <vyRaw>-654</vyRaw>
    <frozen>0</frozen>
    <new>0</new>
    <pseudo>0</pseudo>
    <adsb>1</adsb>
    <reportedBeaconCode>6220</reportedBeaconCode>
    <reportedAltitude>17200</reportedAltitude>
  </track>
  <flightPlan>
    <sfpn>1757</sfpn>
    <ocr>normal handoff</ocr>
    <rnav>0</rnav>
    <cps>C</cps>
    <runway>NNNN</runway>
    <assignedBeaconCode>6220</assignedBeaconCode>
    <requestedAltitude>36000</requestedAltitude>
    <assignedAltitude>0</assignedAltitude>
    <category>F</category>
    <dbi></dbi>
    <acid>SWA1426</acid>
    <acType>B737</acType>
    <entryFix>DCA</entryFix>
    <exitFix>OTO</exitFix>
    <airport>DCA</airport>
    <flightRules>IFR</flightRules>
    <rawFlightRules></rawFlightRules>
    <type>P</type>
    <ptdTime>1435</ptdTime>
    <status>active</status>
    <delete>0</delete>
    <suspended>0</suspended>
    <lld>NW</lld>
    <ECID>81N</ECID>
    <eqptSuffix>unavailable</eqptSuffix>
  </flightPlan>
  <enhancedData>
    <eramGufi>KW452544g8</eramGufi>
    <sfdpsGufi>us.fdps.2026-06-24T12:34:14Z.000/22/4g8</sfdpsGufi>
    <departureAirport>KDCA</departureAirport>
    <destinationAirport>KBNA</destinationAirport>
  </enhancedData>
</record>

=== 15:01:43.317 PCT POD3 ===
<record>
  <recSeqNum>4571</recSeqNum>
  <recSrc>A</recSrc>
  <recType>210</recType>
  <recSTARSTimestamp>54102880</recSTARSTimestamp>
  <recSTARSSrcID>0</recSTARSSrcID>
  <recSTARSTimeSync>true</recSTARSTimeSync>
  <recSAFAReceiptTime>2026-06-24T15:01:42.925Z</recSAFAReceiptTime>
  <recSAFATimeSync>true</recSAFATimeSync>
  <track>
    <trackNum>519</trackNum>
    <mrtTime>2026-06-24T15:01:42.544Z</mrtTime>
    <status>active</status>
    <acAddress>a25bc4</acAddress>
    <xPos>1000444</xPos>
    <yPos>297810</yPos>
    <lat>37.4795</lat>
    <lon>-77.92692</lon>
    <vVert>-1447</vVert>
    <vx>185</vx>
    <vy>359</vy>
    <vVertRaw>-988</vVertRaw>
    <vxRaw>843</vxRaw>
    <vyRaw>1635</vyRaw>
    <frozen>0</frozen>
    <new>0</new>
    <pseudo>0</pseudo>
    <adsb>1</adsb>
    <reportedBeaconCode>3323</reportedBeaconCode>
    <reportedAltitude>19000</reportedAltitude>
  </track>
  <flightPlan>
    <sfpn>315</sfpn>
    <ocr>pending</ocr>
    <rnav>0</rnav>
    <scratchPad1>JYO</scratchPad1>
    <cps>3B</cps>
    <runway>JYO</runway>
    <assignedBeaconCode>3323</assignedBeaconCode>
    <requestedAltitude>0</requestedAltitude>
    <assignedAltitude>21000</assignedAltitude>
    <category>H</category>
    <dbi></dbi>
    <acid>POD3</acid>
    <acType>CL30</acType>
    <entryFix>TFF</entryFix>
    <exitFix>JYO</exitFix>
    <airport>JYO</airport>
    <flightRules>IFR</flightRules>
    <rawFlightRules></rawFlightRules>
    <type>A</type>
    <ptdTime>1505</ptdTime>
    <status>active</status>
    <delete>0</delete>
    <suspended>0</suspended>
    <lld>SW</lld>
    <ECID>809</ECID>
    <eqptSuffix>unavailable</eqptSuffix>
  </flightPlan>
  <enhancedData>
    <eramGufi>KR377584FS</eramGufi>
    <sfdpsGufi>us.fdps.2026-06-24T10:29:18Z.000/17/4FS</sfdpsGufi>
    <departureAirport>KSUA</departureAirport>
    <destinationAirport>KJYO</destinationAirport>
  </enhancedData>
</record>

=== 15:01:43.317 PCT ENY3462 ===
<record>
  <recSeqNum>4589</recSeqNum>
  <recSrc>A</recSrc>
  <recType>210</recType>
  <recSTARSTimestamp>54103050</recSTARSTimestamp>
  <recSTARSSrcID>0</recSTARSSrcID>
  <recSTARSTimeSync>true</recSTARSTimeSync>
  <recSAFAReceiptTime>2026-06-24T15:01:43.076Z</recSAFAReceiptTime>
  <recSAFATimeSync>true</recSAFATimeSync>
  <track>
    <trackNum>147</trackNum>
    <mrtTime>2026-06-24T15:01:42.644Z</mrtTime>
    <status>active</status>
    <acAddress>a234ef</acAddress>
    <xPos>1009976</xPos>
    <yPos>320522</yPos>
    <lat>38.96181</lat>
    <lon>-77.14575</lon>
    <vVert>3119</vVert>
    <vx>-190</vx>
    <vy>174</vy>
    <vVertRaw>2129</vVertRaw>
    <vxRaw>-863</vxRaw>
    <vyRaw>792</vyRaw>
    <frozen>0</frozen>
    <new>0</new>
    <pseudo>0</pseudo>
    <adsb>1</adsb>
    <reportedBeaconCode>6504</reportedBeaconCode>
    <reportedAltitude>4800</reportedAltitude>
  </track>
  <flightPlan>
    <sfpn>1591</sfpn>
    <ocr>pending</ocr>
    <rnav>0</rnav>
    <cps>C</cps>
    <runway>NNNN</runway>
    <assignedBeaconCode>6504</assignedBeaconCode>
    <requestedAltitude>34000</requestedAltitude>
    <assignedAltitude>0</assignedAltitude>
    <category>G</category>
    <dbi></dbi>
    <acid>ENY3462</acid>
    <acType>E170</acType>
    <entryFix>DCA</entryFix>
    <exitFix>RAM</exitFix>
    <airport>DCA</airport>
    <flightRules>IFR</flightRules>
    <rawFlightRules></rawFlightRules>
    <type>P</type>
    <ptdTime>1450</ptdTime>
    <status>active</status>
    <delete>0</delete>
    <suspended>0</suspended>
    <lld>NW</lld>
    <ECID>959</ECID>
    <eqptSuffix>unavailable</eqptSuffix>
  </flightPlan>
  <enhancedData>
    <eramGufi>KW489174kj</eramGufi>
    <sfdpsGufi>us.fdps.2026-06-24T13:35:17Z.000/22/4kj</sfdpsGufi>
    <departureAirport>KDCA</departureAirport>
    <destinationAirport>KCID</destinationAirport>
  </enhancedData>
</record>

=== 15:01:43.317 PCT OLV915 ===
<record>
  <recSeqNum>4592</recSeqNum>
  <recSrc>A</recSrc>
  <recType>210</recType>
  <recSTARSTimestamp>54103050</recSTARSTimestamp>
  <recSTARSSrcID>0</recSTARSSrcID>
  <recSTARSTimeSync>true</recSTARSTimeSync>
  <recSAFAReceiptTime>2026-06-24T15:01:43.076Z</recSAFAReceiptTime>
  <recSAFATimeSync>true</recSAFATimeSync>
  <track>
    <trackNum>490</trackNum>
    <mrtTime>2026-06-24T15:01:42.665Z</mrtTime>
    <status>active</status>
    <acAddress>acaad4</acAddress>
    <xPos>1004745</xPos>
    <yPos>311644</yPos>
    <lat>38.38272</lat>
    <lon>-77.57947</lon>
    <vVert>1493</vVert>
    <vx>-138</vx>
    <vy>-255</vy>
    <vVertRaw>1019</vVertRaw>
    <vxRaw>-628</vxRaw>
    <vyRaw>-1162</vyRaw>
    <frozen>0</frozen>
    <new>0</new>
    <pseudo>0</pseudo>
    <adsb>1</adsb>
    <reportedBeaconCode>4607</reportedBeaconCode>
    <reportedAltitude>14700</reportedAltitude>
  </track>
  <flightPlan>
    <sfpn>1446</sfpn>
    <ocr>normal handoff</ocr>
    <rnav>0</rnav>
    <cps>C</cps>
    <runway>NNNN</runway>
    <assignedBeaconCode>4607</assignedBeaconCode>
    <requestedAltitude>24000</requestedAltitude>
    <assignedAltitude>0</assignedAltitude>
    <category>I</category>
    <dbi></dbi>
    <acid>OLV915</acid>
    <acType>C525</acType>
    <entryFix>IAD</entryFix>
    <exitFix>JDB</exitFix>
    <airport>IAD</airport>
    <flightRules>IFR</flightRules>
    <rawFlightRules></rawFlightRules>
    <type>P</type>
    <ptdTime>1430</ptdTime>
    <status>active</status>
    <delete>0</delete>
    <suspended>0</suspended>
    <lld>NE</lld>
    <ECID>701</ECID>
    <eqptSuffix>unavailable</eqptSuffix>
  </flightPlan>
  <enhancedData>
    <eramGufi>KW52254454</eramGufi>
    <sfdpsGufi>us.fdps.2026-06-24T14:30:00Z.727/22/454</sfdpsGufi>
    <departureAirport>KIAD</departureAirport>
    <destinationAirport>KRDU</destinationAirport>
  </enhancedData>
</record>
