
=== 16:32:09.915 MKE SWA1011 ===
<record>
  <recSeqNum>64578</recSeqNum>
  <recSrc>A</recSrc>
  <recType>210</recType>
  <recSTARSTimestamp>59529400</recSTARSTimestamp>
  <recSTARSSrcID>0</recSTARSSrcID>
  <recSTARSTimeSync>true</recSTARSTimeSync>
  <recSAFAReceiptTime>2026-06-24T16:32:09.407Z</recSAFAReceiptTime>
  <recSAFATimeSync>true</recSAFATimeSync>
  <track>
    <trackNum>3850</trackNum>
    <mrtTime>2026-06-24T16:32:08.642Z</mrtTime>
    <status>active</status>
    <acAddress>a528d6</acAddress>
    <xPos>829261</xPos>
    <yPos>450205</yPos>
    <lat>43.0305</lat>
    <lon>-87.53967</lon>
    <vVert>-2077</vVert>
    <vx>-213</vx>
    <vy>-72</vy>
    <vVertRaw>-1418</vVertRaw>
    <vxRaw>-969</vxRaw>
    <vyRaw>-328</vyRaw>
    <frozen>0</frozen>
    <new>0</new>
    <pseudo>0</pseudo>
    <adsb>1</adsb>
    <reportedBeaconCode>3706</reportedBeaconCode>
    <reportedAltitude>5300</reportedAltitude>
  </track>
  <flightPlan>
    <sfpn>1228</sfpn>
    <ocr>normal handoff</ocr>
    <rnav>0</rnav>
    <scratchPad1>I5L</scratchPad1>
    <cps>1E</cps>
    <runway>I5L</runway>
    <assignedBeaconCode>3706</assignedBeaconCode>
    <requestedAltitude>0</requestedAltitude>
    <assignedAltitude>14000</assignedAltitude>
    <category>F</category>
    <dbi></dbi>
    <acid>SWA1011</acid>
    <acType>B737</acType>
    <entryFix>SUD</entryFix>
    <exitFix>MKE</exitFix>
    <airport>MKE</airport>
    <flightRules>IFR</flightRules>
    <rawFlightRules></rawFlightRules>
    <type>A</type>
    <ptdTime>1627</ptdTime>
    <status>active</status>
    <delete>0</delete>
    <suspended>0</suspended>
    <lld>NE</lld>
    <ECID>440</ECID>
    <eqptSuffix>unavailable</eqptSuffix>
  </flightPlan>
  <enhancedData>
    <eramGufi>KW462664eL</eramGufi>
    <sfdpsGufi>us.fdps.2026-06-24T12:51:06Z.000/22/4eL</sfdpsGufi>
    <departureAirport>KBWI</departureAirport>
    <destinationAirport>KMKE</destinationAirport>
  </enhancedData>
</record>

=== 16:32:11.186 T75 SWA733 ===
<record>
  <recSeqNum>59371</recSeqNum>
  <recSrc>A</recSrc>
  <recType>210</recType>
  <recSTARSTimestamp>59530890</recSTARSTimestamp>
  <recSTARSSrcID>0</recSTARSSrcID>
  <recSTARSTimeSync>true</recSTARSTimeSync>
  <recSAFAReceiptTime>2026-06-24T16:32:10.919Z</recSAFAReceiptTime>
  <recSAFATimeSync>true</recSAFATimeSync>
  <track>
    <trackNum>3303</trackNum>
    <mrtTime>2026-06-24T16:32:09.837Z</mrtTime>
    <status>active</status>
    <acAddress>000000</acAddress>
    <xPos>780109</xPos>
    <yPos>390818</yPos>
    <lat>37.85175</lat>
    <lon>-89.74153</lon>
    <vVert>-2320</vVert>
    <vx>-325</vx>
    <vy>154</vy>
    <vVertRaw>-1584</vVertRaw>
    <vxRaw>-1481</vxRaw>
    <vyRaw>700</vyRaw>
    <frozen>0</frozen>
    <new>0</new>
    <pseudo>0</pseudo>
    <adsb>0</adsb>
    <reportedBeaconCode>1144</reportedBeaconCode>
    <reportedAltitude>21100</reportedAltitude>
  </track>
  <flightPlan>
    <sfpn>296</sfpn>
    <ocr>no change</ocr>
    <rnav>1</rnav>
    <cps>C</cps>
    <assignedBeaconCode>1144</assignedBeaconCode>
    <requestedAltitude>0</requestedAltitude>
    <assignedAltitude>10000</assignedAltitude>
    <category>F</category>
    <dbi></dbi>
    <acid>SWA733</acid>
    <acType>B737</acType>
    <entryFix>BOO</entryFix>
    <exitFix>STL</exitFix>
    <airport>STL</airport>
    <flightRules>IFR</flightRules>
    <rawFlightRules></rawFlightRules>
    <type>A</type>
    <ptdTime>1635</ptdTime>
    <status>active</status>
    <delete>0</delete>
    <suspended>0</suspended>
    <lld>NE</lld>
    <ECID>939</ECID>
    <eqptSuffix>unavailable</eqptSuffix>
  </flightPlan>
  <enhancedData>
    <eramGufi>KW461134Iw</eramGufi>
    <sfdpsGufi>us.fdps.2026-06-24T12:48:33Z.000/22/4Iw</sfdpsGufi>
    <departureAirport>KBWI</departureAirport>
    <destinationAirport>KSTL</destinationAirport>
  </enhancedData>
</record>

=== 16:32:15.742 T75 SWA733 ===
<record>
  <recSeqNum>59508</recSeqNum>
  <recSrc>A</recSrc>
  <recType>210</recType>
  <recSTARSTimestamp>59535380</recSTARSTimestamp>
  <recSTARSSrcID>0</recSTARSSrcID>
  <recSTARSTimeSync>true</recSTARSTimeSync>
  <recSAFAReceiptTime>2026-06-24T16:32:15.423Z</recSAFAReceiptTime>
  <recSAFATimeSync>true</recSAFATimeSync>
  <track>
    <trackNum>3303</trackNum>
    <mrtTime>2026-06-24T16:32:14.464Z</mrtTime>
    <status>active</status>
    <acAddress>000000</acAddress>
    <xPos>779996</xPos>
    <yPos>390869</yPos>
    <lat>37.85508</lat>
    <lon>-89.75081</lon>
    <vVert>-2314</vVert>
    <vx>-329</vx>
    <vy>155</vy>
    <vVertRaw>-1580</vVertRaw>
    <vxRaw>-1499</vxRaw>
    <vyRaw>705</vyRaw>
    <frozen>0</frozen>
    <new>0</new>
    <pseudo>0</pseudo>
    <adsb>0</adsb>
    <reportedBeaconCode>1144</reportedBeaconCode>
    <reportedAltitude>20900</reportedAltitude>
  </track>
  <flightPlan>
    <sfpn>296</sfpn>
    <ocr>no change</ocr>
    <rnav>1</rnav>
    <cps>C</cps>
    <assignedBeaconCode>1144</assignedBeaconCode>
    <requestedAltitude>0</requestedAltitude>
    <assignedAltitude>10000</assignedAltitude>
    <category>F</category>
    <dbi></dbi>
    <acid>SWA733</acid>
    <acType>B737</acType>
    <entryFix>BOO</entryFix>
    <exitFix>STL</exitFix>
    <airport>STL</airport>
    <flightRules>IFR</flightRules>
    <rawFlightRules></rawFlightRules>
    <type>A</type>
    <ptdTime>1635</ptdTime>
    <status>active</status>
    <delete>0</delete>
    <suspended>0</suspended>
    <lld>NE</lld>
    <ECID>939</ECID>
    <eqptSuffix>unavailable</eqptSuffix>
  </flightPlan>
  <enhancedData>
    <eramGufi>KW461134Iw</eramGufi>
    <sfdpsGufi>us.fdps.2026-06-24T12:48:33Z.000/22/4Iw</sfdpsGufi>
    <departureAirport>KBWI</departureAirport>
    <destinationAirport>KSTL</destinationAirport>
  </enhancedData>
</record>

=== 16:32:24.473 T75 SWA733 ===
<record>
  <recSeqNum>59766</recSeqNum>
  <recSrc>A</recSrc>
  <recType>210</recType>
  <recSTARSTimestamp>59544230</recSTARSTimestamp>
  <recSTARSSrcID>0</recSTARSSrcID>
  <recSTARSTimeSync>true</recSTARSTimeSync>
  <recSAFAReceiptTime>2026-06-24T16:32:24.234Z</recSAFAReceiptTime>
  <recSAFATimeSync>true</recSAFATimeSync>
  <track>
    <trackNum>3303</trackNum>
    <mrtTime>2026-06-24T16:32:23.879Z</mrtTime>
    <status>active</status>
    <acAddress>a2bb10</acAddress>
    <xPos>779802</xPos>
    <yPos>390987</yPos>
    <lat>37.86281</lat>
    <lon>-89.76675</lon>
    <vVert>-2287</vVert>
    <vx>-314</vx>
    <vy>169</vy>
    <vVertRaw>-1561</vVertRaw>
    <vxRaw>-1427</vxRaw>
    <vyRaw>767</vyRaw>
    <frozen>0</frozen>
    <new>0</new>
    <pseudo>0</pseudo>
    <adsb>1</adsb>
    <reportedBeaconCode>1144</reportedBeaconCode>
    <reportedAltitude>20600</reportedAltitude>
  </track>
  <flightPlan>
    <sfpn>296</sfpn>
    <ocr>no change</ocr>
    <rnav>1</rnav>
    <cps>C</cps>
    <assignedBeaconCode>1144</assignedBeaconCode>
    <requestedAltitude>0</requestedAltitude>
    <assignedAltitude>10000</assignedAltitude>
    <category>F</category>
    <dbi></dbi>
    <acid>SWA733</acid>
    <acType>B737</acType>
    <entryFix>BOO</entryFix>
    <exitFix>STL</exitFix>
    <airport>STL</airport>
    <flightRules>IFR</flightRules>
    <rawFlightRules></rawFlightRules>
    <type>A</type>
    <ptdTime>1635</ptdTime>
    <status>active</status>
    <delete>0</delete>
    <suspended>0</suspended>
    <lld>NE</lld>
    <ECID>939</ECID>
    <eqptSuffix>unavailable</eqptSuffix>
  </flightPlan>
  <enhancedData>
    <eramGufi>KW461134Iw</eramGufi>
    <sfdpsGufi>us.fdps.2026-06-24T12:48:33Z.000/22/4Iw</sfdpsGufi>
    <departureAirport>KBWI</departureAirport>
    <destinationAirport>KSTL</destinationAirport>
  </enhancedData>
</record>

=== 16:32:31.567 MKE SWA1011 ===
<record>
  <recSeqNum>408</recSeqNum>
  <recSrc>A</recSrc>
  <recType>210</recType>
  <recSTARSTimestamp>59551300</recSTARSTimestamp>
  <recSTARSSrcID>0</recSTARSSrcID>
  <recSTARSTimeSync>true</recSTARSTimeSync>
  <recSAFAReceiptTime>2026-06-24T16:32:31.350Z</recSAFAReceiptTime>
  <recSAFATimeSync>true</recSAFATimeSync>
  <track>
    <trackNum>3850</trackNum>
    <mrtTime>2026-06-24T16:32:30.894Z</mrtTime>
    <status>active</status>
    <acAddress>a528d6</acAddress>
    <xPos>828922</xPos>
    <yPos>450093</yPos>
    <lat>43.02331</lat>
    <lon>-87.56981</lon>
    <vVert>-1878</vVert>
    <vx>-214</vx>
    <vy>-71</vy>
    <vVertRaw>-1282</vVertRaw>
    <vxRaw>-976</vxRaw>
    <vyRaw>-324</vyRaw>
    <frozen>0</frozen>
    <new>0</new>
    <pseudo>0</pseudo>
    <adsb>1</adsb>
    <reportedBeaconCode>3706</reportedBeaconCode>
    <reportedAltitude>4600</reportedAltitude>
  </track>
  <flightPlan>
    <sfpn>1228</sfpn>
    <ocr>normal handoff</ocr>
    <rnav>0</rnav>
    <scratchPad1>I5L</scratchPad1>
    <cps>1E</cps>
    <runway>I5L</runway>
    <assignedBeaconCode>3706</assignedBeaconCode>
    <requestedAltitude>0</requestedAltitude>
    <assignedAltitude>14000</assignedAltitude>
    <category>F</category>
    <dbi></dbi>
    <acid>SWA1011</acid>
    <acType>B737</acType>
    <entryFix>SUD</entryFix>
    <exitFix>MKE</exitFix>
    <airport>MKE</airport>
    <flightRules>IFR</flightRules>
    <rawFlightRules></rawFlightRules>
    <type>A</type>
    <ptdTime>1627</ptdTime>
    <status>active</status>
    <delete>0</delete>
    <suspended>0</suspended>
    <lld>NE</lld>
    <ECID>440</ECID>
    <eqptSuffix>unavailable</eqptSuffix>
  </flightPlan>
  <enhancedData>
    <eramGufi>KW462664eL</eramGufi>
    <sfdpsGufi>us.fdps.2026-06-24T12:51:06Z.000/22/4eL</sfdpsGufi>
    <departureAirport>KBWI</departureAirport>
    <destinationAirport>KMKE</destinationAirport>
  </enhancedData>
</record>

=== 16:32:38.131 T75 SWA733 ===
<record>
  <recSeqNum>60220</recSeqNum>
  <recSrc>A</recSrc>
  <recType>210</recType>
  <recSTARSTimestamp>59557740</recSTARSTimestamp>
  <recSTARSSrcID>0</recSTARSSrcID>
  <recSTARSTimeSync>true</recSTARSTimeSync>
  <recSAFAReceiptTime>2026-06-24T16:32:37.748Z</recSAFAReceiptTime>
  <recSAFATimeSync>true</recSAFATimeSync>
  <track>
    <trackNum>3303</trackNum>
    <mrtTime>2026-06-24T16:32:37.501Z</mrtTime>
    <status>active</status>
    <acAddress>a2bb10</acAddress>
    <xPos>779498</xPos>
    <yPos>391149</yPos>
    <lat>37.87336</lat>
    <lon>-89.79172</lon>
    <vVert>-2281</vVert>
    <vx>-314</vx>
    <vy>167</vy>
    <vVertRaw>-1557</vVertRaw>
    <vxRaw>-1427</vxRaw>
    <vyRaw>759</vyRaw>
    <frozen>0</frozen>
    <new>0</new>
    <pseudo>0</pseudo>
    <adsb>1</adsb>
    <reportedBeaconCode>1144</reportedBeaconCode>
    <reportedAltitude>20000</reportedAltitude>
  </track>
  <flightPlan>
    <sfpn>296</sfpn>
    <ocr>no change</ocr>
    <rnav>1</rnav>
    <cps>C</cps>
    <assignedBeaconCode>1144</assignedBeaconCode>
    <requestedAltitude>0</requestedAltitude>
    <assignedAltitude>10000</assignedAltitude>
    <category>F</category>
    <dbi></dbi>
    <acid>SWA733</acid>
    <acType>B737</acType>
    <entryFix>BOO</entryFix>
    <exitFix>STL</exitFix>
    <airport>STL</airport>
    <flightRules>IFR</flightRules>
    <rawFlightRules></rawFlightRules>
    <type>A</type>
    <ptdTime>1635</ptdTime>
    <status>active</status>
    <delete>0</delete>
    <suspended>0</suspended>
    <lld>NE</lld>
    <ECID>939</ECID>
    <eqptSuffix>unavailable</eqptSuffix>
  </flightPlan>
  <enhancedData>
    <eramGufi>KW461134Iw</eramGufi>
    <sfdpsGufi>us.fdps.2026-06-24T12:48:33Z.000/22/4Iw</sfdpsGufi>
    <departureAirport>KBWI</departureAirport>
    <destinationAirport>KSTL</destinationAirport>
  </enhancedData>
</record>

=== 16:32:42.304 T75 SWA733 ===
<record>
  <recSeqNum>60341</recSeqNum>
  <recSrc>A</recSrc>
  <recType>210</recType>
  <recSTARSTimestamp>59562090</recSTARSTimestamp>
  <recSTARSSrcID>0</recSTARSSrcID>
  <recSTARSTimeSync>true</recSTARSTimeSync>
  <recSAFAReceiptTime>2026-06-24T16:32:42.102Z</recSAFAReceiptTime>
  <recSAFATimeSync>true</recSAFATimeSync>
  <track>
    <trackNum>3303</trackNum>
    <mrtTime>2026-06-24T16:32:41.415Z</mrtTime>
    <status>active</status>
    <acAddress>a2bb10</acAddress>
    <xPos>779411</xPos>
    <yPos>391196</yPos>
    <lat>37.87644</lat>
    <lon>-89.79886</lon>
    <vVert>-2279</vVert>
    <vx>-313</vx>
    <vy>167</vy>
    <vVertRaw>-1556</vVertRaw>
    <vxRaw>-1425</vxRaw>
    <vyRaw>759</vyRaw>
    <frozen>0</frozen>
    <new>0</new>
    <pseudo>0</pseudo>
    <adsb>1</adsb>
    <reportedBeaconCode>1144</reportedBeaconCode>
    <reportedAltitude>19900</reportedAltitude>
  </track>
  <flightPlan>
    <sfpn>296</sfpn>
    <ocr>no change</ocr>
    <rnav>1</rnav>
    <cps>C</cps>
    <assignedBeaconCode>1144</assignedBeaconCode>
    <requestedAltitude>0</requestedAltitude>
    <assignedAltitude>10000</assignedAltitude>
    <category>F</category>
    <dbi></dbi>
    <acid>SWA733</acid>
    <acType>B737</acType>
    <entryFix>BOO</entryFix>
    <exitFix>STL</exitFix>
    <airport>STL</airport>
    <flightRules>IFR</flightRules>
    <rawFlightRules></rawFlightRules>
    <type>A</type>
    <ptdTime>1635</ptdTime>
    <status>active</status>
    <delete>0</delete>
    <suspended>0</suspended>
    <lld>NE</lld>
    <ECID>939</ECID>
    <eqptSuffix>unavailable</eqptSuffix>
  </flightPlan>
  <enhancedData>
    <eramGufi>KW461134Iw</eramGufi>
    <sfdpsGufi>us.fdps.2026-06-24T12:48:33Z.000/22/4Iw</sfdpsGufi>
    <departureAirport>KBWI</departureAirport>
    <destinationAirport>KSTL</destinationAirport>
  </enhancedData>
</record>

=== 16:32:43.480 PCT DAL737 ===
<record>
  <recSeqNum>41692</recSeqNum>
  <recSrc>A</recSrc>
  <recType>210</recType>
  <recSTARSTimestamp>59563050</recSTARSTimestamp>
  <recSTARSSrcID>0</recSTARSSrcID>
  <recSTARSTimeSync>true</recSTARSTimeSync>
  <recSAFAReceiptTime>2026-06-24T16:32:43.061Z</recSAFAReceiptTime>
  <recSAFATimeSync>true</recSAFATimeSync>
  <track>
    <trackNum>2569</trackNum>
    <mrtTime>2026-06-24T16:32:42.606Z</mrtTime>
    <status>active</status>
    <acAddress>a41c69</acAddress>
    <xPos>1010636</xPos>
    <yPos>312611</yPos>
    <lat>38.44622</lat>
    <lon>-77.09161</lon>
    <vVert>-1160</vVert>
    <vx>143</vx>
    <vy>160</vy>
    <vVertRaw>-792</vVertRaw>
    <vxRaw>649</vxRaw>
    <vyRaw>729</vyRaw>
    <frozen>0</frozen>
    <new>0</new>
    <pseudo>0</pseudo>
    <adsb>1</adsb>
    <reportedBeaconCode>3352</reportedBeaconCode>
    <reportedAltitude>7800</reportedAltitude>
  </track>
  <flightPlan>
    <sfpn>1041</sfpn>
    <ocr>normal handoff</ocr>
    <rnav>0</rnav>
    <scratchPad1>CAP</scratchPad1>
    <cps>1J</cps>
    <runway>CAP</runway>
    <assignedBeaconCode>3352</assignedBeaconCode>
    <requestedAltitude>0</requestedAltitude>
    <assignedAltitude>13000</assignedAltitude>
    <category>F</category>
    <dbi></dbi>
    <acid>DAL737</acid>
    <acType>A320</acType>
    <entryFix>CAP</entryFix>
    <exitFix>DCA</exitFix>
    <airport>DCA</airport>
    <flightRules>IFR</flightRules>
    <rawFlightRules></rawFlightRules>
    <type>A</type>
    <ptdTime>1628</ptdTime>
    <status>active</status>
    <delete>0</delete>
    <suspended>0</suspended>
    <lld>NE</lld>
    <ECID>175</ECID>
    <eqptSuffix>unavailable</eqptSuffix>
  </flightPlan>
  <enhancedData>
    <eramGufi>KT510614Pn</eramGufi>
    <sfdpsGufi>us.fdps.2026-06-24T14:11:01Z.000/19/4Pn</sfdpsGufi>
    <departureAirport>KATL</departureAirport>
    <destinationAirport>KDCA</destinationAirport>
  </enhancedData>
</record>

=== 16:32:43.520 T75 SWA733 ===
<record>
  <recSeqNum>60374</recSeqNum>
  <recSrc>A</recSrc>
  <recType>210</recType>
  <recSTARSTimestamp>59563080</recSTARSTimestamp>
  <recSTARSSrcID>0</recSTARSSrcID>
  <recSTARSTimeSync>true</recSTARSTimeSync>
  <recSAFAReceiptTime>2026-06-24T16:32:43.097Z</recSAFAReceiptTime>
  <recSAFATimeSync>true</recSAFATimeSync>
  <track>
    <trackNum>3303</trackNum>
    <mrtTime>2026-06-24T16:32:42.560Z</mrtTime>
    <status>active</status>
    <acAddress>a2bb10</acAddress>
    <xPos>779386</xPos>
    <yPos>391209</yPos>
    <lat>37.87728</lat>
    <lon>-89.80092</lon>
    <vVert>-2213</vVert>
    <vx>-313</vx>
    <vy>167</vy>
    <vVertRaw>-1511</vVertRaw>
    <vxRaw>-1425</vxRaw>
    <vyRaw>758</vyRaw>
    <frozen>0</frozen>
    <new>0</new>
    <pseudo>0</pseudo>
    <adsb>1</adsb>
    <reportedBeaconCode>1144</reportedBeaconCode>
    <reportedAltitude>19900</reportedAltitude>
  </track>
  <flightPlan>
    <sfpn>296</sfpn>
    <ocr>pending</ocr>
    <rnav>1</rnav>
    <cps>1N</cps>
    <assignedBeaconCode>1144</assignedBeaconCode>
    <requestedAltitude>0</requestedAltitude>
    <assignedAltitude>10000</assignedAltitude>
    <category>F</category>
    <dbi></dbi>
    <acid>SWA733</acid>
    <acType>B737</acType>
    <entryFix>BOO</entryFix>
    <exitFix>STL</exitFix>
    <airport>STL</airport>
    <flightRules>IFR</flightRules>
    <rawFlightRules></rawFlightRules>
    <type>A</type>
    <ptdTime>1635</ptdTime>
    <status>active</status>
    <delete>0</delete>
    <suspended>0</suspended>
    <lld>NE</lld>
    <ECID>939</ECID>
    <eqptSuffix>unavailable</eqptSuffix>
  </flightPlan>
  <enhancedData>
    <eramGufi>KW461134Iw</eramGufi>
    <sfdpsGufi>us.fdps.2026-06-24T12:48:33Z.000/22/4Iw</sfdpsGufi>
    <departureAirport>KBWI</departureAirport>
    <destinationAirport>KSTL</destinationAirport>
  </enhancedData>
</record>

=== 16:32:44.927 MKE SWA1011 ===
<record>
  <recSeqNum>1212</recSeqNum>
  <recSrc>A</recSrc>
  <recType>210</recType>
  <recSTARSTimestamp>59564490</recSTARSTimestamp>
  <recSTARSSrcID>0</recSTARSSrcID>
  <recSTARSTimeSync>true</recSTARSTimeSync>
  <recSAFAReceiptTime>2026-06-24T16:32:44.519Z</recSAFAReceiptTime>
  <recSAFATimeSync>true</recSAFATimeSync>
  <track>
    <trackNum>3850</trackNum>
    <mrtTime>2026-06-24T16:32:44.098Z</mrtTime>
    <status>active</status>
    <acAddress>a528d6</acAddress>
    <xPos>828718</xPos>
    <yPos>450026</yPos>
    <lat>43.01897</lat>
    <lon>-87.58792</lon>
    <vVert>-1743</vVert>
    <vx>-216</vx>
    <vy>-71</vy>
    <vVertRaw>-1190</vVertRaw>
    <vxRaw>-985</vxRaw>
    <vyRaw>-321</vyRaw>
    <frozen>0</frozen>
    <new>0</new>
    <pseudo>0</pseudo>
    <adsb>1</adsb>
    <reportedBeaconCode>3706</reportedBeaconCode>
    <reportedAltitude>4200</reportedAltitude>
  </track>
  <flightPlan>
    <sfpn>1228</sfpn>
    <ocr>normal handoff</ocr>
    <rnav>0</rnav>
    <scratchPad1>I5L</scratchPad1>
    <cps>1E</cps>
    <runway>I5L</runway>
    <assignedBeaconCode>3706</assignedBeaconCode>
    <requestedAltitude>0</requestedAltitude>
    <assignedAltitude>14000</assignedAltitude>
    <category>F</category>
    <dbi></dbi>
    <acid>SWA1011</acid>
    <acType>B737</acType>
    <entryFix>SUD</entryFix>
    <exitFix>MKE</exitFix>
    <airport>MKE</airport>
    <flightRules>IFR</flightRules>
    <rawFlightRules></rawFlightRules>
    <type>A</type>
    <ptdTime>1627</ptdTime>
    <status>active</status>
    <delete>0</delete>
    <suspended>0</suspended>
    <lld>NE</lld>
    <ECID>440</ECID>
    <eqptSuffix>unavailable</eqptSuffix>
  </flightPlan>
  <enhancedData>
    <eramGufi>KW462664eL</eramGufi>
    <sfdpsGufi>us.fdps.2026-06-24T12:51:06Z.000/22/4eL</sfdpsGufi>
    <departureAirport>KBWI</departureAirport>
    <destinationAirport>KMKE</destinationAirport>
  </enhancedData>
</record>

=== 16:32:46.902 T75 SWA733 ===
<record>
  <recSeqNum>60480</recSeqNum>
  <recSrc>A</recSrc>
  <recType>210</recType>
  <recSTARSTimestamp>59566590</recSTARSTimestamp>
  <recSTARSSrcID>0</recSTARSSrcID>
  <recSTARSTimeSync>true</recSTARSTimeSync>
  <recSAFAReceiptTime>2026-06-24T16:32:46.607Z</recSAFAReceiptTime>
  <recSAFATimeSync>true</recSAFATimeSync>
  <track>
    <trackNum>3303</trackNum>
    <mrtTime>2026-06-24T16:32:45.521Z</mrtTime>
    <status>active</status>
    <acAddress>a2bb10</acAddress>
    <xPos>779320</xPos>
    <yPos>391244</yPos>
    <lat>37.87956</lat>
    <lon>-89.80633</lon>
    <vVert>-2115</vVert>
    <vx>-312</vx>
    <vy>166</vy>
    <vVertRaw>-1444</vVertRaw>
    <vxRaw>-1422</vxRaw>
    <vyRaw>757</vyRaw>
    <frozen>0</frozen>
    <new>0</new>
    <pseudo>0</pseudo>
    <adsb>1</adsb>
    <reportedBeaconCode>1144</reportedBeaconCode>
    <reportedAltitude>19800</reportedAltitude>
  </track>
  <flightPlan>
    <sfpn>296</sfpn>
    <ocr>pending</ocr>
    <rnav>1</rnav>
    <cps>1N</cps>
    <assignedBeaconCode>1144</assignedBeaconCode>
    <requestedAltitude>0</requestedAltitude>
    <assignedAltitude>10000</assignedAltitude>
    <category>F</category>
    <dbi></dbi>
    <acid>SWA733</acid>
    <acType>B737</acType>
    <entryFix>BOO</entryFix>
    <exitFix>STL</exitFix>
    <airport>STL</airport>
    <flightRules>IFR</flightRules>
    <rawFlightRules></rawFlightRules>
    <type>A</type>
    <ptdTime>1635</ptdTime>
    <status>active</status>
    <delete>0</delete>
    <suspended>0</suspended>
    <lld>NE</lld>
    <ECID>939</ECID>
    <eqptSuffix>unavailable</eqptSuffix>
  </flightPlan>
  <enhancedData>
    <eramGufi>KW461134Iw</eramGufi>
    <sfdpsGufi>us.fdps.2026-06-24T12:48:33Z.000/22/4Iw</sfdpsGufi>
    <departureAirport>KBWI</departureAirport>
    <destinationAirport>KSTL</destinationAirport>
  </enhancedData>
</record>

=== 16:32:47.914 PCT DAL737 ===
<record>
  <recSeqNum>42245</recSeqNum>
  <recSrc>A</recSrc>
  <recType>210</recType>
  <recSTARSTimestamp>59567680</recSTARSTimestamp>
  <recSTARSSrcID>0</recSTARSSrcID>
  <recSTARSTimeSync>true</recSTARSTimeSync>
  <recSAFAReceiptTime>2026-06-24T16:32:47.697Z</recSAFAReceiptTime>
  <recSAFATimeSync>true</recSAFATimeSync>
  <track>
    <trackNum>2569</trackNum>
    <mrtTime>2026-06-24T16:32:46.422Z</mrtTime>
    <status>active</status>
    <acAddress>a41c69</acAddress>
    <xPos>1010675</xPos>
    <yPos>312655</yPos>
    <lat>38.44908</lat>
    <lon>-77.08836</lon>
    <vVert>-2174</vVert>
    <vx>142</vx>
    <vy>160</vy>
    <vVertRaw>-1484</vVertRaw>
    <vxRaw>648</vxRaw>
    <vyRaw>728</vyRaw>
    <frozen>0</frozen>
    <new>0</new>
    <pseudo>0</pseudo>
    <adsb>1</adsb>
    <reportedBeaconCode>3352</reportedBeaconCode>
    <reportedAltitude>7700</reportedAltitude>
  </track>
  <flightPlan>
    <sfpn>1041</sfpn>
    <ocr>normal handoff</ocr>
    <rnav>0</rnav>
    <scratchPad1>CAP</scratchPad1>
    <cps>1J</cps>
    <runway>CAP</runway>
    <assignedBeaconCode>3352</assignedBeaconCode>
    <requestedAltitude>0</requestedAltitude>
    <assignedAltitude>13000</assignedAltitude>
    <category>F</category>
    <dbi></dbi>
    <acid>DAL737</acid>
    <acType>A320</acType>
    <entryFix>CAP</entryFix>
    <exitFix>DCA</exitFix>
    <airport>DCA</airport>
    <flightRules>IFR</flightRules>
    <rawFlightRules></rawFlightRules>
    <type>A</type>
    <ptdTime>1628</ptdTime>
    <status>active</status>
    <delete>0</delete>
    <suspended>0</suspended>
    <lld>NE</lld>
    <ECID>175</ECID>
    <eqptSuffix>unavailable</eqptSuffix>
  </flightPlan>
  <enhancedData>
    <eramGufi>KT510614Pn</eramGufi>
    <sfdpsGufi>us.fdps.2026-06-24T14:11:01Z.000/19/4Pn</sfdpsGufi>
    <departureAirport>KATL</departureAirport>
    <destinationAirport>KDCA</destinationAirport>
  </enhancedData>
</record>

=== 16:32:49.693 T75 SWA733 ===
<record>
  <recSeqNum>60583</recSeqNum>
  <recSrc>A</recSrc>
  <recType>210</recType>
  <recSTARSTimestamp>59569360</recSTARSTimestamp>
  <recSTARSSrcID>0</recSTARSSrcID>
  <recSTARSTimeSync>true</recSTARSTimeSync>
  <recSAFAReceiptTime>2026-06-24T16:32:49.402Z</recSAFAReceiptTime>
  <recSAFATimeSync>true</recSAFATimeSync>
  <track>
    <trackNum>3303</trackNum>
    <mrtTime>2026-06-24T16:32:48.713Z</mrtTime>
    <status>active</status>
    <acAddress>a2bb10</acAddress>
    <xPos>779250</xPos>
    <yPos>391282</yPos>
    <lat>37.88206</lat>
    <lon>-89.81211</lon>
    <vVert>-2064</vVert>
    <vx>-312</vx>
    <vy>166</vy>
    <vVertRaw>-1409</vVertRaw>
    <vxRaw>-1419</vxRaw>
    <vyRaw>757</vyRaw>
    <frozen>0</frozen>
    <new>0</new>
    <pseudo>0</pseudo>
    <adsb>1</adsb>
    <reportedBeaconCode>1144</reportedBeaconCode>
    <reportedAltitude>19600</reportedAltitude>
  </track>
  <flightPlan>
    <sfpn>296</sfpn>
    <ocr>pending</ocr>
    <rnav>1</rnav>
    <cps>1N</cps>
    <assignedBeaconCode>1144</assignedBeaconCode>
    <requestedAltitude>0</requestedAltitude>
    <assignedAltitude>10000</assignedAltitude>
    <category>F</category>
    <dbi></dbi>
    <acid>SWA733</acid>
    <acType>B737</acType>
    <entryFix>BOO</entryFix>
    <exitFix>STL</exitFix>
    <airport>STL</airport>
    <flightRules>IFR</flightRules>
    <rawFlightRules></rawFlightRules>
    <type>A</type>
    <ptdTime>1635</ptdTime>
    <status>active</status>
    <delete>0</delete>
    <suspended>0</suspended>
    <lld>NE</lld>
    <ECID>939</ECID>
    <eqptSuffix>unavailable</eqptSuffix>
  </flightPlan>
  <enhancedData>
    <eramGufi>KW461134Iw</eramGufi>
    <sfdpsGufi>us.fdps.2026-06-24T12:48:33Z.000/22/4Iw</sfdpsGufi>
    <departureAirport>KBWI</departureAirport>
    <destinationAirport>KSTL</destinationAirport>
  </enhancedData>
</record>

=== 16:32:51.437 T75 SWA733 ===
<record>
  <recSeqNum>60628</recSeqNum>
  <recSrc>A</recSrc>
  <recType>210</recType>
  <recSTARSTimestamp>59571090</recSTARSTimestamp>
  <recSTARSSrcID>0</recSTARSSrcID>
  <recSTARSTimeSync>true</recSTARSTimeSync>
  <recSAFAReceiptTime>2026-06-24T16:32:51.111Z</recSAFAReceiptTime>
  <recSAFATimeSync>true</recSAFATimeSync>
  <track>
    <trackNum>3303</trackNum>
    <mrtTime>2026-06-24T16:32:50.720Z</mrtTime>
    <status>active</status>
    <acAddress>a2bb10</acAddress>
    <xPos>779206</xPos>
    <yPos>391305</yPos>
    <lat>37.88356</lat>
    <lon>-89.81572</lon>
    <vVert>-2046</vVert>
    <vx>-311</vx>
    <vy>166</vy>
    <vVertRaw>-1397</vVertRaw>
    <vxRaw>-1416</vxRaw>
    <vyRaw>755</vyRaw>
    <frozen>0</frozen>
    <new>0</new>
    <pseudo>0</pseudo>
    <adsb>1</adsb>
    <reportedBeaconCode>1144</reportedBeaconCode>
    <reportedAltitude>19600</reportedAltitude>
  </track>
  <flightPlan>
    <sfpn>296</sfpn>
    <ocr>pending</ocr>
    <rnav>1</rnav>
    <cps>1N</cps>
    <assignedBeaconCode>1144</assignedBeaconCode>
    <requestedAltitude>0</requestedAltitude>
    <assignedAltitude>10000</assignedAltitude>
    <category>F</category>
    <dbi></dbi>
    <acid>SWA733</acid>
    <acType>B737</acType>
    <entryFix>BOO</entryFix>
    <exitFix>STL</exitFix>
    <airport>STL</airport>
    <flightRules>IFR</flightRules>
    <rawFlightRules></rawFlightRules>
    <type>A</type>
    <ptdTime>1635</ptdTime>
    <status>active</status>
    <delete>0</delete>
    <suspended>0</suspended>
    <lld>NE</lld>
    <ECID>939</ECID>
    <eqptSuffix>unavailable</eqptSuffix>
  </flightPlan>
  <enhancedData>
    <eramGufi>KW461134Iw</eramGufi>
    <sfdpsGufi>us.fdps.2026-06-24T12:48:33Z.000/22/4Iw</sfdpsGufi>
    <departureAirport>KBWI</departureAirport>
    <destinationAirport>KSTL</destinationAirport>
  </enhancedData>
</record>

=== 16:32:52.063 PCT DAL737 ===
<record>
  <recSeqNum>42728</recSeqNum>
  <recSrc>A</recSrc>
  <recType>210</recType>
  <recSTARSTimestamp>59571880</recSTARSTimestamp>
  <recSTARSSrcID>0</recSTARSSrcID>
  <recSTARSTimeSync>true</recSTARSTimeSync>
  <recSAFAReceiptTime>2026-06-24T16:32:51.900Z</recSAFAReceiptTime>
  <recSAFATimeSync>true</recSAFATimeSync>
  <track>
    <trackNum>2569</trackNum>
    <mrtTime>2026-06-24T16:32:51.543Z</mrtTime>
    <status>active</status>
    <acAddress>a41c69</acAddress>
    <xPos>1010726</xPos>
    <yPos>312713</yPos>
    <lat>38.45286</lat>
    <lon>-77.08414</lon>
    <vVert>-2178</vVert>
    <vx>142</vx>
    <vy>160</vy>
    <vVertRaw>-1487</vVertRaw>
    <vxRaw>646</vxRaw>
    <vyRaw>728</vyRaw>
    <frozen>0</frozen>
    <new>0</new>
    <pseudo>0</pseudo>
    <adsb>1</adsb>
    <reportedBeaconCode>3352</reportedBeaconCode>
    <reportedAltitude>7500</reportedAltitude>
  </track>
  <flightPlan>
    <sfpn>1041</sfpn>
    <ocr>normal handoff</ocr>
    <rnav>0</rnav>
    <scratchPad1>CAP</scratchPad1>
    <cps>1J</cps>
    <runway>CAP</runway>
    <assignedBeaconCode>3352</assignedBeaconCode>
    <requestedAltitude>0</requestedAltitude>
    <assignedAltitude>13000</assignedAltitude>
    <category>F</category>
    <dbi></dbi>
    <acid>DAL737</acid>
    <acType>A320</acType>
    <entryFix>CAP</entryFix>
    <exitFix>DCA</exitFix>
    <airport>DCA</airport>
    <flightRules>IFR</flightRules>
    <rawFlightRules></rawFlightRules>
    <type>A</type>
    <ptdTime>1628</ptdTime>
    <status>active</status>
    <delete>0</delete>
    <suspended>0</suspended>
    <lld>NE</lld>
    <ECID>175</ECID>
    <eqptSuffix>unavailable</eqptSuffix>
  </flightPlan>
  <enhancedData>
    <eramGufi>KT510614Pn</eramGufi>
    <sfdpsGufi>us.fdps.2026-06-24T14:11:01Z.000/19/4Pn</sfdpsGufi>
    <departureAirport>KATL</departureAirport>
    <destinationAirport>KDCA</destinationAirport>
  </enhancedData>
</record>

=== 16:32:52.928 MKE SWA1011 ===
<record>
  <recSeqNum>1684</recSeqNum>
  <recSrc>A</recSrc>
  <recType>210</recType>
  <recSTARSTimestamp>59572590</recSTARSTimestamp>
  <recSTARSSrcID>0</recSTARSSrcID>
  <recSTARSTimeSync>true</recSTARSTimeSync>
  <recSAFAReceiptTime>2026-06-24T16:32:52.628Z</recSAFAReceiptTime>
  <recSAFATimeSync>true</recSAFATimeSync>
  <track>
    <trackNum>3850</trackNum>
    <mrtTime>2026-06-24T16:32:52.215Z</mrtTime>
    <status>active</status>
    <acAddress>a528d6</acAddress>
    <xPos>828594</xPos>
    <yPos>449984</yPos>
    <lat>43.01628</lat>
    <lon>-87.59894</lon>
    <vVert>-1578</vVert>
    <vx>-216</vx>
    <vy>-73</vy>
    <vVertRaw>-1077</vVertRaw>
    <vxRaw>-982</vxRaw>
    <vyRaw>-331</vyRaw>
    <frozen>0</frozen>
    <new>0</new>
    <pseudo>0</pseudo>
    <adsb>1</adsb>
    <reportedBeaconCode>3706</reportedBeaconCode>
    <reportedAltitude>4000</reportedAltitude>
  </track>
  <flightPlan>
    <sfpn>1228</sfpn>
    <ocr>normal handoff</ocr>
    <rnav>0</rnav>
    <scratchPad1>I5L</scratchPad1>
    <cps>1E</cps>
    <runway>I5L</runway>
    <assignedBeaconCode>3706</assignedBeaconCode>
    <requestedAltitude>0</requestedAltitude>
    <assignedAltitude>14000</assignedAltitude>
    <category>F</category>
    <dbi></dbi>
    <acid>SWA1011</acid>
    <acType>B737</acType>
    <entryFix>SUD</entryFix>
    <exitFix>MKE</exitFix>
    <airport>MKE</airport>
    <flightRules>IFR</flightRules>
    <rawFlightRules></rawFlightRules>
    <type>A</type>
    <ptdTime>1627</ptdTime>
    <status>active</status>
    <delete>0</delete>
    <suspended>0</suspended>
    <lld>NE</lld>
    <ECID>440</ECID>
    <eqptSuffix>unavailable</eqptSuffix>
  </flightPlan>
  <enhancedData>
    <eramGufi>KW462664eL</eramGufi>
    <sfdpsGufi>us.fdps.2026-06-24T12:51:06Z.000/22/4eL</sfdpsGufi>
    <departureAirport>KBWI</departureAirport>
    <destinationAirport>KMKE</destinationAirport>
  </enhancedData>
</record>

=== 16:32:55.991 T75 SWA733 ===
<record>
  <recSeqNum>60771</recSeqNum>
  <recSrc>A</recSrc>
  <recType>210</recType>
  <recSTARSTimestamp>59575400</recSTARSTimestamp>
  <recSTARSSrcID>0</recSTARSSrcID>
  <recSTARSTimeSync>true</recSTARSTimeSync>
  <recSAFAReceiptTime>2026-06-24T16:32:55.415Z</recSAFAReceiptTime>
  <recSAFATimeSync>true</recSAFATimeSync>
  <track>
    <trackNum>3303</trackNum>
    <mrtTime>2026-06-24T16:32:54.746Z</mrtTime>
    <status>active</status>
    <acAddress>a2bb10</acAddress>
    <xPos>779117</xPos>
    <yPos>391353</yPos>
    <lat>37.88667</lat>
    <lon>-89.82303</lon>
    <vVert>-2035</vVert>
    <vx>-310</vx>
    <vy>166</vy>
    <vVertRaw>-1389</vVertRaw>
    <vxRaw>-1413</vxRaw>
    <vyRaw>756</vyRaw>
    <frozen>0</frozen>
    <new>0</new>
    <pseudo>0</pseudo>
    <adsb>1</adsb>
    <reportedBeaconCode>1144</reportedBeaconCode>
    <reportedAltitude>19500</reportedAltitude>
  </track>
  <flightPlan>
    <sfpn>296</sfpn>
    <ocr>pending</ocr>
    <rnav>1</rnav>
    <cps>1N</cps>
    <assignedBeaconCode>1144</assignedBeaconCode>
    <requestedAltitude>0</requestedAltitude>
    <assignedAltitude>10000</assignedAltitude>
    <category>F</category>
    <dbi></dbi>
    <acid>SWA733</acid>
    <acType>B737</acType>
    <entryFix>BOO</entryFix>
    <exitFix>STL</exitFix>
    <airport>STL</airport>
    <flightRules>IFR</flightRules>
    <rawFlightRules></rawFlightRules>
    <type>A</type>
    <ptdTime>1635</ptdTime>
    <status>active</status>
    <delete>0</delete>
    <suspended>0</suspended>
    <lld>NE</lld>
    <ECID>939</ECID>
    <eqptSuffix>unavailable</eqptSuffix>
  </flightPlan>
  <enhancedData>
    <eramGufi>KW461134Iw</eramGufi>
    <sfdpsGufi>us.fdps.2026-06-24T12:48:33Z.000/22/4Iw</sfdpsGufi>
    <departureAirport>KBWI</departureAirport>
    <destinationAirport>KSTL</destinationAirport>
  </enhancedData>
</record>

=== 16:32:56.981 PCT DAL737 ===
<record>
  <recSeqNum>43311</recSeqNum>
  <recSrc>A</recSrc>
  <recType>210</recType>
  <recSTARSTimestamp>59576700</recSTARSTimestamp>
  <recSTARSSrcID>0</recSTARSSrcID>
  <recSTARSTimeSync>true</recSTARSTimeSync>
  <recSAFAReceiptTime>2026-06-24T16:32:56.725Z</recSAFAReceiptTime>
  <recSAFATimeSync>true</recSAFATimeSync>
  <track>
    <trackNum>2569</trackNum>
    <mrtTime>2026-06-24T16:32:56.338Z</mrtTime>
    <status>active</status>
    <acAddress>a41c69</acAddress>
    <xPos>1010775</xPos>
    <yPos>312768</yPos>
    <lat>38.45644</lat>
    <lon>-77.08006</lon>
    <vVert>-2243</vVert>
    <vx>142</vx>
    <vy>161</vy>
    <vVertRaw>-1531</vVertRaw>
    <vxRaw>646</vxRaw>
    <vyRaw>731</vyRaw>
    <frozen>0</frozen>
    <new>0</new>
    <pseudo>0</pseudo>
    <adsb>1</adsb>
    <reportedBeaconCode>3352</reportedBeaconCode>
    <reportedAltitude>7300</reportedAltitude>
  </track>
  <flightPlan>
    <sfpn>1041</sfpn>
    <ocr>normal handoff</ocr>
    <rnav>0</rnav>
    <scratchPad1>CAP</scratchPad1>
    <cps>1J</cps>
    <runway>CAP</runway>
    <assignedBeaconCode>3352</assignedBeaconCode>
    <requestedAltitude>0</requestedAltitude>
    <assignedAltitude>13000</assignedAltitude>
    <category>F</category>
    <dbi></dbi>
    <acid>DAL737</acid>
    <acType>A320</acType>
    <entryFix>CAP</entryFix>
    <exitFix>DCA</exitFix>
    <airport>DCA</airport>
    <flightRules>IFR</flightRules>
    <rawFlightRules></rawFlightRules>
    <type>A</type>
    <ptdTime>1628</ptdTime>
    <status>active</status>
    <delete>0</delete>
    <suspended>0</suspended>
    <lld>NE</lld>
    <ECID>175</ECID>
    <eqptSuffix>unavailable</eqptSuffix>
  </flightPlan>
  <enhancedData>
    <eramGufi>KT510614Pn</eramGufi>
    <sfdpsGufi>us.fdps.2026-06-24T14:11:01Z.000/19/4Pn</sfdpsGufi>
    <departureAirport>KATL</departureAirport>
    <destinationAirport>KDCA</destinationAirport>
  </enhancedData>
</record>

=== 16:32:57.147 MKE SWA1011 ===
<record>
  <recSeqNum>1979</recSeqNum>
  <recSrc>A</recSrc>
  <recType>210</recType>
  <recSTARSTimestamp>59576800</recSTARSTimestamp>
  <recSTARSSrcID>0</recSTARSSrcID>
  <recSTARSTimeSync>true</recSTARSTimeSync>
  <recSAFAReceiptTime>2026-06-24T16:32:56.833Z</recSAFAReceiptTime>
  <recSAFATimeSync>true</recSAFATimeSync>
  <track>
    <trackNum>3850</trackNum>
    <mrtTime>2026-06-24T16:32:56.449Z</mrtTime>
    <status>active</status>
    <acAddress>a528d6</acAddress>
    <xPos>828529</xPos>
    <yPos>449962</yPos>
    <lat>43.01486</lat>
    <lon>-87.60472</lon>
    <vVert>-1573</vVert>
    <vx>-215</vx>
    <vy>-74</vy>
    <vVertRaw>-1074</vVertRaw>
    <vxRaw>-979</vxRaw>
    <vyRaw>-336</vyRaw>
    <frozen>0</frozen>
    <new>0</new>
    <pseudo>0</pseudo>
    <adsb>1</adsb>
    <reportedBeaconCode>3706</reportedBeaconCode>
    <reportedAltitude>3900</reportedAltitude>
  </track>
  <flightPlan>
    <sfpn>1228</sfpn>
    <ocr>normal handoff</ocr>
    <rnav>0</rnav>
    <scratchPad1>I5L</scratchPad1>
    <cps>1E</cps>
    <runway>I5L</runway>
    <assignedBeaconCode>3706</assignedBeaconCode>
    <requestedAltitude>0</requestedAltitude>
    <assignedAltitude>14000</assignedAltitude>
    <category>F</category>
    <dbi></dbi>
    <acid>SWA1011</acid>
    <acType>B737</acType>
    <entryFix>SUD</entryFix>
    <exitFix>MKE</exitFix>
    <airport>MKE</airport>
    <flightRules>IFR</flightRules>
    <rawFlightRules></rawFlightRules>
    <type>A</type>
    <ptdTime>1627</ptdTime>
    <status>active</status>
    <delete>0</delete>
    <suspended>0</suspended>
    <lld>NE</lld>
    <ECID>440</ECID>
    <eqptSuffix>unavailable</eqptSuffix>
  </flightPlan>
  <enhancedData>
    <eramGufi>KW462664eL</eramGufi>
    <sfdpsGufi>us.fdps.2026-06-24T12:51:06Z.000/22/4eL</sfdpsGufi>
    <departureAirport>KBWI</departureAirport>
    <destinationAirport>KMKE</destinationAirport>
  </enhancedData>
</record>

=== 16:33:01.179 PCT DAL737 ===
<record>
  <recSeqNum>43788</recSeqNum>
  <recSrc>A</recSrc>
  <recType>210</recType>
  <recSTARSTimestamp>59580880</recSTARSTimestamp>
  <recSTARSSrcID>0</recSTARSSrcID>
  <recSTARSTimeSync>true</recSTARSTimeSync>
  <recSAFAReceiptTime>2026-06-24T16:33:00.907Z</recSAFAReceiptTime>
  <recSAFATimeSync>true</recSAFATimeSync>
  <track>
    <trackNum>2569</trackNum>
    <mrtTime>2026-06-24T16:33:00.439Z</mrtTime>
    <status>active</status>
    <acAddress>a41c69</acAddress>
    <xPos>1010817</xPos>
    <yPos>312815</yPos>
    <lat>38.4595</lat>
    <lon>-77.07658</lon>
    <vVert>-2228</vVert>
    <vx>143</vx>
    <vy>161</vy>
    <vVertRaw>-1521</vVertRaw>
    <vxRaw>649</vxRaw>
    <vyRaw>732</vyRaw>
    <frozen>0</frozen>
    <new>0</new>
    <pseudo>0</pseudo>
    <adsb>1</adsb>
    <reportedBeaconCode>3352</reportedBeaconCode>
    <reportedAltitude>7200</reportedAltitude>
  </track>
  <flightPlan>
    <sfpn>1041</sfpn>
    <ocr>normal handoff</ocr>
    <rnav>0</rnav>
    <scratchPad1>CAP</scratchPad1>
    <cps>1J</cps>
    <runway>CAP</runway>
    <assignedBeaconCode>3352</assignedBeaconCode>
    <requestedAltitude>0</requestedAltitude>
    <assignedAltitude>13000</assignedAltitude>
    <category>F</category>
    <dbi></dbi>
    <acid>DAL737</acid>
    <acType>A320</acType>
    <entryFix>CAP</entryFix>
    <exitFix>DCA</exitFix>
    <airport>DCA</airport>
    <flightRules>IFR</flightRules>
    <rawFlightRules></rawFlightRules>
    <type>A</type>
    <ptdTime>1628</ptdTime>
    <status>active</status>
    <delete>0</delete>
    <suspended>0</suspended>
    <lld>NE</lld>
    <ECID>175</ECID>
    <eqptSuffix>unavailable</eqptSuffix>
  </flightPlan>
  <enhancedData>
    <eramGufi>KT510614Pn</eramGufi>
    <sfdpsGufi>us.fdps.2026-06-24T14:11:01Z.000/19/4Pn</sfdpsGufi>
    <departureAirport>KATL</departureAirport>
    <destinationAirport>KDCA</destinationAirport>
  </enhancedData>
</record>

=== 16:33:01.565 T75 SWA733 ===
<record>
  <recSeqNum>60954</recSeqNum>
  <recSrc>A</recSrc>
  <recType>210</recType>
  <recSTARSTimestamp>59581360</recSTARSTimestamp>
  <recSTARSSrcID>0</recSTARSSrcID>
  <recSTARSTimeSync>true</recSTARSTimeSync>
  <recSAFAReceiptTime>2026-06-24T16:33:01.368Z</recSAFAReceiptTime>
  <recSAFATimeSync>true</recSAFATimeSync>
  <track>
    <trackNum>3303</trackNum>
    <mrtTime>2026-06-24T16:33:00.699Z</mrtTime>
    <status>active</status>
    <acAddress>a2bb10</acAddress>
    <xPos>778987</xPos>
    <yPos>391423</yPos>
    <lat>37.89125</lat>
    <lon>-89.83372</lon>
    <vVert>-1976</vVert>
    <vx>-308</vx>
    <vy>165</vy>
    <vVertRaw>-1349</vVertRaw>
    <vxRaw>-1404</vxRaw>
    <vyRaw>753</vyRaw>
    <frozen>0</frozen>
    <new>0</new>
    <pseudo>0</pseudo>
    <adsb>1</adsb>
    <reportedBeaconCode>1144</reportedBeaconCode>
    <reportedAltitude>19300</reportedAltitude>
  </track>
  <flightPlan>
    <sfpn>296</sfpn>
    <ocr>pending</ocr>
    <rnav>1</rnav>
    <cps>1N</cps>
    <assignedBeaconCode>1144</assignedBeaconCode>
    <requestedAltitude>0</requestedAltitude>
    <assignedAltitude>10000</assignedAltitude>
    <category>F</category>
    <dbi></dbi>
    <acid>SWA733</acid>
    <acType>B737</acType>
    <entryFix>BOO</entryFix>
    <exitFix>STL</exitFix>
    <airport>STL</airport>
    <flightRules>IFR</flightRules>
    <rawFlightRules></rawFlightRules>
    <type>A</type>
    <ptdTime>1635</ptdTime>
    <status>active</status>
    <delete>0</delete>
    <suspended>0</suspended>
    <lld>NE</lld>
    <ECID>939</ECID>
    <eqptSuffix>unavailable</eqptSuffix>
  </flightPlan>
  <enhancedData>
    <eramGufi>KW461134Iw</eramGufi>
    <sfdpsGufi>us.fdps.2026-06-24T12:48:33Z.000/22/4Iw</sfdpsGufi>
    <departureAirport>KBWI</departureAirport>
    <destinationAirport>KSTL</destinationAirport>
  </enhancedData>
</record>

=== 16:33:05.531 MKE SWA1011 ===
<record>
  <recSeqNum>2465</recSeqNum>
  <recSrc>A</recSrc>
  <recType>210</recType>
  <recSTARSTimestamp>59585050</recSTARSTimestamp>
  <recSTARSSrcID>0</recSTARSSrcID>
  <recSTARSTimeSync>true</recSTARSTimeSync>
  <recSAFAReceiptTime>2026-06-24T16:33:05.051Z</recSAFAReceiptTime>
  <recSAFATimeSync>true</recSAFATimeSync>
  <track>
    <trackNum>3850</trackNum>
    <mrtTime>2026-06-24T16:33:04.085Z</mrtTime>
    <status>active</status>
    <acAddress>a528d6</acAddress>
    <xPos>828413</xPos>
    <yPos>449921</yPos>
    <lat>43.01222</lat>
    <lon>-87.61503</lon>
    <vVert>-1608</vVert>
    <vx>-214</vx>
    <vy>-74</vy>
    <vVertRaw>-1098</vVertRaw>
    <vxRaw>-975</vxRaw>
    <vyRaw>-339</vyRaw>
    <frozen>0</frozen>
    <new>0</new>
    <pseudo>0</pseudo>
    <adsb>1</adsb>
    <reportedBeaconCode>3706</reportedBeaconCode>
    <reportedAltitude>3700</reportedAltitude>
  </track>
  <flightPlan>
    <sfpn>1228</sfpn>
    <ocr>normal handoff</ocr>
    <rnav>0</rnav>
    <scratchPad1>I5L</scratchPad1>
    <cps>1E</cps>
    <runway>I5L</runway>
    <assignedBeaconCode>3706</assignedBeaconCode>
    <requestedAltitude>0</requestedAltitude>
    <assignedAltitude>14000</assignedAltitude>
    <category>F</category>
    <dbi></dbi>
    <acid>SWA1011</acid>
    <acType>B737</acType>
    <entryFix>SUD</entryFix>
    <exitFix>MKE</exitFix>
    <airport>MKE</airport>
    <flightRules>IFR</flightRules>
    <rawFlightRules></rawFlightRules>
    <type>A</type>
    <ptdTime>1627</ptdTime>
    <status>active</status>
    <delete>0</delete>
    <suspended>0</suspended>
    <lld>NE</lld>
    <ECID>440</ECID>
    <eqptSuffix>unavailable</eqptSuffix>
  </flightPlan>
  <enhancedData>
    <eramGufi>KW462664eL</eramGufi>
    <sfdpsGufi>us.fdps.2026-06-24T12:51:06Z.000/22/4eL</sfdpsGufi>
    <departureAirport>KBWI</departureAirport>
    <destinationAirport>KMKE</destinationAirport>
  </enhancedData>
</record>

=== 16:33:07.879 T75 SWA733 ===
<record>
  <recSeqNum>61160</recSeqNum>
  <recSrc>A</recSrc>
  <recType>210</recType>
  <recSTARSTimestamp>59587410</recSTARSTimestamp>
  <recSTARSSrcID>0</recSTARSSrcID>
  <recSTARSTimeSync>true</recSTARSTimeSync>
  <recSAFAReceiptTime>2026-06-24T16:33:07.421Z</recSAFAReceiptTime>
  <recSAFATimeSync>true</recSAFATimeSync>
  <track>
    <trackNum>3303</trackNum>
    <mrtTime>2026-06-24T16:33:06.742Z</mrtTime>
    <status>active</status>
    <acAddress>a2bb10</acAddress>
    <xPos>778856</xPos>
    <yPos>391493</yPos>
    <lat>37.89581</lat>
    <lon>-89.8445</lon>
    <vVert>-1982</vVert>
    <vx>-307</vx>
    <vy>164</vy>
    <vVertRaw>-1353</vVertRaw>
    <vxRaw>-1395</vxRaw>
    <vyRaw>748</vyRaw>
    <frozen>0</frozen>
    <new>0</new>
    <pseudo>0</pseudo>
    <adsb>1</adsb>
    <reportedBeaconCode>1144</reportedBeaconCode>
    <reportedAltitude>19100</reportedAltitude>
  </track>
  <flightPlan>
    <sfpn>296</sfpn>
    <ocr>pending</ocr>
    <rnav>1</rnav>
    <cps>1N</cps>
    <assignedBeaconCode>1144</assignedBeaconCode>
    <requestedAltitude>0</requestedAltitude>
    <assignedAltitude>10000</assignedAltitude>
    <category>F</category>
    <dbi></dbi>
    <acid>SWA733</acid>
    <acType>B737</acType>
    <entryFix>BOO</entryFix>
    <exitFix>STL</exitFix>
    <airport>STL</airport>
    <flightRules>IFR</flightRules>
    <rawFlightRules></rawFlightRules>
    <type>A</type>
    <ptdTime>1635</ptdTime>
    <status>active</status>
    <delete>0</delete>
    <suspended>0</suspended>
    <lld>NE</lld>
    <ECID>939</ECID>
    <eqptSuffix>unavailable</eqptSuffix>
  </flightPlan>
  <enhancedData>
    <eramGufi>KW461134Iw</eramGufi>
    <sfdpsGufi>us.fdps.2026-06-24T12:48:33Z.000/22/4Iw</sfdpsGufi>
    <departureAirport>KBWI</departureAirport>
    <destinationAirport>KSTL</destinationAirport>
  </enhancedData>
</record>

=== 16:33:09.737 MKE SWA1011 ===
<record>
  <recSeqNum>2746</recSeqNum>
  <recSrc>A</recSrc>
  <recType>210</recType>
  <recSTARSTimestamp>59589260</recSTARSTimestamp>
  <recSTARSSrcID>0</recSTARSSrcID>
  <recSTARSTimeSync>true</recSTARSTimeSync>
  <recSAFAReceiptTime>2026-06-24T16:33:09.306Z</recSAFAReceiptTime>
  <recSAFATimeSync>true</recSAFATimeSync>
  <track>
    <trackNum>3850</trackNum>
    <mrtTime>2026-06-24T16:33:08.901Z</mrtTime>
    <status>active</status>
    <acAddress>a528d6</acAddress>
    <xPos>828340</xPos>
    <yPos>449896</yPos>
    <lat>43.01061</lat>
    <lon>-87.6215</lon>
    <vVert>-1616</vVert>
    <vx>-214</vx>
    <vy>-73</vy>
    <vVertRaw>-1103</vVertRaw>
    <vxRaw>-975</vxRaw>
    <vyRaw>-333</vyRaw>
    <frozen>0</frozen>
    <new>0</new>
    <pseudo>0</pseudo>
    <adsb>1</adsb>
    <reportedBeaconCode>3706</reportedBeaconCode>
    <reportedAltitude>3500</reportedAltitude>
  </track>
  <flightPlan>
    <sfpn>1228</sfpn>
    <ocr>normal handoff</ocr>
    <rnav>0</rnav>
    <scratchPad1>I5L</scratchPad1>
    <cps>1E</cps>
    <runway>I5L</runway>
    <assignedBeaconCode>3706</assignedBeaconCode>
    <requestedAltitude>0</requestedAltitude>
    <assignedAltitude>14000</assignedAltitude>
    <category>F</category>
    <dbi></dbi>
    <acid>SWA1011</acid>
    <acType>B737</acType>
    <entryFix>SUD</entryFix>
    <exitFix>MKE</exitFix>
    <airport>MKE</airport>
    <flightRules>IFR</flightRules>
    <rawFlightRules></rawFlightRules>
    <type>A</type>
    <ptdTime>1627</ptdTime>
    <status>active</status>
    <delete>0</delete>
    <suspended>0</suspended>
    <lld>NE</lld>
    <ECID>440</ECID>
    <eqptSuffix>unavailable</eqptSuffix>
  </flightPlan>
  <enhancedData>
    <eramGufi>KW462664eL</eramGufi>
    <sfdpsGufi>us.fdps.2026-06-24T12:51:06Z.000/22/4eL</sfdpsGufi>
    <departureAirport>KBWI</departureAirport>
    <destinationAirport>KMKE</destinationAirport>
  </enhancedData>
</record>

=== 16:33:13.950 MKE SWA1011 ===
<record>
  <recSeqNum>2968</recSeqNum>
  <recSrc>A</recSrc>
  <recType>210</recType>
  <recSTARSTimestamp>59593440</recSTARSTimestamp>
  <recSTARSSrcID>0</recSTARSSrcID>
  <recSTARSTimeSync>true</recSTARSTimeSync>
  <recSAFAReceiptTime>2026-06-24T16:33:13.459Z</recSAFAReceiptTime>
  <recSAFATimeSync>true</recSAFATimeSync>
  <track>
    <trackNum>3850</trackNum>
    <mrtTime>2026-06-24T16:33:13.025Z</mrtTime>
    <status>active</status>
    <acAddress>a528d6</acAddress>
    <xPos>828277</xPos>
    <yPos>449876</yPos>
    <lat>43.00933</lat>
    <lon>-87.62711</lon>
    <vVert>-1613</vVert>
    <vx>-214</vx>
    <vy>-72</vy>
    <vVertRaw>-1101</vVertRaw>
    <vxRaw>-975</vxRaw>
    <vyRaw>-328</vyRaw>
    <frozen>0</frozen>
    <new>0</new>
    <pseudo>0</pseudo>
    <adsb>1</adsb>
    <reportedBeaconCode>3706</reportedBeaconCode>
    <reportedAltitude>3400</reportedAltitude>
  </track>
  <flightPlan>
    <sfpn>1228</sfpn>
    <ocr>normal handoff</ocr>
    <rnav>0</rnav>
    <scratchPad1>I5L</scratchPad1>
    <cps>1E</cps>
    <runway>I5L</runway>
    <assignedBeaconCode>3706</assignedBeaconCode>
    <requestedAltitude>0</requestedAltitude>
    <assignedAltitude>14000</assignedAltitude>
    <category>F</category>
    <dbi></dbi>
    <acid>SWA1011</acid>
    <acType>B737</acType>
    <entryFix>SUD</entryFix>
    <exitFix>MKE</exitFix>
    <airport>MKE</airport>
    <flightRules>IFR</flightRules>
    <rawFlightRules></rawFlightRules>
    <type>A</type>
    <ptdTime>1627</ptdTime>
    <status>active</status>
    <delete>0</delete>
    <suspended>0</suspended>
    <lld>NE</lld>
    <ECID>440</ECID>
    <eqptSuffix>unavailable</eqptSuffix>
  </flightPlan>
  <enhancedData>
    <eramGufi>KW462664eL</eramGufi>
    <sfdpsGufi>us.fdps.2026-06-24T12:51:06Z.000/22/4eL</sfdpsGufi>
    <departureAirport>KBWI</departureAirport>
    <destinationAirport>KMKE</destinationAirport>
  </enhancedData>
</record>

=== 16:33:21.174 T75 SWA733 ===
<record>
  <recSeqNum>61572</recSeqNum>
  <recSrc>A</recSrc>
  <recType>210</recType>
  <recSTARSTimestamp>59600770</recSTARSTimestamp>
  <recSTARSSrcID>0</recSTARSSrcID>
  <recSTARSTimeSync>true</recSTARSTimeSync>
  <recSAFAReceiptTime>2026-06-24T16:33:20.793Z</recSAFAReceiptTime>
  <recSAFATimeSync>true</recSAFATimeSync>
  <track>
    <trackNum>3303</trackNum>
    <mrtTime>2026-06-24T16:33:19.550Z</mrtTime>
    <status>active</status>
    <acAddress>a2bb10</acAddress>
    <xPos>778580</xPos>
    <yPos>391640</yPos>
    <lat>37.90539</lat>
    <lon>-89.86719</lon>
    <vVert>-2000</vVert>
    <vx>-304</vx>
    <vy>162</vy>
    <vVertRaw>-1365</vVertRaw>
    <vxRaw>-1382</vxRaw>
    <vyRaw>736</vyRaw>
    <frozen>0</frozen>
    <new>0</new>
    <pseudo>0</pseudo>
    <adsb>1</adsb>
    <reportedBeaconCode>1144</reportedBeaconCode>
    <reportedAltitude>18600</reportedAltitude>
  </track>
  <flightPlan>
    <sfpn>296</sfpn>
    <ocr>pending</ocr>
    <rnav>1</rnav>
    <cps>1N</cps>
    <assignedBeaconCode>1144</assignedBeaconCode>
    <requestedAltitude>0</requestedAltitude>
    <assignedAltitude>10000</assignedAltitude>
    <category>F</category>
    <dbi></dbi>
    <acid>SWA733</acid>
    <acType>B737</acType>
    <entryFix>BOO</entryFix>
    <exitFix>STL</exitFix>
    <airport>STL</airport>
    <flightRules>IFR</flightRules>
    <rawFlightRules></rawFlightRules>
    <type>A</type>
    <ptdTime>1635</ptdTime>
    <status>active</status>
    <delete>0</delete>
    <suspended>0</suspended>
    <lld>NE</lld>
    <ECID>939</ECID>
    <eqptSuffix>unavailable</eqptSuffix>
  </flightPlan>
  <enhancedData>
    <eramGufi>KW461134Iw</eramGufi>
    <sfdpsGufi>us.fdps.2026-06-24T12:48:33Z.000/22/4Iw</sfdpsGufi>
    <departureAirport>KBWI</departureAirport>
    <destinationAirport>KSTL</destinationAirport>
  </enhancedData>
</record>

=== 16:33:21.174 T75 SWA733 ===
<record>
  <recSeqNum>61573</recSeqNum>
  <recSrc>A</recSrc>
  <recType>210</recType>
  <recSTARSTimestamp>59600770</recSTARSTimestamp>
  <recSTARSSrcID>0</recSTARSSrcID>
  <recSTARSTimeSync>true</recSTARSTimeSync>
  <recSAFAReceiptTime>2026-06-24T16:33:20.793Z</recSAFAReceiptTime>
  <recSAFATimeSync>true</recSAFATimeSync>
  <track>
    <trackNum>3303</trackNum>
    <mrtTime>2026-06-24T16:33:19.550Z</mrtTime>
    <status>active</status>
    <acAddress>a2bb10</acAddress>
    <xPos>778580</xPos>
    <yPos>391640</yPos>
    <lat>37.90539</lat>
    <lon>-89.86719</lon>
    <vVert>-2000</vVert>
    <vx>-304</vx>
    <vy>162</vy>
    <vVertRaw>-1365</vVertRaw>
    <vxRaw>-1382</vxRaw>
    <vyRaw>736</vyRaw>
    <frozen>0</frozen>
    <new>0</new>
    <pseudo>0</pseudo>
    <adsb>1</adsb>
    <reportedBeaconCode>1144</reportedBeaconCode>
    <reportedAltitude>18600</reportedAltitude>
  </track>
  <flightPlan>
    <sfpn>296</sfpn>
    <ocr>pending</ocr>
    <rnav>1</rnav>
    <scratchPad1>RNR</scratchPad1>
    <cps>1N</cps>
    <runway>RNR</runway>
    <assignedBeaconCode>1144</assignedBeaconCode>
    <requestedAltitude>0</requestedAltitude>
    <assignedAltitude>10000</assignedAltitude>
    <category>F</category>
    <dbi></dbi>
    <acid>SWA733</acid>
    <acType>B737</acType>
    <entryFix>BOO</entryFix>
    <exitFix>STL</exitFix>
    <airport>STL</airport>
    <flightRules>IFR</flightRules>
    <rawFlightRules></rawFlightRules>
    <type>A</type>
    <ptdTime>1635</ptdTime>
    <status>active</status>
    <delete>0</delete>
    <suspended>0</suspended>
    <lld>NE</lld>
    <ECID>939</ECID>
    <eqptSuffix>unavailable</eqptSuffix>
  </flightPlan>
  <enhancedData>
    <eramGufi>KW461134Iw</eramGufi>
    <sfdpsGufi>us.fdps.2026-06-24T12:48:33Z.000/22/4Iw</sfdpsGufi>
    <departureAirport>KBWI</departureAirport>
    <destinationAirport>KSTL</destinationAirport>
  </enhancedData>
</record>

=== 16:33:22.237 T75 SWA733 ===
<record>
  <recSeqNum>61610</recSeqNum>
  <recSrc>A</recSrc>
  <recType>210</recType>
  <recSTARSTimestamp>59601760</recSTARSTimestamp>
  <recSTARSSrcID>0</recSTARSSrcID>
  <recSTARSTimeSync>true</recSTARSTimeSync>
  <recSAFAReceiptTime>2026-06-24T16:33:21.789Z</recSAFAReceiptTime>
  <recSAFATimeSync>true</recSAFATimeSync>
  <track>
    <trackNum>3303</trackNum>
    <mrtTime>2026-06-24T16:33:20.724Z</mrtTime>
    <status>active</status>
    <acAddress>a2bb10</acAddress>
    <xPos>778555</xPos>
    <yPos>391653</yPos>
    <lat>37.90622</lat>
    <lon>-89.86925</lon>
    <vVert>-2000</vVert>
    <vx>-303</vx>
    <vy>161</vy>
    <vVertRaw>-1365</vVertRaw>
    <vxRaw>-1381</vxRaw>
    <vyRaw>735</vyRaw>
    <frozen>0</frozen>
    <new>0</new>
    <pseudo>0</pseudo>
    <adsb>1</adsb>
    <reportedBeaconCode>1144</reportedBeaconCode>
    <reportedAltitude>18600</reportedAltitude>
  </track>
  <flightPlan>
    <sfpn>296</sfpn>
    <ocr>normal handoff</ocr>
    <rnav>1</rnav>
    <scratchPad1>RNR</scratchPad1>
    <cps>1N</cps>
    <runway>RNR</runway>
    <assignedBeaconCode>1144</assignedBeaconCode>
    <requestedAltitude>0</requestedAltitude>
    <assignedAltitude>10000</assignedAltitude>
    <category>F</category>
    <dbi></dbi>
    <acid>SWA733</acid>
    <acType>B737</acType>
    <entryFix>BOO</entryFix>
    <exitFix>STL</exitFix>
    <airport>STL</airport>
    <flightRules>IFR</flightRules>
    <rawFlightRules></rawFlightRules>
    <type>A</type>
    <ptdTime>1635</ptdTime>
    <status>active</status>
    <delete>0</delete>
    <suspended>0</suspended>
    <lld>NE</lld>
    <ECID>939</ECID>
    <eqptSuffix>unavailable</eqptSuffix>
  </flightPlan>
  <enhancedData>
    <eramGufi>KW461134Iw</eramGufi>
    <sfdpsGufi>us.fdps.2026-06-24T12:48:33Z.000/22/4Iw</sfdpsGufi>
    <departureAirport>KBWI</departureAirport>
    <destinationAirport>KSTL</destinationAirport>
  </enhancedData>
</record>

=== 16:33:27.496 T75 SWA733 ===
<record>
  <recSeqNum>61767</recSeqNum>
  <recSrc>A</recSrc>
  <recType>210</recType>
  <recSTARSTimestamp>59607080</recSTARSTimestamp>
  <recSTARSSrcID>0</recSTARSSrcID>
  <recSTARSTimeSync>true</recSTARSTimeSync>
  <recSAFAReceiptTime>2026-06-24T16:33:27.098Z</recSAFAReceiptTime>
  <recSAFATimeSync>true</recSAFATimeSync>
  <track>
    <trackNum>3303</trackNum>
    <mrtTime>2026-06-24T16:33:26.778Z</mrtTime>
    <status>active</status>
    <acAddress>a2bb10</acAddress>
    <xPos>778426</xPos>
    <yPos>391722</yPos>
    <lat>37.91072</lat>
    <lon>-89.87986</lon>
    <vVert>-1995</vVert>
    <vx>-301</vx>
    <vy>161</vy>
    <vVertRaw>-1362</vVertRaw>
    <vxRaw>-1371</vxRaw>
    <vyRaw>732</vyRaw>
    <frozen>0</frozen>
    <new>0</new>
    <pseudo>0</pseudo>
    <adsb>1</adsb>
    <reportedBeaconCode>1144</reportedBeaconCode>
    <reportedAltitude>18400</reportedAltitude>
  </track>
  <flightPlan>
    <sfpn>296</sfpn>
    <ocr>normal handoff</ocr>
    <rnav>1</rnav>
    <scratchPad1>RNR</scratchPad1>
    <cps>1N</cps>
    <runway>RNR</runway>
    <assignedBeaconCode>1144</assignedBeaconCode>
    <requestedAltitude>0</requestedAltitude>
    <assignedAltitude>10000</assignedAltitude>
    <category>F</category>
    <dbi></dbi>
    <acid>SWA733</acid>
    <acType>B737</acType>
    <entryFix>BOO</entryFix>
    <exitFix>STL</exitFix>
    <airport>STL</airport>
    <flightRules>IFR</flightRules>
    <rawFlightRules></rawFlightRules>
    <type>A</type>
    <ptdTime>1635</ptdTime>
    <status>active</status>
    <delete>0</delete>
    <suspended>0</suspended>
    <lld>NE</lld>
    <ECID>939</ECID>
    <eqptSuffix>unavailable</eqptSuffix>
  </flightPlan>
  <enhancedData>
    <eramGufi>KW461134Iw</eramGufi>
    <sfdpsGufi>us.fdps.2026-06-24T12:48:33Z.000/22/4Iw</sfdpsGufi>
    <departureAirport>KBWI</departureAirport>
    <destinationAirport>KSTL</destinationAirport>
  </enhancedData>
</record>

=== 16:33:32.374 PCT DAL737 ===
<record>
  <recSeqNum>47677</recSeqNum>
  <recSrc>A</recSrc>
  <recType>210</recType>
  <recSTARSTimestamp>59611930</recSTARSTimestamp>
  <recSTARSSrcID>0</recSTARSSrcID>
  <recSTARSTimeSync>true</recSTARSTimeSync>
  <recSAFAReceiptTime>2026-06-24T16:33:31.960Z</recSAFAReceiptTime>
  <recSAFATimeSync>true</recSAFATimeSync>
  <track>
    <trackNum>2569</trackNum>
    <mrtTime>2026-06-24T16:33:31.517Z</mrtTime>
    <status>active</status>
    <acAddress>a41c69</acAddress>
    <xPos>1011120</xPos>
    <yPos>313156</yPos>
    <lat>38.48169</lat>
    <lon>-77.05142</lon>
    <vVert>-976</vVert>
    <vx>132</vx>
    <vy>148</vy>
    <vVertRaw>-666</vVertRaw>
    <vxRaw>603</vxRaw>
    <vyRaw>675</vyRaw>
    <frozen>0</frozen>
    <new>0</new>
    <pseudo>0</pseudo>
    <adsb>1</adsb>
    <reportedBeaconCode>3352</reportedBeaconCode>
    <reportedAltitude>6400</reportedAltitude>
  </track>
  <flightPlan>
    <sfpn>1041</sfpn>
    <ocr>normal handoff</ocr>
    <rnav>0</rnav>
    <cps>1J</cps>
    <assignedBeaconCode>3352</assignedBeaconCode>
    <requestedAltitude>0</requestedAltitude>
    <assignedAltitude>13000</assignedAltitude>
    <category>F</category>
    <dbi></dbi>
    <acid>DAL737</acid>
    <acType>A320</acType>
    <entryFix>CAP</entryFix>
    <exitFix>DCA</exitFix>
    <airport>DCA</airport>
    <flightRules>IFR</flightRules>
    <rawFlightRules></rawFlightRules>
    <type>A</type>
    <ptdTime>1628</ptdTime>
    <status>active</status>
    <delete>0</delete>
    <suspended>0</suspended>
    <lld>NE</lld>
    <ECID>175</ECID>
    <eqptSuffix>unavailable</eqptSuffix>
  </flightPlan>
  <enhancedData>
    <eramGufi>KT510614Pn</eramGufi>
    <sfdpsGufi>us.fdps.2026-06-24T14:11:01Z.000/19/4Pn</sfdpsGufi>
    <departureAirport>KATL</departureAirport>
    <destinationAirport>KDCA</destinationAirport>
  </enhancedData>
</record>

=== 16:33:35.892 T75 SWA733 ===
<record>
  <recSeqNum>62055</recSeqNum>
  <recSrc>A</recSrc>
  <recType>210</recType>
  <recSTARSTimestamp>59615330</recSTARSTimestamp>
  <recSTARSSrcID>0</recSTARSSrcID>
  <recSTARSTimeSync>true</recSTARSTimeSync>
  <recSAFAReceiptTime>2026-06-24T16:33:35.353Z</recSAFAReceiptTime>
  <recSAFATimeSync>true</recSAFATimeSync>
  <track>
    <trackNum>3303</trackNum>
    <mrtTime>2026-06-24T16:33:35.019Z</mrtTime>
    <status>active</status>
    <acAddress>a2bb10</acAddress>
    <xPos>778251</xPos>
    <yPos>391815</yPos>
    <lat>37.91678</lat>
    <lon>-89.89425</lon>
    <vVert>-1997</vVert>
    <vx>-300</vx>
    <vy>160</vy>
    <vVertRaw>-1363</vVertRaw>
    <vxRaw>-1364</vxRaw>
    <vyRaw>726</vyRaw>
    <frozen>0</frozen>
    <new>0</new>
    <pseudo>0</pseudo>
    <adsb>1</adsb>
    <reportedBeaconCode>1144</reportedBeaconCode>
    <reportedAltitude>18100</reportedAltitude>
  </track>
  <flightPlan>
    <sfpn>296</sfpn>
    <ocr>normal handoff</ocr>
    <rnav>1</rnav>
    <scratchPad1>RNR</scratchPad1>
    <cps>1N</cps>
    <runway>RNR</runway>
    <assignedBeaconCode>1144</assignedBeaconCode>
    <requestedAltitude>0</requestedAltitude>
    <assignedAltitude>10000</assignedAltitude>
    <category>F</category>
    <dbi></dbi>
    <acid>SWA733</acid>
    <acType>B737</acType>
    <entryFix>BOO</entryFix>
    <exitFix>STL</exitFix>
    <airport>STL</airport>
    <flightRules>IFR</flightRules>
    <rawFlightRules></rawFlightRules>
    <type>A</type>
    <ptdTime>1635</ptdTime>
    <status>active</status>
    <delete>0</delete>
    <suspended>0</suspended>
    <lld>NE</lld>
    <ECID>939</ECID>
    <eqptSuffix>unavailable</eqptSuffix>
  </flightPlan>
  <enhancedData>
    <eramGufi>KW461134Iw</eramGufi>
    <sfdpsGufi>us.fdps.2026-06-24T12:48:33Z.000/22/4Iw</sfdpsGufi>
    <departureAirport>KBWI</departureAirport>
    <destinationAirport>KSTL</destinationAirport>
  </enhancedData>
</record>

=== 16:33:40.081 T75 SWA733 ===
<record>
  <recSeqNum>62183</recSeqNum>
  <recSrc>A</recSrc>
  <recType>210</recType>
  <recSTARSTimestamp>59619540</recSTARSTimestamp>
  <recSTARSSrcID>0</recSTARSSrcID>
  <recSTARSTimeSync>true</recSTARSTimeSync>
  <recSAFAReceiptTime>2026-06-24T16:33:39.556Z</recSAFAReceiptTime>
  <recSAFATimeSync>true</recSAFATimeSync>
  <track>
    <trackNum>3303</trackNum>
    <mrtTime>2026-06-24T16:33:39.134Z</mrtTime>
    <status>active</status>
    <acAddress>a2bb10</acAddress>
    <xPos>778164</xPos>
    <yPos>391862</yPos>
    <lat>37.91986</lat>
    <lon>-89.90142</lon>
    <vVert>-1991</vVert>
    <vx>-298</vx>
    <vy>159</vy>
    <vVertRaw>-1359</vVertRaw>
    <vxRaw>-1357</vxRaw>
    <vyRaw>725</vyRaw>
    <frozen>0</frozen>
    <new>0</new>
    <pseudo>0</pseudo>
    <adsb>1</adsb>
    <reportedBeaconCode>1144</reportedBeaconCode>
    <reportedAltitude>18000</reportedAltitude>
  </track>
  <flightPlan>
    <sfpn>296</sfpn>
    <ocr>normal handoff</ocr>
    <rnav>1</rnav>
    <scratchPad1>RNR</scratchPad1>
    <cps>1N</cps>
    <runway>RNR</runway>
    <assignedBeaconCode>1144</assignedBeaconCode>
    <requestedAltitude>0</requestedAltitude>
    <assignedAltitude>10000</assignedAltitude>
    <category>F</category>
    <dbi></dbi>
    <acid>SWA733</acid>
    <acType>B737</acType>
    <entryFix>BOO</entryFix>
    <exitFix>STL</exitFix>
    <airport>STL</airport>
    <flightRules>IFR</flightRules>
    <rawFlightRules></rawFlightRules>
    <type>A</type>
    <ptdTime>1635</ptdTime>
    <status>active</status>
    <delete>0</delete>
    <suspended>0</suspended>
    <lld>NE</lld>
    <ECID>939</ECID>
    <eqptSuffix>unavailable</eqptSuffix>
  </flightPlan>
  <enhancedData>
    <eramGufi>KW461134Iw</eramGufi>
    <sfdpsGufi>us.fdps.2026-06-24T12:48:33Z.000/22/4Iw</sfdpsGufi>
    <departureAirport>KBWI</departureAirport>
    <destinationAirport>KSTL</destinationAirport>
  </enhancedData>
</record>

=== 16:33:41.961 MKE SWA1011 ===
<record>
  <recSeqNum>4762</recSeqNum>
  <recSrc>A</recSrc>
  <recType>210</recType>
  <recSTARSTimestamp>59621660</recSTARSTimestamp>
  <recSTARSSrcID>0</recSTARSSrcID>
  <recSTARSTimeSync>true</recSTARSTimeSync>
  <recSAFAReceiptTime>2026-06-24T16:33:41.706Z</recSAFAReceiptTime>
  <recSAFATimeSync>true</recSAFATimeSync>
  <track>
    <trackNum>3850</trackNum>
    <mrtTime>2026-06-24T16:33:41.351Z</mrtTime>
    <status>active</status>
    <acAddress>a528d6</acAddress>
    <xPos>827856</xPos>
    <yPos>449736</yPos>
    <lat>43.00031</lat>
    <lon>-87.6645</lon>
    <vVert>-315</vVert>
    <vx>-197</vx>
    <vy>-70</vy>
    <vVertRaw>-215</vVertRaw>
    <vxRaw>-897</vxRaw>
    <vyRaw>-319</vyRaw>
    <frozen>0</frozen>
    <new>0</new>
    <pseudo>0</pseudo>
    <adsb>1</adsb>
    <reportedBeaconCode>3706</reportedBeaconCode>
    <reportedAltitude>3000</reportedAltitude>
  </track>
  <flightPlan>
    <sfpn>1228</sfpn>
    <ocr>normal handoff</ocr>
    <rnav>0</rnav>
    <scratchPad1>I5L</scratchPad1>
    <cps>1E</cps>
    <runway>I5L</runway>
    <assignedBeaconCode>3706</assignedBeaconCode>
    <requestedAltitude>0</requestedAltitude>
    <assignedAltitude>14000</assignedAltitude>
    <category>F</category>
    <dbi></dbi>
    <acid>SWA1011</acid>
    <acType>B737</acType>
    <entryFix>SUD</entryFix>
    <exitFix>MKE</exitFix>
    <airport>MKE</airport>
    <flightRules>IFR</flightRules>
    <rawFlightRules></rawFlightRules>
    <type>A</type>
    <ptdTime>1627</ptdTime>
    <status>active</status>
    <delete>0</delete>
    <suspended>0</suspended>
    <lld>NE</lld>
    <ECID>440</ECID>
    <eqptSuffix>unavailable</eqptSuffix>
  </flightPlan>
  <enhancedData>
    <eramGufi>KW462664eL</eramGufi>
    <sfdpsGufi>us.fdps.2026-06-24T12:51:06Z.000/22/4eL</sfdpsGufi>
    <departureAirport>KBWI</departureAirport>
    <destinationAirport>KMKE</destinationAirport>
  </enhancedData>
</record>

=== 16:33:43.937 T75 SWA733 ===
<record>
  <recSeqNum>62316</recSeqNum>
  <recSrc>A</recSrc>
  <recType>210</recType>
  <recSTARSTimestamp>59623590</recSTARSTimestamp>
  <recSTARSSrcID>0</recSTARSSrcID>
  <recSTARSTimeSync>true</recSTARSTimeSync>
  <recSAFAReceiptTime>2026-06-24T16:33:43.618Z</recSAFAReceiptTime>
  <recSAFATimeSync>true</recSAFATimeSync>
  <track>
    <trackNum>3303</trackNum>
    <mrtTime>2026-06-24T16:33:43.190Z</mrtTime>
    <status>active</status>
    <acAddress>a2bb10</acAddress>
    <xPos>778079</xPos>
    <yPos>391907</yPos>
    <lat>37.92278</lat>
    <lon>-89.90842</lon>
    <vVert>-1989</vVert>
    <vx>-297</vx>
    <vy>159</vy>
    <vVertRaw>-1358</vVertRaw>
    <vxRaw>-1353</vxRaw>
    <vyRaw>722</vyRaw>
    <frozen>0</frozen>
    <new>0</new>
    <pseudo>0</pseudo>
    <adsb>1</adsb>
    <reportedBeaconCode>1144</reportedBeaconCode>
    <reportedAltitude>17800</reportedAltitude>
  </track>
  <flightPlan>
    <sfpn>296</sfpn>
    <ocr>normal handoff</ocr>
    <rnav>1</rnav>
    <scratchPad1>RNR</scratchPad1>
    <cps>1N</cps>
    <runway>RNR</runway>
    <assignedBeaconCode>1144</assignedBeaconCode>
    <requestedAltitude>0</requestedAltitude>
    <assignedAltitude>10000</assignedAltitude>
    <category>F</category>
    <dbi></dbi>
    <acid>SWA733</acid>
    <acType>B737</acType>
    <entryFix>BOO</entryFix>
    <exitFix>STL</exitFix>
    <airport>STL</airport>
    <flightRules>IFR</flightRules>
    <rawFlightRules></rawFlightRules>
    <type>A</type>
    <ptdTime>1635</ptdTime>
    <status>active</status>
    <delete>0</delete>
    <suspended>0</suspended>
    <lld>NE</lld>
    <ECID>939</ECID>
    <eqptSuffix>unavailable</eqptSuffix>
  </flightPlan>
  <enhancedData>
    <eramGufi>KW461134Iw</eramGufi>
    <sfdpsGufi>us.fdps.2026-06-24T12:48:33Z.000/22/4Iw</sfdpsGufi>
    <departureAirport>KBWI</departureAirport>
    <destinationAirport>KSTL</destinationAirport>
  </enhancedData>
</record>

=== 16:33:46.827 MKE SWA1011 ===
<record>
  <recSeqNum>5057</recSeqNum>
  <recSrc>A</recSrc>
  <recType>210</recType>
  <recSTARSTimestamp>59626440</recSTARSTimestamp>
  <recSTARSSrcID>0</recSTARSSrcID>
  <recSTARSTimeSync>true</recSTARSTimeSync>
  <recSAFAReceiptTime>2026-06-24T16:33:46.466Z</recSAFAReceiptTime>
  <recSAFATimeSync>true</recSAFATimeSync>
  <track>
    <trackNum>3850</trackNum>
    <mrtTime>2026-06-24T16:33:45.555Z</mrtTime>
    <status>active</status>
    <acAddress>a528d6</acAddress>
    <xPos>827798</xPos>
    <yPos>449717</yPos>
    <lat>42.99906</lat>
    <lon>-87.66964</lon>
    <vVert>-258</vVert>
    <vx>-196</vx>
    <vy>-67</vy>
    <vVertRaw>-176</vVertRaw>
    <vxRaw>-891</vxRaw>
    <vyRaw>-303</vyRaw>
    <frozen>0</frozen>
    <new>0</new>
    <pseudo>0</pseudo>
    <adsb>1</adsb>
    <reportedBeaconCode>3706</reportedBeaconCode>
    <reportedAltitude>3000</reportedAltitude>
  </track>
  <flightPlan>
    <sfpn>1228</sfpn>
    <ocr>normal handoff</ocr>
    <rnav>0</rnav>
    <scratchPad1>I5L</scratchPad1>
    <cps>1E</cps>
    <runway>I5L</runway>
    <assignedBeaconCode>3706</assignedBeaconCode>
    <requestedAltitude>0</requestedAltitude>
    <assignedAltitude>14000</assignedAltitude>
    <category>F</category>
    <dbi></dbi>
    <acid>SWA1011</acid>
    <acType>B737</acType>
    <entryFix>SUD</entryFix>
    <exitFix>MKE</exitFix>
    <airport>MKE</airport>
    <flightRules>IFR</flightRules>
    <rawFlightRules></rawFlightRules>
    <type>A</type>
    <ptdTime>1627</ptdTime>
    <status>active</status>
    <delete>0</delete>
    <suspended>0</suspended>
    <lld>NW</lld>
    <ECID>440</ECID>
    <eqptSuffix>unavailable</eqptSuffix>
  </flightPlan>
  <enhancedData>
    <eramGufi>KW462664eL</eramGufi>
    <sfdpsGufi>us.fdps.2026-06-24T12:51:06Z.000/22/4eL</sfdpsGufi>
    <departureAirport>KBWI</departureAirport>
    <destinationAirport>KMKE</destinationAirport>
  </enhancedData>
</record>

=== 16:33:48.105 T75 SWA733 ===
<record>
  <recSeqNum>62447</recSeqNum>
  <recSrc>A</recSrc>
  <recType>210</recType>
  <recSTARSTimestamp>59627790</recSTARSTimestamp>
  <recSTARSSrcID>0</recSTARSSrcID>
  <recSTARSTimeSync>true</recSTARSTimeSync>
  <recSAFAReceiptTime>2026-06-24T16:33:47.821Z</recSAFAReceiptTime>
  <recSAFATimeSync>true</recSAFATimeSync>
  <track>
    <trackNum>3303</trackNum>
    <mrtTime>2026-06-24T16:33:47.115Z</mrtTime>
    <status>active</status>
    <acAddress>a2bb10</acAddress>
    <xPos>777997</xPos>
    <yPos>391951</yPos>
    <lat>37.92564</lat>
    <lon>-89.91514</lon>
    <vVert>-2139</vVert>
    <vx>-296</vx>
    <vy>158</vy>
    <vVertRaw>-1460</vVertRaw>
    <vxRaw>-1349</vxRaw>
    <vyRaw>718</vyRaw>
    <frozen>0</frozen>
    <new>0</new>
    <pseudo>0</pseudo>
    <adsb>1</adsb>
    <reportedBeaconCode>1144</reportedBeaconCode>
    <reportedAltitude>17800</reportedAltitude>
  </track>
  <flightPlan>
    <sfpn>296</sfpn>
    <ocr>normal handoff</ocr>
    <rnav>1</rnav>
    <scratchPad1>RNR</scratchPad1>
    <cps>1N</cps>
    <runway>RNR</runway>
    <assignedBeaconCode>1144</assignedBeaconCode>
    <requestedAltitude>0</requestedAltitude>
    <assignedAltitude>10000</assignedAltitude>
    <category>F</category>
    <dbi></dbi>
    <acid>SWA733</acid>
    <acType>B737</acType>
    <entryFix>BOO</entryFix>
    <exitFix>STL</exitFix>
    <airport>STL</airport>
    <flightRules>IFR</flightRules>
    <rawFlightRules></rawFlightRules>
    <type>A</type>
    <ptdTime>1635</ptdTime>
    <status>active</status>
    <delete>0</delete>
    <suspended>0</suspended>
    <lld>NE</lld>
    <ECID>939</ECID>
    <eqptSuffix>unavailable</eqptSuffix>
  </flightPlan>
  <enhancedData>
    <eramGufi>KW461134Iw</eramGufi>
    <sfdpsGufi>us.fdps.2026-06-24T12:48:33Z.000/22/4Iw</sfdpsGufi>
    <departureAirport>KBWI</departureAirport>
    <destinationAirport>KSTL</destinationAirport>
  </enhancedData>
</record>

=== 16:33:50.340 MKE SWA1011 ===
<record>
  <recSeqNum>5272</recSeqNum>
  <recSrc>A</recSrc>
  <recType>210</recType>
  <recSTARSTimestamp>59630050</recSTARSTimestamp>
  <recSTARSSrcID>0</recSTARSSrcID>
  <recSTARSTimeSync>true</recSTARSTimeSync>
  <recSAFAReceiptTime>2026-06-24T16:33:50.076Z</recSAFAReceiptTime>
  <recSAFATimeSync>true</recSAFATimeSync>
  <track>
    <trackNum>3850</trackNum>
    <mrtTime>2026-06-24T16:33:49.820Z</mrtTime>
    <status>active</status>
    <acAddress>a528d6</acAddress>
    <xPos>827740</xPos>
    <yPos>449698</yPos>
    <lat>42.99783</lat>
    <lon>-87.67481</lon>
    <vVert>-252</vVert>
    <vx>-192</vx>
    <vy>-64</vy>
    <vVertRaw>-172</vVertRaw>
    <vxRaw>-872</vxRaw>
    <vyRaw>-292</vyRaw>
    <frozen>0</frozen>
    <new>0</new>
    <pseudo>0</pseudo>
    <adsb>1</adsb>
    <reportedBeaconCode>3706</reportedBeaconCode>
    <reportedAltitude>3000</reportedAltitude>
  </track>
  <flightPlan>
    <sfpn>1228</sfpn>
    <ocr>normal handoff</ocr>
    <rnav>0</rnav>
    <scratchPad1>I5L</scratchPad1>
    <cps>1E</cps>
    <runway>I5L</runway>
    <assignedBeaconCode>3706</assignedBeaconCode>
    <requestedAltitude>0</requestedAltitude>
    <assignedAltitude>14000</assignedAltitude>
    <category>F</category>
    <dbi></dbi>
    <acid>SWA1011</acid>
    <acType>B737</acType>
    <entryFix>SUD</entryFix>
    <exitFix>MKE</exitFix>
    <airport>MKE</airport>
    <flightRules>IFR</flightRules>
    <rawFlightRules></rawFlightRules>
    <type>A</type>
    <ptdTime>1627</ptdTime>
    <status>active</status>
    <delete>0</delete>
    <suspended>0</suspended>
    <lld>NW</lld>
    <ECID>440</ECID>
    <eqptSuffix>unavailable</eqptSuffix>
  </flightPlan>
  <enhancedData>
    <eramGufi>KW462664eL</eramGufi>
    <sfdpsGufi>us.fdps.2026-06-24T12:51:06Z.000/22/4eL</sfdpsGufi>
    <departureAirport>KBWI</departureAirport>
    <destinationAirport>KMKE</destinationAirport>
  </enhancedData>
</record>

=== 16:33:52.648 T75 SWA733 ===
<record>
  <recSeqNum>62587</recSeqNum>
  <recSrc>A</recSrc>
  <recType>210</recType>
  <recSTARSTimestamp>59632440</recSTARSTimestamp>
  <recSTARSSrcID>0</recSTARSSrcID>
  <recSTARSTimeSync>true</recSTARSTimeSync>
  <recSAFAReceiptTime>2026-06-24T16:33:52.476Z</recSAFAReceiptTime>
  <recSAFATimeSync>true</recSAFATimeSync>
  <track>
    <trackNum>3303</trackNum>
    <mrtTime>2026-06-24T16:33:51.442Z</mrtTime>
    <status>active</status>
    <acAddress>a2bb10</acAddress>
    <xPos>777906</xPos>
    <yPos>391999</yPos>
    <lat>37.92878</lat>
    <lon>-89.92264</lon>
    <vVert>-2420</vVert>
    <vx>-296</vx>
    <vy>158</vy>
    <vVertRaw>-1652</vVertRaw>
    <vxRaw>-1346</vxRaw>
    <vyRaw>717</vyRaw>
    <frozen>0</frozen>
    <new>0</new>
    <pseudo>0</pseudo>
    <adsb>1</adsb>
    <reportedBeaconCode>1144</reportedBeaconCode>
    <reportedAltitude>17600</reportedAltitude>
  </track>
  <flightPlan>
    <sfpn>296</sfpn>
    <ocr>normal handoff</ocr>
    <rnav>1</rnav>
    <scratchPad1>RNR</scratchPad1>
    <cps>1N</cps>
    <runway>RNR</runway>
    <assignedBeaconCode>1144</assignedBeaconCode>
    <requestedAltitude>0</requestedAltitude>
    <assignedAltitude>10000</assignedAltitude>
    <category>F</category>
    <dbi></dbi>
    <acid>SWA733</acid>
    <acType>B737</acType>
    <entryFix>BOO</entryFix>
    <exitFix>STL</exitFix>
    <airport>STL</airport>
    <flightRules>IFR</flightRules>
    <rawFlightRules></rawFlightRules>
    <type>A</type>
    <ptdTime>1635</ptdTime>
    <status>active</status>
    <delete>0</delete>
    <suspended>0</suspended>
    <lld>NE</lld>
    <ECID>939</ECID>
    <eqptSuffix>unavailable</eqptSuffix>
  </flightPlan>
  <enhancedData>
    <eramGufi>KW461134Iw</eramGufi>
    <sfdpsGufi>us.fdps.2026-06-24T12:48:33Z.000/22/4Iw</sfdpsGufi>
    <departureAirport>KBWI</departureAirport>
    <destinationAirport>KSTL</destinationAirport>
  </enhancedData>
</record>

=== 16:33:54.533 MKE SWA1011 ===
<record>
  <recSeqNum>5574</recSeqNum>
  <recSrc>A</recSrc>
  <recType>210</recType>
  <recSTARSTimestamp>59634250</recSTARSTimestamp>
  <recSTARSSrcID>0</recSTARSSrcID>
  <recSTARSTimeSync>true</recSTARSTimeSync>
  <recSAFAReceiptTime>2026-06-24T16:33:54.282Z</recSAFAReceiptTime>
  <recSAFATimeSync>true</recSAFATimeSync>
  <track>
    <trackNum>3850</trackNum>
    <mrtTime>2026-06-24T16:33:54.003Z</mrtTime>
    <status>active</status>
    <acAddress>a528d6</acAddress>
    <xPos>827684</xPos>
    <yPos>449680</yPos>
    <lat>42.99669</lat>
    <lon>-87.67978</lon>
    <vVert>-227</vVert>
    <vx>-190</vx>
    <vy>-62</vy>
    <vVertRaw>-155</vVertRaw>
    <vxRaw>-866</vxRaw>
    <vyRaw>-284</vyRaw>
    <frozen>0</frozen>
    <new>0</new>
    <pseudo>0</pseudo>
    <adsb>1</adsb>
    <reportedBeaconCode>3706</reportedBeaconCode>
    <reportedAltitude>3000</reportedAltitude>
  </track>
  <flightPlan>
    <sfpn>1228</sfpn>
    <ocr>normal handoff</ocr>
    <rnav>0</rnav>
    <scratchPad1>I5L</scratchPad1>
    <cps>1E</cps>
    <runway>I5L</runway>
    <assignedBeaconCode>3706</assignedBeaconCode>
    <requestedAltitude>0</requestedAltitude>
    <assignedAltitude>14000</assignedAltitude>
    <category>F</category>
    <dbi></dbi>
    <acid>SWA1011</acid>
    <acType>B737</acType>
    <entryFix>SUD</entryFix>
    <exitFix>MKE</exitFix>
    <airport>MKE</airport>
    <flightRules>IFR</flightRules>
    <rawFlightRules></rawFlightRules>
    <type>A</type>
    <ptdTime>1627</ptdTime>
    <status>active</status>
    <delete>0</delete>
    <suspended>0</suspended>
    <lld>NW</lld>
    <ECID>440</ECID>
    <eqptSuffix>unavailable</eqptSuffix>
  </flightPlan>
  <enhancedData>
    <eramGufi>KW462664eL</eramGufi>
    <sfdpsGufi>us.fdps.2026-06-24T12:51:06Z.000/22/4eL</sfdpsGufi>
    <departureAirport>KBWI</departureAirport>
    <destinationAirport>KMKE</destinationAirport>
  </enhancedData>
</record>

=== 16:33:56.921 T75 SWA733 ===
<record>
  <recSeqNum>62713</recSeqNum>
  <recSrc>A</recSrc>
  <recType>210</recType>
  <recSTARSTimestamp>59636490</recSTARSTimestamp>
  <recSTARSSrcID>0</recSTARSSrcID>
  <recSTARSTimeSync>true</recSTARSTimeSync>
  <recSAFAReceiptTime>2026-06-24T16:33:56.529Z</recSAFAReceiptTime>
  <recSAFATimeSync>true</recSAFATimeSync>
  <track>
    <trackNum>3303</trackNum>
    <mrtTime>2026-06-24T16:33:56.110Z</mrtTime>
    <status>active</status>
    <acAddress>a2bb10</acAddress>
    <xPos>777809</xPos>
    <yPos>392051</yPos>
    <lat>37.93217</lat>
    <lon>-89.93061</lon>
    <vVert>-2496</vVert>
    <vx>-295</vx>
    <vy>157</vy>
    <vVertRaw>-1704</vVertRaw>
    <vxRaw>-1341</vxRaw>
    <vyRaw>715</vyRaw>
    <frozen>0</frozen>
    <new>0</new>
    <pseudo>0</pseudo>
    <adsb>1</adsb>
    <reportedBeaconCode>1144</reportedBeaconCode>
    <reportedAltitude>17400</reportedAltitude>
  </track>
  <flightPlan>
    <sfpn>296</sfpn>
    <ocr>normal handoff</ocr>
    <rnav>1</rnav>
    <scratchPad1>RNR</scratchPad1>
    <cps>1N</cps>
    <runway>RNR</runway>
    <assignedBeaconCode>1144</assignedBeaconCode>
    <requestedAltitude>0</requestedAltitude>
    <assignedAltitude>10000</assignedAltitude>
    <category>F</category>
    <dbi></dbi>
    <acid>SWA733</acid>
    <acType>B737</acType>
    <entryFix>BOO</entryFix>
    <exitFix>STL</exitFix>
    <airport>STL</airport>
    <flightRules>IFR</flightRules>
    <rawFlightRules></rawFlightRules>
    <type>A</type>
    <ptdTime>1635</ptdTime>
    <status>active</status>
    <delete>0</delete>
    <suspended>0</suspended>
    <lld>NE</lld>
    <ECID>939</ECID>
    <eqptSuffix>unavailable</eqptSuffix>
  </flightPlan>
  <enhancedData>
    <eramGufi>KW461134Iw</eramGufi>
    <sfdpsGufi>us.fdps.2026-06-24T12:48:33Z.000/22/4Iw</sfdpsGufi>
    <departureAirport>KBWI</departureAirport>
    <destinationAirport>KSTL</destinationAirport>
  </enhancedData>
</record>

=== 16:34:01.100 T75 SWA733 ===
<record>
  <recSeqNum>62829</recSeqNum>
  <recSrc>A</recSrc>
  <recType>210</recType>
  <recSTARSTimestamp>59640530</recSTARSTimestamp>
  <recSTARSSrcID>0</recSTARSSrcID>
  <recSTARSTimeSync>true</recSTARSTimeSync>
  <recSAFAReceiptTime>2026-06-24T16:34:00.531Z</recSAFAReceiptTime>
  <recSAFATimeSync>true</recSAFATimeSync>
  <track>
    <trackNum>3303</trackNum>
    <mrtTime>2026-06-24T16:34:00.134Z</mrtTime>
    <status>active</status>
    <acAddress>a2bb10</acAddress>
    <xPos>777725</xPos>
    <yPos>392096</yPos>
    <lat>37.93508</lat>
    <lon>-89.93753</lon>
    <vVert>-2493</vVert>
    <vx>-294</vx>
    <vy>158</vy>
    <vVertRaw>-1702</vVertRaw>
    <vxRaw>-1339</vxRaw>
    <vyRaw>717</vyRaw>
    <frozen>0</frozen>
    <new>0</new>
    <pseudo>0</pseudo>
    <adsb>1</adsb>
    <reportedBeaconCode>1144</reportedBeaconCode>
    <reportedAltitude>17300</reportedAltitude>
  </track>
  <flightPlan>
    <sfpn>296</sfpn>
    <ocr>normal handoff</ocr>
    <rnav>1</rnav>
    <scratchPad1>RNR</scratchPad1>
    <cps>1N</cps>
    <runway>RNR</runway>
    <assignedBeaconCode>1144</assignedBeaconCode>
    <requestedAltitude>0</requestedAltitude>
    <assignedAltitude>10000</assignedAltitude>
    <category>F</category>
    <dbi></dbi>
    <acid>SWA733</acid>
    <acType>B737</acType>
    <entryFix>BOO</entryFix>
    <exitFix>STL</exitFix>
    <airport>STL</airport>
    <flightRules>IFR</flightRules>
    <rawFlightRules></rawFlightRules>
    <type>A</type>
    <ptdTime>1635</ptdTime>
    <status>active</status>
    <delete>0</delete>
    <suspended>0</suspended>
    <lld>NE</lld>
    <ECID>939</ECID>
    <eqptSuffix>unavailable</eqptSuffix>
  </flightPlan>
  <enhancedData>
    <eramGufi>KW461134Iw</eramGufi>
    <sfdpsGufi>us.fdps.2026-06-24T12:48:33Z.000/22/4Iw</sfdpsGufi>
    <departureAirport>KBWI</departureAirport>
    <destinationAirport>KSTL</destinationAirport>
  </enhancedData>
</record>

=== 16:34:08.633 SBN RPA3595 ===
<record>
  <recSeqNum>28017</recSeqNum>
  <recSrc>A</recSrc>
  <recType>210</recType>
  <recSTARSTimestamp>59646710</recSTARSTimestamp>
  <recSTARSSrcID>0</recSTARSSrcID>
  <recSTARSTimeSync>true</recSTARSTimeSync>
  <recSAFAReceiptTime>2026-06-24T16:34:06.713Z</recSAFAReceiptTime>
  <recSAFATimeSync>true</recSAFATimeSync>
  <flightPlan>
    <sfpn>415</sfpn>
    <ocr>no change</ocr>
    <rnav>0</rnav>
    <scratchPad1>ORD</scratchPad1>
    <cps>C</cps>
    <runway>NNNN</runway>
    <assignedBeaconCode>0000</assignedBeaconCode>
    <requestedAltitude>0</requestedAltitude>
    <assignedAltitude>32000</assignedAltitude>
    <category>G</category>
    <dbi></dbi>
    <acid>RPA3595</acid>
    <acType>E75L</acType>
    <entryFix>GUS</entryFix>
    <exitFix>ORD</exitFix>
    <flightRules>E</flightRules>
    <rawFlightRules>E</rawFlightRules>
    <type>E</type>
    <status>terminated</status>
    <delete>1</delete>
    <suspended>0</suspended>
    <lld>S</lld>
    <ECID>05Y</ECID>
    <eqptSuffix>unavailable</eqptSuffix>
  </flightPlan>
  <enhancedData>
    <eramGufi>KW485734Os</eramGufi>
    <sfdpsGufi>us.fdps.2026-06-24T13:29:33Z.000/22/4Os</sfdpsGufi>
    <departureAirport>KRIC</departureAirport>
    <destinationAirport>KORD</destinationAirport>
  </enhancedData>
</record>

=== 16:34:12.068 MKE SWA1011 ===
<record>
  <recSeqNum>6620</recSeqNum>
  <recSrc>A</recSrc>
  <recType>210</recType>
  <recSTARSTimestamp>59651800</recSTARSTimestamp>
  <recSTARSSrcID>0</recSTARSSrcID>
  <recSTARSTimeSync>true</recSTARSTimeSync>
  <recSAFAReceiptTime>2026-06-24T16:34:11.807Z</recSAFAReceiptTime>
  <recSAFATimeSync>true</recSAFATimeSync>
  <track>
    <trackNum>3850</trackNum>
    <mrtTime>2026-06-24T16:34:10.790Z</mrtTime>
    <status>active</status>
    <acAddress>a528d6</acAddress>
    <xPos>827462</xPos>
    <yPos>449608</yPos>
    <lat>42.99203</lat>
    <lon>-87.69947</lon>
    <vVert>0</vVert>
    <vx>-186</vx>
    <vy>-61</vy>
    <vVertRaw>0</vVertRaw>
    <vxRaw>-846</vxRaw>
    <vyRaw>-278</vyRaw>
    <frozen>0</frozen>
    <new>0</new>
    <pseudo>0</pseudo>
    <adsb>1</adsb>
    <reportedBeaconCode>3706</reportedBeaconCode>
    <reportedAltitude>3000</reportedAltitude>
  </track>
  <flightPlan>
    <sfpn>1228</sfpn>
    <ocr>normal handoff</ocr>
    <rnav>0</rnav>
    <scratchPad1>I5L</scratchPad1>
    <cps>1E</cps>
    <runway>I5L</runway>
    <assignedBeaconCode>3706</assignedBeaconCode>
    <requestedAltitude>0</requestedAltitude>
    <assignedAltitude>14000</assignedAltitude>
    <category>F</category>
    <dbi></dbi>
    <acid>SWA1011</acid>
    <acType>B737</acType>
    <entryFix>SUD</entryFix>
    <exitFix>MKE</exitFix>
    <airport>MKE</airport>
    <flightRules>IFR</flightRules>
    <rawFlightRules></rawFlightRules>
    <type>A</type>
    <ptdTime>1627</ptdTime>
    <status>active</status>
    <delete>0</delete>
    <suspended>0</suspended>
    <lld>NW</lld>
    <ECID>440</ECID>
    <eqptSuffix>unavailable</eqptSuffix>
  </flightPlan>
  <enhancedData>
    <eramGufi>KW462664eL</eramGufi>
    <sfdpsGufi>us.fdps.2026-06-24T12:51:06Z.000/22/4eL</sfdpsGufi>
    <departureAirport>KBWI</departureAirport>
    <destinationAirport>KMKE</destinationAirport>
  </enhancedData>
</record>

=== 16:34:16.239 MKE SWA1011 ===
<record>
  <recSeqNum>6895</recSeqNum>
  <recSrc>A</recSrc>
  <recType>210</recType>
  <recSTARSTimestamp>59656000</recSTARSTimestamp>
  <recSTARSSrcID>0</recSTARSSrcID>
  <recSTARSTimeSync>true</recSTARSTimeSync>
  <recSAFAReceiptTime>2026-06-24T16:34:16.012Z</recSAFAReceiptTime>
  <recSAFATimeSync>true</recSAFATimeSync>
  <track>
    <trackNum>3850</trackNum>
    <mrtTime>2026-06-24T16:34:15.586Z</mrtTime>
    <status>active</status>
    <acAddress>a528d6</acAddress>
    <xPos>827400</xPos>
    <yPos>449587</yPos>
    <lat>42.99067</lat>
    <lon>-87.705</lon>
    <vVert>-173</vVert>
    <vx>-185</vx>
    <vy>-61</vy>
    <vVertRaw>-118</vVertRaw>
    <vxRaw>-841</vxRaw>
    <vyRaw>-279</vyRaw>
    <frozen>0</frozen>
    <new>0</new>
    <pseudo>0</pseudo>
    <adsb>1</adsb>
    <reportedBeaconCode>3706</reportedBeaconCode>
    <reportedAltitude>2900</reportedAltitude>
  </track>
  <flightPlan>
    <sfpn>1228</sfpn>
    <ocr>normal handoff</ocr>
    <rnav>0</rnav>
    <scratchPad1>I5L</scratchPad1>
    <cps>1E</cps>
    <runway>I5L</runway>
    <assignedBeaconCode>3706</assignedBeaconCode>
    <requestedAltitude>0</requestedAltitude>
    <assignedAltitude>14000</assignedAltitude>
    <category>F</category>
    <dbi></dbi>
    <acid>SWA1011</acid>
    <acType>B737</acType>
    <entryFix>SUD</entryFix>
    <exitFix>MKE</exitFix>
    <airport>MKE</airport>
    <flightRules>IFR</flightRules>
    <rawFlightRules></rawFlightRules>
    <type>A</type>
    <ptdTime>1627</ptdTime>
    <status>active</status>
    <delete>0</delete>
    <suspended>0</suspended>
    <lld>NW</lld>
    <ECID>440</ECID>
    <eqptSuffix>unavailable</eqptSuffix>
  </flightPlan>
  <enhancedData>
    <eramGufi>KW462664eL</eramGufi>
    <sfdpsGufi>us.fdps.2026-06-24T12:51:06Z.000/22/4eL</sfdpsGufi>
    <departureAirport>KBWI</departureAirport>
    <destinationAirport>KMKE</destinationAirport>
  </enhancedData>
</record>

=== 16:34:18.847 PCT DAL737 ===
<record>
  <recSeqNum>53455</recSeqNum>
  <recSrc>A</recSrc>
  <recType>210</recType>
  <recSTARSTimestamp>59658590</recSTARSTimestamp>
  <recSTARSSrcID>0</recSTARSSrcID>
  <recSTARSTimeSync>true</recSTARSTimeSync>
  <recSAFAReceiptTime>2026-06-24T16:34:18.603Z</recSAFAReceiptTime>
  <recSAFATimeSync>true</recSAFATimeSync>
  <track>
    <trackNum>2569</trackNum>
    <mrtTime>2026-06-24T16:34:17.171Z</mrtTime>
    <status>active</status>
    <acAddress>a41c69</acAddress>
    <xPos>1011519</xPos>
    <yPos>313607</yPos>
    <lat>38.51103</lat>
    <lon>-77.01825</lon>
    <vVert>-1676</vVert>
    <vx>122</vx>
    <vy>137</vy>
    <vVertRaw>-1144</vVertRaw>
    <vxRaw>556</vxRaw>
    <vyRaw>623</vyRaw>
    <frozen>0</frozen>
    <new>0</new>
    <pseudo>0</pseudo>
    <adsb>1</adsb>
    <reportedBeaconCode>3352</reportedBeaconCode>
    <reportedAltitude>5200</reportedAltitude>
  </track>
  <flightPlan>
    <sfpn>1041</sfpn>
    <ocr>normal handoff</ocr>
    <rnav>0</rnav>
    <cps>1J</cps>
    <assignedBeaconCode>3352</assignedBeaconCode>
    <requestedAltitude>0</requestedAltitude>
    <assignedAltitude>13000</assignedAltitude>
    <category>F</category>
    <dbi></dbi>
    <acid>DAL737</acid>
    <acType>A320</acType>
    <entryFix>CAP</entryFix>
    <exitFix>DCA</exitFix>
    <airport>DCA</airport>
    <flightRules>IFR</flightRules>
    <rawFlightRules></rawFlightRules>
    <type>A</type>
    <ptdTime>1628</ptdTime>
    <status>active</status>
    <delete>0</delete>
    <suspended>0</suspended>
    <lld>NE</lld>
    <ECID>175</ECID>
    <eqptSuffix>unavailable</eqptSuffix>
  </flightPlan>
  <enhancedData>
    <eramGufi>KT510614Pn</eramGufi>
    <sfdpsGufi>us.fdps.2026-06-24T14:11:01Z.000/19/4Pn</sfdpsGufi>
    <departureAirport>KATL</departureAirport>
    <destinationAirport>KDCA</destinationAirport>
  </enhancedData>
</record>

=== 16:34:30.244 MKE SWA1011 ===
<record>
  <recSeqNum>7763</recSeqNum>
  <recSrc>A</recSrc>
  <recType>210</recType>
  <recSTARSTimestamp>59669790</recSTARSTimestamp>
  <recSTARSSrcID>0</recSTARSSrcID>
  <recSTARSTimeSync>true</recSTARSTimeSync>
  <recSAFAReceiptTime>2026-06-24T16:34:29.838Z</recSAFAReceiptTime>
  <recSAFATimeSync>true</recSAFATimeSync>
  <track>
    <trackNum>3850</trackNum>
    <mrtTime>2026-06-24T16:34:29.463Z</mrtTime>
    <status>active</status>
    <acAddress>a528d6</acAddress>
    <xPos>827220</xPos>
    <yPos>449527</yPos>
    <lat>42.98681</lat>
    <lon>-87.72097</lon>
    <vVert>-63</vVert>
    <vx>-183</vx>
    <vy>-61</vy>
    <vVertRaw>-43</vVertRaw>
    <vxRaw>-832</vxRaw>
    <vyRaw>-277</vyRaw>
    <frozen>0</frozen>
    <new>0</new>
    <pseudo>0</pseudo>
    <adsb>1</adsb>
    <reportedBeaconCode>3706</reportedBeaconCode>
    <reportedAltitude>2900</reportedAltitude>
  </track>
  <flightPlan>
    <sfpn>1228</sfpn>
    <ocr>normal handoff</ocr>
    <rnav>0</rnav>
    <scratchPad1>I5L</scratchPad1>
    <cps>1E</cps>
    <runway>I5L</runway>
    <assignedBeaconCode>3706</assignedBeaconCode>
    <requestedAltitude>0</requestedAltitude>
    <assignedAltitude>14000</assignedAltitude>
    <category>F</category>
    <dbi></dbi>
    <acid>SWA1011</acid>
    <acType>B737</acType>
    <entryFix>SUD</entryFix>
    <exitFix>MKE</exitFix>
    <airport>MKE</airport>
    <flightRules>IFR</flightRules>
    <rawFlightRules></rawFlightRules>
    <type>A</type>
    <ptdTime>1627</ptdTime>
    <status>active</status>
    <delete>0</delete>
    <suspended>0</suspended>
    <lld>NW</lld>
    <ECID>440</ECID>
    <eqptSuffix>unavailable</eqptSuffix>
  </flightPlan>
  <enhancedData>
    <eramGufi>KW462664eL</eramGufi>
    <sfdpsGufi>us.fdps.2026-06-24T12:51:06Z.000/22/4eL</sfdpsGufi>
    <departureAirport>KBWI</departureAirport>
    <destinationAirport>KMKE</destinationAirport>
  </enhancedData>
</record>

=== 16:34:30.838 T75 SWA733 ===
<record>
  <recSeqNum>63824</recSeqNum>
  <recSrc>A</recSrc>
  <recType>210</recType>
  <recSTARSTimestamp>59670480</recSTARSTimestamp>
  <recSTARSSrcID>0</recSTARSSrcID>
  <recSTARSTimeSync>true</recSTARSTimeSync>
  <recSAFAReceiptTime>2026-06-24T16:34:30.516Z</recSAFAReceiptTime>
  <recSAFATimeSync>true</recSAFATimeSync>
  <track>
    <trackNum>3303</trackNum>
    <mrtTime>2026-06-24T16:34:30.088Z</mrtTime>
    <status>active</status>
    <acAddress>a2bb10</acAddress>
    <xPos>777237</xPos>
    <yPos>392597</yPos>
    <lat>37.96769</lat>
    <lon>-89.97775</lon>
    <vVert>-2205</vVert>
    <vx>-161</vx>
    <vy>291</vy>
    <vVertRaw>-1505</vVertRaw>
    <vxRaw>-732</vxRaw>
    <vyRaw>1323</vyRaw>
    <frozen>0</frozen>
    <new>0</new>
    <pseudo>0</pseudo>
    <adsb>1</adsb>
    <reportedBeaconCode>1144</reportedBeaconCode>
    <reportedAltitude>16200</reportedAltitude>
  </track>
  <flightPlan>
    <sfpn>296</sfpn>
    <ocr>normal handoff</ocr>
    <rnav>1</rnav>
    <scratchPad1>VAR</scratchPad1>
    <cps>1N</cps>
    <runway>VAR</runway>
    <assignedBeaconCode>1144</assignedBeaconCode>
    <requestedAltitude>0</requestedAltitude>
    <assignedAltitude>10000</assignedAltitude>
    <category>F</category>
    <dbi></dbi>
    <acid>SWA733</acid>
    <acType>B737</acType>
    <entryFix>BOO</entryFix>
    <exitFix>STL</exitFix>
    <airport>STL</airport>
    <flightRules>IFR</flightRules>
    <rawFlightRules></rawFlightRules>
    <type>A</type>
    <ptdTime>1635</ptdTime>
    <status>active</status>
    <delete>0</delete>
    <suspended>0</suspended>
    <lld>NE</lld>
    <ECID>939</ECID>
    <eqptSuffix>unavailable</eqptSuffix>
  </flightPlan>
  <enhancedData>
    <eramGufi>KW461134Iw</eramGufi>
    <sfdpsGufi>us.fdps.2026-06-24T12:48:33Z.000/22/4Iw</sfdpsGufi>
    <departureAirport>KBWI</departureAirport>
    <destinationAirport>KSTL</destinationAirport>
  </enhancedData>
</record>

=== 16:34:36.412 T75 SWA733 ===
<record>
  <recSeqNum>63987</recSeqNum>
  <recSrc>A</recSrc>
  <recType>210</recType>
  <recSTARSTimestamp>59676090</recSTARSTimestamp>
  <recSTARSSrcID>0</recSTARSSrcID>
  <recSTARSTimeSync>true</recSTARSTimeSync>
  <recSAFAReceiptTime>2026-06-24T16:34:36.117Z</recSAFAReceiptTime>
  <recSAFATimeSync>true</recSAFATimeSync>
  <track>
    <trackNum>3303</trackNum>
    <mrtTime>2026-06-24T16:34:35.749Z</mrtTime>
    <status>active</status>
    <acAddress>a2bb10</acAddress>
    <xPos>777179</xPos>
    <yPos>392719</yPos>
    <lat>37.97564</lat>
    <lon>-89.98253</lon>
    <vVert>-2171</vVert>
    <vx>-134</vx>
    <vy>305</vy>
    <vVertRaw>-1482</vVertRaw>
    <vxRaw>-611</vxRaw>
    <vyRaw>1389</vyRaw>
    <frozen>0</frozen>
    <new>0</new>
    <pseudo>0</pseudo>
    <adsb>1</adsb>
    <reportedBeaconCode>1144</reportedBeaconCode>
    <reportedAltitude>16000</reportedAltitude>
  </track>
  <flightPlan>
    <sfpn>296</sfpn>
    <ocr>normal handoff</ocr>
    <rnav>1</rnav>
    <scratchPad1>VAR</scratchPad1>
    <cps>1N</cps>
    <runway>VAR</runway>
    <assignedBeaconCode>1144</assignedBeaconCode>
    <requestedAltitude>0</requestedAltitude>
    <assignedAltitude>10000</assignedAltitude>
    <category>F</category>
    <dbi></dbi>
    <acid>SWA733</acid>
    <acType>B737</acType>
    <entryFix>BOO</entryFix>
    <exitFix>STL</exitFix>
    <airport>STL</airport>
    <flightRules>IFR</flightRules>
    <rawFlightRules></rawFlightRules>
    <type>A</type>
    <ptdTime>1635</ptdTime>
    <status>active</status>
    <delete>0</delete>
    <suspended>0</suspended>
    <lld>NE</lld>
    <ECID>939</ECID>
    <eqptSuffix>unavailable</eqptSuffix>
  </flightPlan>
  <enhancedData>
    <eramGufi>KW461134Iw</eramGufi>
    <sfdpsGufi>us.fdps.2026-06-24T12:48:33Z.000/22/4Iw</sfdpsGufi>
    <departureAirport>KBWI</departureAirport>
    <destinationAirport>KSTL</destinationAirport>
  </enhancedData>
</record>

=== 16:34:39.326 MKE SWA1011 ===
<record>
  <recSeqNum>8288</recSeqNum>
  <recSrc>A</recSrc>
  <recType>210</recType>
  <recSTARSTimestamp>59678810</recSTARSTimestamp>
  <recSTARSSrcID>0</recSTARSSrcID>
  <recSTARSTimeSync>true</recSTARSTimeSync>
  <recSAFAReceiptTime>2026-06-24T16:34:38.853Z</recSAFAReceiptTime>
  <recSAFATimeSync>true</recSAFATimeSync>
  <track>
    <trackNum>3850</trackNum>
    <mrtTime>2026-06-24T16:34:38.445Z</mrtTime>
    <status>active</status>
    <acAddress>a528d6</acAddress>
    <xPos>827104</xPos>
    <yPos>449488</yPos>
    <lat>42.98428</lat>
    <lon>-87.73128</lon>
    <vVert>-34</vVert>
    <vx>-181</vx>
    <vy>-61</vy>
    <vVertRaw>-23</vVertRaw>
    <vxRaw>-826</vxRaw>
    <vyRaw>-276</vyRaw>
    <frozen>0</frozen>
    <new>0</new>
    <pseudo>0</pseudo>
    <adsb>1</adsb>
    <reportedBeaconCode>3706</reportedBeaconCode>
    <reportedAltitude>2900</reportedAltitude>
  </track>
  <flightPlan>
    <sfpn>1228</sfpn>
    <ocr>normal handoff</ocr>
    <rnav>0</rnav>
    <scratchPad1>I5L</scratchPad1>
    <cps>1E</cps>
    <runway>I5L</runway>
    <assignedBeaconCode>3706</assignedBeaconCode>
    <requestedAltitude>0</requestedAltitude>
    <assignedAltitude>14000</assignedAltitude>
    <category>F</category>
    <dbi></dbi>
    <acid>SWA1011</acid>
    <acType>B737</acType>
    <entryFix>SUD</entryFix>
    <exitFix>MKE</exitFix>
    <airport>MKE</airport>
    <flightRules>IFR</flightRules>
    <rawFlightRules></rawFlightRules>
    <type>A</type>
    <ptdTime>1627</ptdTime>
    <status>active</status>
    <delete>0</delete>
    <suspended>0</suspended>
    <lld>NW</lld>
    <ECID>440</ECID>
    <eqptSuffix>unavailable</eqptSuffix>
  </flightPlan>
  <enhancedData>
    <eramGufi>KW462664eL</eramGufi>
    <sfdpsGufi>us.fdps.2026-06-24T12:51:06Z.000/22/4eL</sfdpsGufi>
    <departureAirport>KBWI</departureAirport>
    <destinationAirport>KMKE</destinationAirport>
  </enhancedData>
</record>

=== 16:34:41.336 T75 SWA733 ===
<record>
  <recSeqNum>64140</recSeqNum>
  <recSrc>A</recSrc>
  <recType>210</recType>
  <recSTARSTimestamp>59681030</recSTARSTimestamp>
  <recSTARSSrcID>0</recSTARSSrcID>
  <recSTARSTimeSync>true</recSTARSTimeSync>
  <recSAFAReceiptTime>2026-06-24T16:34:41.074Z</recSAFAReceiptTime>
  <recSAFATimeSync>true</recSAFATimeSync>
  <track>
    <trackNum>3303</trackNum>
    <mrtTime>2026-06-24T16:34:40.728Z</mrtTime>
    <status>active</status>
    <acAddress>a2bb10</acAddress>
    <xPos>777132</xPos>
    <yPos>392827</yPos>
    <lat>37.98267</lat>
    <lon>-89.98642</lon>
    <vVert>-2155</vVert>
    <vx>-133</vx>
    <vy>306</vy>
    <vVertRaw>-1471</vVertRaw>
    <vxRaw>-604</vxRaw>
    <vyRaw>1392</vyRaw>
    <frozen>0</frozen>
    <new>0</new>
    <pseudo>0</pseudo>
    <adsb>1</adsb>
    <reportedBeaconCode>1144</reportedBeaconCode>
    <reportedAltitude>15800</reportedAltitude>
  </track>
  <flightPlan>
    <sfpn>296</sfpn>
    <ocr>normal handoff</ocr>
    <rnav>1</rnav>
    <scratchPad1>VAR</scratchPad1>
    <cps>1N</cps>
    <runway>VAR</runway>
    <assignedBeaconCode>1144</assignedBeaconCode>
    <requestedAltitude>0</requestedAltitude>
    <assignedAltitude>10000</assignedAltitude>
    <category>F</category>
    <dbi></dbi>
    <acid>SWA733</acid>
    <acType>B737</acType>
    <entryFix>BOO</entryFix>
    <exitFix>STL</exitFix>
    <airport>STL</airport>
    <flightRules>IFR</flightRules>
    <rawFlightRules></rawFlightRules>
    <type>A</type>
    <ptdTime>1635</ptdTime>
    <status>active</status>
    <delete>0</delete>
    <suspended>0</suspended>
    <lld>NE</lld>
    <ECID>939</ECID>
    <eqptSuffix>unavailable</eqptSuffix>
  </flightPlan>
  <enhancedData>
    <eramGufi>KW461134Iw</eramGufi>
    <sfdpsGufi>us.fdps.2026-06-24T12:48:33Z.000/22/4Iw</sfdpsGufi>
    <departureAirport>KBWI</departureAirport>
    <destinationAirport>KSTL</destinationAirport>
  </enhancedData>
</record>

=== 16:34:45.883 T75 SWA733 ===
<record>
  <recSeqNum>64291</recSeqNum>
  <recSrc>A</recSrc>
  <recType>210</recType>
  <recSTARSTimestamp>59685390</recSTARSTimestamp>
  <recSTARSSrcID>0</recSTARSSrcID>
  <recSTARSTimeSync>true</recSTARSTimeSync>
  <recSAFAReceiptTime>2026-06-24T16:34:45.428Z</recSAFAReceiptTime>
  <recSAFATimeSync>true</recSAFATimeSync>
  <track>
    <trackNum>3303</trackNum>
    <mrtTime>2026-06-24T16:34:45.014Z</mrtTime>
    <status>active</status>
    <acAddress>a2bb10</acAddress>
    <xPos>777092</xPos>
    <yPos>392920</yPos>
    <lat>37.98875</lat>
    <lon>-89.98972</lon>
    <vVert>-2145</vVert>
    <vx>-132</vx>
    <vy>305</vy>
    <vVertRaw>-1464</vVertRaw>
    <vxRaw>-602</vxRaw>
    <vyRaw>1386</vyRaw>
    <frozen>0</frozen>
    <new>0</new>
    <pseudo>0</pseudo>
    <adsb>1</adsb>
    <reportedBeaconCode>1144</reportedBeaconCode>
    <reportedAltitude>15600</reportedAltitude>
  </track>
  <flightPlan>
    <sfpn>296</sfpn>
    <ocr>normal handoff</ocr>
    <rnav>1</rnav>
    <scratchPad1>VAR</scratchPad1>
    <cps>1N</cps>
    <runway>VAR</runway>
    <assignedBeaconCode>1144</assignedBeaconCode>
    <requestedAltitude>0</requestedAltitude>
    <assignedAltitude>10000</assignedAltitude>
    <category>F</category>
    <dbi></dbi>
    <acid>SWA733</acid>
    <acType>B737</acType>
    <entryFix>BOO</entryFix>
    <exitFix>STL</exitFix>
    <airport>STL</airport>
    <flightRules>IFR</flightRules>
    <rawFlightRules></rawFlightRules>
    <type>A</type>
    <ptdTime>1635</ptdTime>
    <status>active</status>
    <delete>0</delete>
    <suspended>0</suspended>
    <lld>NE</lld>
    <ECID>939</ECID>
    <eqptSuffix>unavailable</eqptSuffix>
  </flightPlan>
  <enhancedData>
    <eramGufi>KW461134Iw</eramGufi>
    <sfdpsGufi>us.fdps.2026-06-24T12:48:33Z.000/22/4Iw</sfdpsGufi>
    <departureAirport>KBWI</departureAirport>
    <destinationAirport>KSTL</destinationAirport>
  </enhancedData>
</record>

=== 16:34:49.630 PCT DAL737 ===
<record>
  <recSeqNum>57037</recSeqNum>
  <recSrc>A</recSrc>
  <recType>210</recType>
  <recSTARSTimestamp>59688600</recSTARSTimestamp>
  <recSTARSSrcID>0</recSTARSSrcID>
  <recSTARSTimeSync>true</recSTARSTimeSync>
  <recSAFAReceiptTime>2026-06-24T16:34:48.637Z</recSAFAReceiptTime>
  <recSAFATimeSync>true</recSAFATimeSync>
  <track>
    <trackNum>2569</trackNum>
    <mrtTime>2026-06-24T16:34:48.091Z</mrtTime>
    <status>active</status>
    <acAddress>a41c69</acAddress>
    <xPos>1011618</xPos>
    <yPos>313970</yPos>
    <lat>38.53467</lat>
    <lon>-77.00997</lon>
    <vVert>-1370</vVert>
    <vx>-4</vx>
    <vy>178</vy>
    <vVertRaw>-935</vVertRaw>
    <vxRaw>-17</vxRaw>
    <vyRaw>808</vyRaw>
    <frozen>0</frozen>
    <new>0</new>
    <pseudo>0</pseudo>
    <adsb>1</adsb>
    <reportedBeaconCode>3352</reportedBeaconCode>
    <reportedAltitude>4500</reportedAltitude>
  </track>
  <flightPlan>
    <sfpn>1041</sfpn>
    <ocr>normal handoff</ocr>
    <rnav>0</rnav>
    <cps>1J</cps>
    <assignedBeaconCode>3352</assignedBeaconCode>
    <requestedAltitude>0</requestedAltitude>
    <assignedAltitude>13000</assignedAltitude>
    <category>F</category>
    <dbi></dbi>
    <acid>DAL737</acid>
    <acType>A320</acType>
    <entryFix>CAP</entryFix>
    <exitFix>DCA</exitFix>
    <airport>DCA</airport>
    <flightRules>IFR</flightRules>
    <rawFlightRules></rawFlightRules>
    <type>A</type>
    <ptdTime>1628</ptdTime>
    <status>active</status>
    <delete>0</delete>
    <suspended>0</suspended>
    <lld>NE</lld>
    <ECID>175</ECID>
    <eqptSuffix>unavailable</eqptSuffix>
  </flightPlan>
  <enhancedData>
    <eramGufi>KT510614Pn</eramGufi>
    <sfdpsGufi>us.fdps.2026-06-24T14:11:01Z.000/19/4Pn</sfdpsGufi>
    <departureAirport>KATL</departureAirport>
    <destinationAirport>KDCA</destinationAirport>
  </enhancedData>
</record>

=== 16:34:50.781 T75 SWA733 ===
<record>
  <recSeqNum>64446</recSeqNum>
  <recSrc>A</recSrc>
  <recType>210</recType>
  <recSTARSTimestamp>59690340</recSTARSTimestamp>
  <recSTARSSrcID>0</recSTARSSrcID>
  <recSTARSTimeSync>true</recSTARSTimeSync>
  <recSAFAReceiptTime>2026-06-24T16:34:50.336Z</recSAFAReceiptTime>
  <recSAFATimeSync>true</recSAFATimeSync>
  <track>
    <trackNum>3303</trackNum>
    <mrtTime>2026-06-24T16:34:49.009Z</mrtTime>
    <status>active</status>
    <acAddress>a2bb10</acAddress>
    <xPos>777054</xPos>
    <yPos>393006</yPos>
    <lat>37.99433</lat>
    <lon>-89.99286</lon>
    <vVert>-2137</vVert>
    <vx>-134</vx>
    <vy>304</vy>
    <vVertRaw>-1459</vVertRaw>
    <vxRaw>-608</vxRaw>
    <vyRaw>1382</vyRaw>
    <frozen>0</frozen>
    <new>0</new>
    <pseudo>0</pseudo>
    <adsb>1</adsb>
    <reportedBeaconCode>1144</reportedBeaconCode>
    <reportedAltitude>15500</reportedAltitude>
  </track>
  <flightPlan>
    <sfpn>296</sfpn>
    <ocr>normal handoff</ocr>
    <rnav>1</rnav>
    <scratchPad1>VAR</scratchPad1>
    <cps>1N</cps>
    <runway>VAR</runway>
    <assignedBeaconCode>1144</assignedBeaconCode>
    <requestedAltitude>0</requestedAltitude>
    <assignedAltitude>10000</assignedAltitude>
    <category>F</category>
    <dbi></dbi>
    <acid>SWA733</acid>
    <acType>B737</acType>
    <entryFix>BOO</entryFix>
    <exitFix>STL</exitFix>
    <airport>STL</airport>
    <flightRules>IFR</flightRules>
    <rawFlightRules></rawFlightRules>
    <type>A</type>
    <ptdTime>1635</ptdTime>
    <status>active</status>
    <delete>0</delete>
    <suspended>0</suspended>
    <lld>NE</lld>
    <ECID>939</ECID>
    <eqptSuffix>unavailable</eqptSuffix>
  </flightPlan>
  <enhancedData>
    <eramGufi>KW461134Iw</eramGufi>
    <sfdpsGufi>us.fdps.2026-06-24T12:48:33Z.000/22/4Iw</sfdpsGufi>
    <departureAirport>KBWI</departureAirport>
    <destinationAirport>KSTL</destinationAirport>
  </enhancedData>
</record>

=== 16:34:58.836 T75 SWA733 ===
<record>
  <recSeqNum>64721</recSeqNum>
  <recSrc>A</recSrc>
  <recType>210</recType>
  <recSTARSTimestamp>59698430</recSTARSTimestamp>
  <recSTARSSrcID>0</recSTARSSrcID>
  <recSTARSTimeSync>true</recSTARSTimeSync>
  <recSAFAReceiptTime>2026-06-24T16:34:58.440Z</recSAFAReceiptTime>
  <recSAFATimeSync>true</recSAFATimeSync>
  <track>
    <trackNum>3303</trackNum>
    <mrtTime>2026-06-24T16:34:58.103Z</mrtTime>
    <status>active</status>
    <acAddress>a2bb10</acAddress>
    <xPos>776966</xPos>
    <yPos>393201</yPos>
    <lat>38.00703</lat>
    <lon>-90.00011</lon>
    <vVert>-1922</vVert>
    <vx>-135</vx>
    <vy>302</vy>
    <vVertRaw>-1312</vVertRaw>
    <vxRaw>-613</vxRaw>
    <vyRaw>1375</vyRaw>
    <frozen>0</frozen>
    <new>0</new>
    <pseudo>0</pseudo>
    <adsb>1</adsb>
    <reportedBeaconCode>1144</reportedBeaconCode>
    <reportedAltitude>15200</reportedAltitude>
  </track>
  <flightPlan>
    <sfpn>296</sfpn>
    <ocr>normal handoff</ocr>
    <rnav>1</rnav>
    <scratchPad1>VAR</scratchPad1>
    <cps>1N</cps>
    <runway>VAR</runway>
    <assignedBeaconCode>1144</assignedBeaconCode>
    <requestedAltitude>0</requestedAltitude>
    <assignedAltitude>10000</assignedAltitude>
    <category>F</category>
    <dbi></dbi>
    <acid>SWA733</acid>
    <acType>B737</acType>
    <entryFix>BOO</entryFix>
    <exitFix>STL</exitFix>
    <airport>STL</airport>
    <flightRules>IFR</flightRules>
    <rawFlightRules></rawFlightRules>
    <type>A</type>
    <ptdTime>1635</ptdTime>
    <status>active</status>
    <delete>0</delete>
    <suspended>0</suspended>
    <lld>NE</lld>
    <ECID>939</ECID>
    <eqptSuffix>unavailable</eqptSuffix>
  </flightPlan>
  <enhancedData>
    <eramGufi>KW461134Iw</eramGufi>
    <sfdpsGufi>us.fdps.2026-06-24T12:48:33Z.000/22/4Iw</sfdpsGufi>
    <departureAirport>KBWI</departureAirport>
    <destinationAirport>KSTL</destinationAirport>
  </enhancedData>
</record>

=== 16:35:00.686 MKE SWA1011 ===
<record>
  <recSeqNum>9609</recSeqNum>
  <recSrc>A</recSrc>
  <recType>210</recType>
  <recSTARSTimestamp>59700250</recSTARSTimestamp>
  <recSTARSSrcID>0</recSTARSSrcID>
  <recSTARSTimeSync>true</recSTARSTimeSync>
  <recSAFAReceiptTime>2026-06-24T16:35:00.281Z</recSAFAReceiptTime>
  <recSAFATimeSync>true</recSAFATimeSync>
  <track>
    <trackNum>3850</trackNum>
    <mrtTime>2026-06-24T16:34:59.967Z</mrtTime>
    <status>active</status>
    <acAddress>a528d6</acAddress>
    <xPos>826827</xPos>
    <yPos>449397</yPos>
    <lat>42.97839</lat>
    <lon>-87.75586</lon>
    <vVert>-725</vVert>
    <vx>-182</vx>
    <vy>-59</vy>
    <vVertRaw>-495</vVertRaw>
    <vxRaw>-827</vxRaw>
    <vyRaw>-270</vyRaw>
    <frozen>0</frozen>
    <new>0</new>
    <pseudo>0</pseudo>
    <adsb>1</adsb>
    <reportedBeaconCode>3706</reportedBeaconCode>
    <reportedAltitude>2700</reportedAltitude>
  </track>
  <flightPlan>
    <sfpn>1228</sfpn>
    <ocr>normal handoff</ocr>
    <rnav>0</rnav>
    <scratchPad1>I5L</scratchPad1>
    <cps>1E</cps>
    <runway>I5L</runway>
    <assignedBeaconCode>3706</assignedBeaconCode>
    <requestedAltitude>0</requestedAltitude>
    <assignedAltitude>14000</assignedAltitude>
    <category>F</category>
    <dbi></dbi>
    <acid>SWA1011</acid>
    <acType>B737</acType>
    <entryFix>SUD</entryFix>
    <exitFix>MKE</exitFix>
    <airport>MKE</airport>
    <flightRules>IFR</flightRules>
    <rawFlightRules></rawFlightRules>
    <type>A</type>
    <ptdTime>1627</ptdTime>
    <status>active</status>
    <delete>0</delete>
    <suspended>0</suspended>
    <lld>NW</lld>
    <ECID>440</ECID>
    <eqptSuffix>unavailable</eqptSuffix>
  </flightPlan>
  <enhancedData>
    <eramGufi>KW462664eL</eramGufi>
    <sfdpsGufi>us.fdps.2026-06-24T12:51:06Z.000/22/4eL</sfdpsGufi>
    <departureAirport>KBWI</departureAirport>
    <destinationAirport>KMKE</destinationAirport>
  </enhancedData>
</record>

=== 16:35:06.416 PCT DAL737 ===
<record>
  <recSeqNum>59141</recSeqNum>
  <recSrc>A</recSrc>
  <recType>210</recType>
  <recSTARSTimestamp>59706130</recSTARSTimestamp>
  <recSTARSSrcID>0</recSTARSSrcID>
  <recSTARSTimeSync>true</recSTARSTimeSync>
  <recSAFAReceiptTime>2026-06-24T16:35:06.151Z</recSAFAReceiptTime>
  <recSAFATimeSync>true</recSAFATimeSync>
  <track>
    <trackNum>2569</trackNum>
    <mrtTime>2026-06-24T16:35:05.704Z</mrtTime>
    <status>active</status>
    <acAddress>a41c69</acAddress>
    <xPos>1011604</xPos>
    <yPos>314194</yPos>
    <lat>38.54928</lat>
    <lon>-77.01108</lon>
    <vVert>-696</vVert>
    <vx>-13</vx>
    <vy>178</vy>
    <vVertRaw>-475</vVertRaw>
    <vxRaw>-57</vxRaw>
    <vyRaw>812</vyRaw>
    <frozen>0</frozen>
    <new>0</new>
    <pseudo>0</pseudo>
    <adsb>1</adsb>
    <reportedBeaconCode>3352</reportedBeaconCode>
    <reportedAltitude>4200</reportedAltitude>
  </track>
  <flightPlan>
    <sfpn>1041</sfpn>
    <ocr>normal handoff</ocr>
    <rnav>0</rnav>
    <cps>1J</cps>
    <assignedBeaconCode>3352</assignedBeaconCode>
    <requestedAltitude>0</requestedAltitude>
    <assignedAltitude>13000</assignedAltitude>
    <category>F</category>
    <dbi></dbi>
    <acid>DAL737</acid>
    <acType>A320</acType>
    <entryFix>CAP</entryFix>
    <exitFix>DCA</exitFix>
    <airport>DCA</airport>
    <flightRules>IFR</flightRules>
    <rawFlightRules></rawFlightRules>
    <type>A</type>
    <ptdTime>1628</ptdTime>
    <status>active</status>
    <delete>0</delete>
    <suspended>0</suspended>
    <lld>NE</lld>
    <ECID>175</ECID>
    <eqptSuffix>unavailable</eqptSuffix>
  </flightPlan>
  <enhancedData>
    <eramGufi>KT510614Pn</eramGufi>
    <sfdpsGufi>us.fdps.2026-06-24T14:11:01Z.000/19/4Pn</sfdpsGufi>
    <departureAirport>KATL</departureAirport>
    <destinationAirport>KDCA</destinationAirport>
  </enhancedData>
</record>

=== 16:35:08.262 T75 SWA733 ===
<record>
  <recSeqNum>65039</recSeqNum>
  <recSrc>A</recSrc>
  <recType>210</recType>
  <recSTARSTimestamp>59708030</recSTARSTimestamp>
  <recSTARSSrcID>0</recSTARSSrcID>
  <recSTARSTimeSync>true</recSTARSTimeSync>
  <recSAFAReceiptTime>2026-06-24T16:35:08.053Z</recSAFAReceiptTime>
  <recSAFATimeSync>true</recSAFATimeSync>
  <track>
    <trackNum>3303</trackNum>
    <mrtTime>2026-06-24T16:35:07.649Z</mrtTime>
    <status>active</status>
    <acAddress>a2bb10</acAddress>
    <xPos>776875</xPos>
    <yPos>393404</yPos>
    <lat>38.02025</lat>
    <lon>-90.00764</lon>
    <vVert>-2002</vVert>
    <vx>-134</vx>
    <vy>300</vy>
    <vVertRaw>-1367</vVertRaw>
    <vxRaw>-608</vxRaw>
    <vyRaw>1366</vyRaw>
    <frozen>0</frozen>
    <new>0</new>
    <pseudo>0</pseudo>
    <adsb>1</adsb>
    <reportedBeaconCode>1144</reportedBeaconCode>
    <reportedAltitude>14900</reportedAltitude>
  </track>
  <flightPlan>
    <sfpn>296</sfpn>
    <ocr>normal handoff</ocr>
    <rnav>1</rnav>
    <scratchPad1>VAR</scratchPad1>
    <cps>1N</cps>
    <runway>VAR</runway>
    <assignedBeaconCode>1144</assignedBeaconCode>
    <requestedAltitude>0</requestedAltitude>
    <assignedAltitude>10000</assignedAltitude>
    <category>F</category>
    <dbi></dbi>
    <acid>SWA733</acid>
    <acType>B737</acType>
    <entryFix>BOO</entryFix>
    <exitFix>STL</exitFix>
    <airport>STL</airport>
    <flightRules>IFR</flightRules>
    <rawFlightRules></rawFlightRules>
    <type>A</type>
    <ptdTime>1635</ptdTime>
    <status>active</status>
    <delete>0</delete>
    <suspended>0</suspended>
    <lld>NE</lld>
    <ECID>939</ECID>
    <eqptSuffix>unavailable</eqptSuffix>
  </flightPlan>
  <enhancedData>
    <eramGufi>KW461134Iw</eramGufi>
    <sfdpsGufi>us.fdps.2026-06-24T12:48:33Z.000/22/4Iw</sfdpsGufi>
    <departureAirport>KBWI</departureAirport>
    <destinationAirport>KSTL</destinationAirport>
  </enhancedData>
</record>

=== 16:35:08.729 MKE SWA1011 ===
<record>
  <recSeqNum>10129</recSeqNum>
  <recSrc>A</recSrc>
  <recType>210</recType>
  <recSTARSTimestamp>59708360</recSTARSTimestamp>
  <recSTARSSrcID>0</recSTARSSrcID>
  <recSTARSTimeSync>true</recSTARSTimeSync>
  <recSAFAReceiptTime>2026-06-24T16:35:08.398Z</recSAFAReceiptTime>
  <recSAFATimeSync>true</recSAFATimeSync>
  <track>
    <trackNum>3850</trackNum>
    <mrtTime>2026-06-24T16:35:07.933Z</mrtTime>
    <status>active</status>
    <acAddress>a528d6</acAddress>
    <xPos>826723</xPos>
    <yPos>449363</yPos>
    <lat>42.97619</lat>
    <lon>-87.76508</lon>
    <vVert>-829</vVert>
    <vx>-182</vx>
    <vy>-59</vy>
    <vVertRaw>-566</vVertRaw>
    <vxRaw>-828</vxRaw>
    <vyRaw>-269</vyRaw>
    <frozen>0</frozen>
    <new>0</new>
    <pseudo>0</pseudo>
    <adsb>1</adsb>
    <reportedBeaconCode>3706</reportedBeaconCode>
    <reportedAltitude>2600</reportedAltitude>
  </track>
  <flightPlan>
    <sfpn>1228</sfpn>
    <ocr>normal handoff</ocr>
    <rnav>0</rnav>
    <scratchPad1>I5L</scratchPad1>
    <cps>1E</cps>
    <runway>I5L</runway>
    <assignedBeaconCode>3706</assignedBeaconCode>
    <requestedAltitude>0</requestedAltitude>
    <assignedAltitude>14000</assignedAltitude>
    <category>F</category>
    <dbi></dbi>
    <acid>SWA1011</acid>
    <acType>B737</acType>
    <entryFix>SUD</entryFix>
    <exitFix>MKE</exitFix>
    <airport>MKE</airport>
    <flightRules>IFR</flightRules>
    <rawFlightRules></rawFlightRules>
    <type>A</type>
    <ptdTime>1627</ptdTime>
    <status>active</status>
    <delete>0</delete>
    <suspended>0</suspended>
    <lld>NW</lld>
    <ECID>440</ECID>
    <eqptSuffix>unavailable</eqptSuffix>
  </flightPlan>
  <enhancedData>
    <eramGufi>KW462664eL</eramGufi>
    <sfdpsGufi>us.fdps.2026-06-24T12:51:06Z.000/22/4eL</sfdpsGufi>
    <departureAirport>KBWI</departureAirport>
    <destinationAirport>KMKE</destinationAirport>
  </enhancedData>
</record>

=== 16:35:23.827 MKE SWA1011 ===
<record>
  <recSeqNum>11042</recSeqNum>
  <recSrc>A</recSrc>
  <recType>210</recType>
  <recSTARSTimestamp>59723500</recSTARSTimestamp>
  <recSTARSSrcID>0</recSTARSSrcID>
  <recSTARSTimeSync>true</recSTARSTimeSync>
  <recSAFAReceiptTime>2026-06-24T16:35:23.524Z</recSAFAReceiptTime>
  <recSAFATimeSync>true</recSAFATimeSync>
  <track>
    <trackNum>3850</trackNum>
    <mrtTime>2026-06-24T16:35:23.214Z</mrtTime>
    <status>active</status>
    <acAddress>a528d6</acAddress>
    <xPos>826529</xPos>
    <yPos>449301</yPos>
    <lat>42.97217</lat>
    <lon>-87.78231</lon>
    <vVert>-1002</vVert>
    <vx>-178</vx>
    <vy>-58</vy>
    <vVertRaw>-684</vVertRaw>
    <vxRaw>-810</vxRaw>
    <vyRaw>-264</vyRaw>
    <frozen>0</frozen>
    <new>0</new>
    <pseudo>0</pseudo>
    <adsb>1</adsb>
    <reportedBeaconCode>3706</reportedBeaconCode>
    <reportedAltitude>2300</reportedAltitude>
  </track>
  <flightPlan>
    <sfpn>1228</sfpn>
    <ocr>normal handoff</ocr>
    <rnav>0</rnav>
    <scratchPad1>I5L</scratchPad1>
    <cps>1E</cps>
    <runway>I5L</runway>
    <assignedBeaconCode>3706</assignedBeaconCode>
    <requestedAltitude>0</requestedAltitude>
    <assignedAltitude>14000</assignedAltitude>
    <category>F</category>
    <dbi></dbi>
    <acid>SWA1011</acid>
    <acType>B737</acType>
    <entryFix>SUD</entryFix>
    <exitFix>MKE</exitFix>
    <airport>MKE</airport>
    <flightRules>IFR</flightRules>
    <rawFlightRules></rawFlightRules>
    <type>A</type>
    <ptdTime>1627</ptdTime>
    <status>active</status>
    <delete>0</delete>
    <suspended>0</suspended>
    <lld>NW</lld>
    <ECID>440</ECID>
    <eqptSuffix>unavailable</eqptSuffix>
  </flightPlan>
  <enhancedData>
    <eramGufi>KW462664eL</eramGufi>
    <sfdpsGufi>us.fdps.2026-06-24T12:51:06Z.000/22/4eL</sfdpsGufi>
    <departureAirport>KBWI</departureAirport>
    <destinationAirport>KMKE</destinationAirport>
  </enhancedData>
</record>

=== 16:35:25.825 T75 SWA733 ===
<record>
  <recSeqNum>66</recSeqNum>
  <recSrc>A</recSrc>
  <recType>210</recType>
  <recSTARSTimestamp>59725290</recSTARSTimestamp>
  <recSTARSSrcID>0</recSTARSSrcID>
  <recSTARSTimeSync>true</recSTARSTimeSync>
  <recSAFAReceiptTime>2026-06-24T16:35:25.317Z</recSAFAReceiptTime>
  <recSAFATimeSync>true</recSAFATimeSync>
  <track>
    <trackNum>3303</trackNum>
    <mrtTime>2026-06-24T16:35:25.016Z</mrtTime>
    <status>active</status>
    <acAddress>a2bb10</acAddress>
    <xPos>776711</xPos>
    <yPos>393772</yPos>
    <lat>38.04422</lat>
    <lon>-90.02119</lon>
    <vVert>-2049</vVert>
    <vx>-133</vx>
    <vy>298</vy>
    <vVertRaw>-1399</vVertRaw>
    <vxRaw>-606</vxRaw>
    <vyRaw>1357</vyRaw>
    <frozen>0</frozen>
    <new>0</new>
    <pseudo>0</pseudo>
    <adsb>1</adsb>
    <reportedBeaconCode>1144</reportedBeaconCode>
    <reportedAltitude>14300</reportedAltitude>
  </track>
  <flightPlan>
    <sfpn>296</sfpn>
    <ocr>normal handoff</ocr>
    <rnav>1</rnav>
    <scratchPad1>VAR</scratchPad1>
    <cps>1N</cps>
    <runway>VAR</runway>
    <assignedBeaconCode>1144</assignedBeaconCode>
    <requestedAltitude>0</requestedAltitude>
    <assignedAltitude>10000</assignedAltitude>
    <category>F</category>
    <dbi></dbi>
    <acid>SWA733</acid>
    <acType>B737</acType>
    <entryFix>BOO</entryFix>
    <exitFix>STL</exitFix>
    <airport>STL</airport>
    <flightRules>IFR</flightRules>
    <rawFlightRules></rawFlightRules>
    <type>A</type>
    <ptdTime>1635</ptdTime>
    <status>active</status>
    <delete>0</delete>
    <suspended>0</suspended>
    <lld>NE</lld>
    <ECID>939</ECID>
    <eqptSuffix>unavailable</eqptSuffix>
  </flightPlan>
  <enhancedData>
    <eramGufi>KW461134Iw</eramGufi>
    <sfdpsGufi>us.fdps.2026-06-24T12:48:33Z.000/22/4Iw</sfdpsGufi>
    <departureAirport>KBWI</departureAirport>
    <destinationAirport>KSTL</destinationAirport>
  </enhancedData>
</record>

=== 16:35:29.635 T75 SWA733 ===
<record>
  <recSeqNum>225</recSeqNum>
  <recSrc>A</recSrc>
  <recType>210</recType>
  <recSTARSTimestamp>59729330</recSTARSTimestamp>
  <recSTARSSrcID>0</recSTARSSrcID>
  <recSTARSTimeSync>true</recSTARSTimeSync>
  <recSAFAReceiptTime>2026-06-24T16:35:29.330Z</recSAFAReceiptTime>
  <recSAFATimeSync>true</recSAFATimeSync>
  <track>
    <trackNum>3303</trackNum>
    <mrtTime>2026-06-24T16:35:28.389Z</mrtTime>
    <status>active</status>
    <acAddress>a2bb10</acAddress>
    <xPos>776679</xPos>
    <yPos>393844</yPos>
    <lat>38.04892</lat>
    <lon>-90.02386</lon>
    <vVert>-2042</vVert>
    <vx>-133</vx>
    <vy>298</vy>
    <vVertRaw>-1394</vVertRaw>
    <vxRaw>-606</vxRaw>
    <vyRaw>1354</vyRaw>
    <frozen>0</frozen>
    <new>0</new>
    <pseudo>0</pseudo>
    <adsb>1</adsb>
    <reportedBeaconCode>1144</reportedBeaconCode>
    <reportedAltitude>14200</reportedAltitude>
  </track>
  <flightPlan>
    <sfpn>296</sfpn>
    <ocr>normal handoff</ocr>
    <rnav>1</rnav>
    <scratchPad1>VAR</scratchPad1>
    <cps>1N</cps>
    <runway>VAR</runway>
    <assignedBeaconCode>1144</assignedBeaconCode>
    <requestedAltitude>0</requestedAltitude>
    <assignedAltitude>10000</assignedAltitude>
    <category>F</category>
    <dbi></dbi>
    <acid>SWA733</acid>
    <acType>B737</acType>
    <entryFix>BOO</entryFix>
    <exitFix>STL</exitFix>
    <airport>STL</airport>
    <flightRules>IFR</flightRules>
    <rawFlightRules></rawFlightRules>
    <type>A</type>
    <ptdTime>1635</ptdTime>
    <status>active</status>
    <delete>0</delete>
    <suspended>0</suspended>
    <lld>NE</lld>
    <ECID>939</ECID>
    <eqptSuffix>unavailable</eqptSuffix>
  </flightPlan>
  <enhancedData>
    <eramGufi>KW461134Iw</eramGufi>
    <sfdpsGufi>us.fdps.2026-06-24T12:48:33Z.000/22/4Iw</sfdpsGufi>
    <departureAirport>KBWI</departureAirport>
    <destinationAirport>KSTL</destinationAirport>
  </enhancedData>
</record>

=== 16:35:30.263 F11 SWA1171 ===
<record>
  <recSeqNum>29716</recSeqNum>
  <recSrc>A</recSrc>
  <recType>210</recType>
  <recSTARSTimestamp>59729820</recSTARSTimestamp>
  <recSTARSSrcID>0</recSTARSSrcID>
  <recSTARSTimeSync>true</recSTARSTimeSync>
  <recSAFAReceiptTime>2026-06-24T16:35:29.864Z</recSAFAReceiptTime>
  <recSAFATimeSync>true</recSAFATimeSync>
  <flightPlan>
    <sfpn>1266</sfpn>
    <ocr>intrafacility handoff</ocr>
    <rnav>1</rnav>
    <scratchPad1>VE</scratchPad1>
    <cps>1M</cps>
    <runway>VE</runway>
    <assignedBeaconCode>0000</assignedBeaconCode>
    <requestedAltitude>0</requestedAltitude>
    <assignedAltitude>12000</assignedAltitude>
    <category>F</category>
    <dbi></dbi>
    <acid>SWA1171</acid>
    <acType>B737</acType>
    <entryFix>GRD</entryFix>
    <exitFix>MCO</exitFix>
    <airport>MCO</airport>
    <flightRules>IFR</flightRules>
    <rawFlightRules></rawFlightRules>
    <type>A</type>
    <ptdTime>1616</ptdTime>
    <status>terminated</status>
    <delete>1</delete>
    <suspended>0</suspended>
    <lld>SE</lld>
    <ECID>064</ECID>
    <eqptSuffix>unavailable</eqptSuffix>
  </flightPlan>
  <enhancedData>
    <eramGufi>KW458764GF</eramGufi>
    <sfdpsGufi>us.fdps.2026-06-24T12:44:36Z.000/22/4GF</sfdpsGufi>
    <departureAirport>KBWI</departureAirport>
    <destinationAirport>KMCO</destinationAirport>
  </enhancedData>
</record>

=== 16:35:31.655 PCT DAL737 ===
<record>
  <recSeqNum>62340</recSeqNum>
  <recSrc>A</recSrc>
  <recType>210</recType>
  <recSTARSTimestamp>59731350</recSTARSTimestamp>
  <recSTARSSrcID>0</recSTARSSrcID>
  <recSTARSTimeSync>true</recSTARSTimeSync>
  <recSAFAReceiptTime>2026-06-24T16:35:31.390Z</recSAFAReceiptTime>
  <recSAFATimeSync>true</recSAFATimeSync>
  <track>
    <trackNum>2569</trackNum>
    <mrtTime>2026-06-24T16:35:31.050Z</mrtTime>
    <status>active</status>
    <acAddress>a41c69</acAddress>
    <xPos>1011579</xPos>
    <yPos>314516</yPos>
    <lat>38.57025</lat>
    <lon>-77.01311</lon>
    <vVert>-171</vVert>
    <vx>-13</vx>
    <vy>178</vy>
    <vVertRaw>-117</vVertRaw>
    <vxRaw>-59</vxRaw>
    <vyRaw>811</vyRaw>
    <frozen>0</frozen>
    <new>0</new>
    <pseudo>0</pseudo>
    <adsb>1</adsb>
    <reportedBeaconCode>3352</reportedBeaconCode>
    <reportedAltitude>3900</reportedAltitude>
  </track>
  <flightPlan>
    <sfpn>1041</sfpn>
    <ocr>normal handoff</ocr>
    <rnav>0</rnav>
    <cps>1J</cps>
    <assignedBeaconCode>3352</assignedBeaconCode>
    <requestedAltitude>0</requestedAltitude>
    <assignedAltitude>13000</assignedAltitude>
    <category>F</category>
    <dbi></dbi>
    <acid>DAL737</acid>
    <acType>A320</acType>
    <entryFix>CAP</entryFix>
    <exitFix>DCA</exitFix>
    <airport>DCA</airport>
    <flightRules>IFR</flightRules>
    <rawFlightRules></rawFlightRules>
    <type>A</type>
    <ptdTime>1628</ptdTime>
    <status>active</status>
    <delete>0</delete>
    <suspended>0</suspended>
    <lld>NE</lld>
    <ECID>175</ECID>
    <eqptSuffix>unavailable</eqptSuffix>
  </flightPlan>
  <enhancedData>
    <eramGufi>KT510614Pn</eramGufi>
    <sfdpsGufi>us.fdps.2026-06-24T14:11:01Z.000/19/4Pn</sfdpsGufi>
    <departureAirport>KATL</departureAirport>
    <destinationAirport>KDCA</destinationAirport>
  </enhancedData>
</record>

=== 16:35:35.002 MKE SWA1011 ===
<record>
  <recSeqNum>11727</recSeqNum>
  <recSrc>A</recSrc>
  <recType>210</recType>
  <recSTARSTimestamp>59734440</recSTARSTimestamp>
  <recSTARSSrcID>0</recSTARSSrcID>
  <recSTARSTimeSync>true</recSTARSTimeSync>
  <recSAFAReceiptTime>2026-06-24T16:35:34.485Z</recSAFAReceiptTime>
  <recSAFATimeSync>true</recSAFATimeSync>
  <track>
    <trackNum>3850</trackNum>
    <mrtTime>2026-06-24T16:35:34.021Z</mrtTime>
    <status>active</status>
    <acAddress>a528d6</acAddress>
    <xPos>826402</xPos>
    <yPos>449257</yPos>
    <lat>42.96931</lat>
    <lon>-87.79356</lon>
    <vVert>-951</vVert>
    <vx>-165</vx>
    <vy>-57</vy>
    <vVertRaw>-649</vVertRaw>
    <vxRaw>-750</vxRaw>
    <vyRaw>-258</vyRaw>
    <frozen>0</frozen>
    <new>0</new>
    <pseudo>0</pseudo>
    <adsb>1</adsb>
    <reportedBeaconCode>3706</reportedBeaconCode>
    <reportedAltitude>2200</reportedAltitude>
  </track>
  <flightPlan>
    <sfpn>1228</sfpn>
    <ocr>normal handoff</ocr>
    <rnav>0</rnav>
    <scratchPad1>I5L</scratchPad1>
    <cps>1E</cps>
    <runway>I5L</runway>
    <assignedBeaconCode>3706</assignedBeaconCode>
    <requestedAltitude>0</requestedAltitude>
    <assignedAltitude>14000</assignedAltitude>
    <category>F</category>
    <dbi></dbi>
    <acid>SWA1011</acid>
    <acType>B737</acType>
    <entryFix>SUD</entryFix>
    <exitFix>MKE</exitFix>
    <airport>MKE</airport>
    <flightRules>IFR</flightRules>
    <rawFlightRules></rawFlightRules>
    <type>A</type>
    <ptdTime>1627</ptdTime>
    <status>active</status>
    <delete>0</delete>
    <suspended>0</suspended>
    <lld>NW</lld>
    <ECID>440</ECID>
    <eqptSuffix>unavailable</eqptSuffix>
  </flightPlan>
  <enhancedData>
    <eramGufi>KW462664eL</eramGufi>
    <sfdpsGufi>us.fdps.2026-06-24T12:51:06Z.000/22/4eL</sfdpsGufi>
    <departureAirport>KBWI</departureAirport>
    <destinationAirport>KMKE</destinationAirport>
  </enhancedData>
</record>

=== 16:35:38.723 T75 SWA733 ===
<record>
  <recSeqNum>499</recSeqNum>
  <recSrc>A</recSrc>
  <recType>210</recType>
  <recSTARSTimestamp>59738330</recSTARSTimestamp>
  <recSTARSSrcID>0</recSTARSSrcID>
  <recSTARSTimeSync>true</recSTARSTimeSync>
  <recSAFAReceiptTime>2026-06-24T16:35:38.339Z</recSAFAReceiptTime>
  <recSAFATimeSync>true</recSAFATimeSync>
  <track>
    <trackNum>3303</trackNum>
    <mrtTime>2026-06-24T16:35:37.423Z</mrtTime>
    <status>active</status>
    <acAddress>a2bb10</acAddress>
    <xPos>776594</xPos>
    <yPos>394033</yPos>
    <lat>38.06122</lat>
    <lon>-90.03089</lon>
    <vVert>-2038</vVert>
    <vx>-133</vx>
    <vy>296</vy>
    <vVertRaw>-1391</vVertRaw>
    <vxRaw>-605</vxRaw>
    <vyRaw>1348</vyRaw>
    <frozen>0</frozen>
    <new>0</new>
    <pseudo>0</pseudo>
    <adsb>1</adsb>
    <reportedBeaconCode>1144</reportedBeaconCode>
    <reportedAltitude>13900</reportedAltitude>
  </track>
  <flightPlan>
    <sfpn>296</sfpn>
    <ocr>normal handoff</ocr>
    <rnav>1</rnav>
    <scratchPad1>VAR</scratchPad1>
    <cps>1N</cps>
    <runway>VAR</runway>
    <assignedBeaconCode>1144</assignedBeaconCode>
    <requestedAltitude>0</requestedAltitude>
    <assignedAltitude>10000</assignedAltitude>
    <category>F</category>
    <dbi></dbi>
    <acid>SWA733</acid>
    <acType>B737</acType>
    <entryFix>BOO</entryFix>
    <exitFix>STL</exitFix>
    <airport>STL</airport>
    <flightRules>IFR</flightRules>
    <rawFlightRules></rawFlightRules>
    <type>A</type>
    <ptdTime>1635</ptdTime>
    <status>active</status>
    <delete>0</delete>
    <suspended>0</suspended>
    <lld>NE</lld>
    <ECID>939</ECID>
    <eqptSuffix>unavailable</eqptSuffix>
  </flightPlan>
  <enhancedData>
    <eramGufi>KW461134Iw</eramGufi>
    <sfdpsGufi>us.fdps.2026-06-24T12:48:33Z.000/22/4Iw</sfdpsGufi>
    <departureAirport>KBWI</departureAirport>
    <destinationAirport>KSTL</destinationAirport>
  </enhancedData>
</record>

=== 16:35:38.873 MKE SWA1011 ===
<record>
  <recSeqNum>11947</recSeqNum>
  <recSrc>A</recSrc>
  <recType>210</recType>
  <recSTARSTimestamp>59738490</recSTARSTimestamp>
  <recSTARSSrcID>0</recSTARSSrcID>
  <recSTARSTimeSync>true</recSTARSTimeSync>
  <recSAFAReceiptTime>2026-06-24T16:35:38.500Z</recSAFAReceiptTime>
  <recSAFATimeSync>true</recSAFATimeSync>
  <track>
    <trackNum>3850</trackNum>
    <mrtTime>2026-06-24T16:35:38.054Z</mrtTime>
    <status>active</status>
    <acAddress>a528d6</acAddress>
    <xPos>826356</xPos>
    <yPos>449241</yPos>
    <lat>42.96828</lat>
    <lon>-87.79764</lon>
    <vVert>-936</vVert>
    <vx>-162</vx>
    <vy>-56</vy>
    <vVertRaw>-639</vVertRaw>
    <vxRaw>-737</vxRaw>
    <vyRaw>-254</vyRaw>
    <frozen>0</frozen>
    <new>0</new>
    <pseudo>0</pseudo>
    <adsb>1</adsb>
    <reportedBeaconCode>3706</reportedBeaconCode>
    <reportedAltitude>2100</reportedAltitude>
  </track>
  <flightPlan>
    <sfpn>1228</sfpn>
    <ocr>normal handoff</ocr>
    <rnav>0</rnav>
    <scratchPad1>I5L</scratchPad1>
    <cps>1E</cps>
    <runway>I5L</runway>
    <assignedBeaconCode>3706</assignedBeaconCode>
    <requestedAltitude>0</requestedAltitude>
    <assignedAltitude>14000</assignedAltitude>
    <category>F</category>
    <dbi></dbi>
    <acid>SWA1011</acid>
    <acType>B737</acType>
    <entryFix>SUD</entryFix>
    <exitFix>MKE</exitFix>
    <airport>MKE</airport>
    <flightRules>IFR</flightRules>
    <rawFlightRules></rawFlightRules>
    <type>A</type>
    <ptdTime>1627</ptdTime>
    <status>active</status>
    <delete>0</delete>
    <suspended>0</suspended>
    <lld>NW</lld>
    <ECID>440</ECID>
    <eqptSuffix>unavailable</eqptSuffix>
  </flightPlan>
  <enhancedData>
    <eramGufi>KW462664eL</eramGufi>
    <sfdpsGufi>us.fdps.2026-06-24T12:51:06Z.000/22/4eL</sfdpsGufi>
    <departureAirport>KBWI</departureAirport>
    <destinationAirport>KMKE</destinationAirport>
  </enhancedData>
</record>

=== 16:35:43.053 MKE SWA1011 ===
<record>
  <recSeqNum>12232</recSeqNum>
  <recSrc>A</recSrc>
  <recType>210</recType>
  <recSTARSTimestamp>59742560</recSTARSTimestamp>
  <recSTARSSrcID>0</recSTARSSrcID>
  <recSTARSTimeSync>true</recSTARSTimeSync>
  <recSAFAReceiptTime>2026-06-24T16:35:42.604Z</recSAFAReceiptTime>
  <recSAFATimeSync>true</recSAFATimeSync>
  <track>
    <trackNum>3850</trackNum>
    <mrtTime>2026-06-24T16:35:41.557Z</mrtTime>
    <status>active</status>
    <acAddress>a528d6</acAddress>
    <xPos>826316</xPos>
    <yPos>449228</yPos>
    <lat>42.96744</lat>
    <lon>-87.80119</lon>
    <vVert>-932</vVert>
    <vx>-160</vx>
    <vy>-55</vy>
    <vVertRaw>-636</vVertRaw>
    <vxRaw>-729</vxRaw>
    <vyRaw>-249</vyRaw>
    <frozen>0</frozen>
    <new>0</new>
    <pseudo>0</pseudo>
    <adsb>1</adsb>
    <reportedBeaconCode>3706</reportedBeaconCode>
    <reportedAltitude>2000</reportedAltitude>
  </track>
  <flightPlan>
    <sfpn>1228</sfpn>
    <ocr>normal handoff</ocr>
    <rnav>0</rnav>
    <scratchPad1>I5L</scratchPad1>
    <cps>1E</cps>
    <runway>I5L</runway>
    <assignedBeaconCode>3706</assignedBeaconCode>
    <requestedAltitude>0</requestedAltitude>
    <assignedAltitude>14000</assignedAltitude>
    <category>F</category>
    <dbi></dbi>
    <acid>SWA1011</acid>
    <acType>B737</acType>
    <entryFix>SUD</entryFix>
    <exitFix>MKE</exitFix>
    <airport>MKE</airport>
    <flightRules>IFR</flightRules>
    <rawFlightRules></rawFlightRules>
    <type>A</type>
    <ptdTime>1627</ptdTime>
    <status>active</status>
    <delete>0</delete>
    <suspended>0</suspended>
    <lld>NW</lld>
    <ECID>440</ECID>
    <eqptSuffix>unavailable</eqptSuffix>
  </flightPlan>
  <enhancedData>
    <eramGufi>KW462664eL</eramGufi>
    <sfdpsGufi>us.fdps.2026-06-24T12:51:06Z.000/22/4eL</sfdpsGufi>
    <departureAirport>KBWI</departureAirport>
    <destinationAirport>KMKE</destinationAirport>
  </enhancedData>
</record>

=== 16:35:44.589 PCT DAL737 ===
<record>
  <recSeqNum>63918</recSeqNum>
  <recSrc>A</recSrc>
  <recType>210</recType>
  <recSTARSTimestamp>59744380</recSTARSTimestamp>
  <recSTARSSrcID>0</recSTARSSrcID>
  <recSTARSTimeSync>true</recSTARSTimeSync>
  <recSAFAReceiptTime>2026-06-24T16:35:44.402Z</recSAFAReceiptTime>
  <recSAFATimeSync>true</recSAFATimeSync>
  <track>
    <trackNum>2569</trackNum>
    <mrtTime>2026-06-24T16:35:43.270Z</mrtTime>
    <status>active</status>
    <acAddress>a41c69</acAddress>
    <xPos>1011568</xPos>
    <yPos>314673</yPos>
    <lat>38.5805</lat>
    <lon>-77.01397</lon>
    <vVert>-1147</vVert>
    <vx>-13</vx>
    <vy>181</vy>
    <vVertRaw>-783</vVertRaw>
    <vxRaw>-59</vxRaw>
    <vyRaw>822</vyRaw>
    <frozen>0</frozen>
    <new>0</new>
    <pseudo>0</pseudo>
    <adsb>1</adsb>
    <reportedBeaconCode>3352</reportedBeaconCode>
    <reportedAltitude>3700</reportedAltitude>
  </track>
  <flightPlan>
    <sfpn>1041</sfpn>
    <ocr>normal handoff</ocr>
    <rnav>0</rnav>
    <cps>1J</cps>
    <assignedBeaconCode>3352</assignedBeaconCode>
    <requestedAltitude>0</requestedAltitude>
    <assignedAltitude>13000</assignedAltitude>
    <category>F</category>
    <dbi></dbi>
    <acid>DAL737</acid>
    <acType>A320</acType>
    <entryFix>CAP</entryFix>
    <exitFix>DCA</exitFix>
    <airport>DCA</airport>
    <flightRules>IFR</flightRules>
    <rawFlightRules></rawFlightRules>
    <type>A</type>
    <ptdTime>1628</ptdTime>
    <status>active</status>
    <delete>0</delete>
    <suspended>0</suspended>
    <lld>NE</lld>
    <ECID>175</ECID>
    <eqptSuffix>unavailable</eqptSuffix>
  </flightPlan>
  <enhancedData>
    <eramGufi>KT510614Pn</eramGufi>
    <sfdpsGufi>us.fdps.2026-06-24T14:11:01Z.000/19/4Pn</sfdpsGufi>
    <departureAirport>KATL</departureAirport>
    <destinationAirport>KDCA</destinationAirport>
  </enhancedData>
</record>

=== 16:35:47.268 MKE SWA1011 ===
<record>
  <recSeqNum>12492</recSeqNum>
  <recSrc>A</recSrc>
  <recType>210</recType>
  <recSTARSTimestamp>59747050</recSTARSTimestamp>
  <recSTARSSrcID>0</recSTARSSrcID>
  <recSTARSTimeSync>true</recSTARSTimeSync>
  <recSAFAReceiptTime>2026-06-24T16:35:47.062Z</recSAFAReceiptTime>
  <recSAFATimeSync>true</recSAFATimeSync>
  <track>
    <trackNum>3850</trackNum>
    <mrtTime>2026-06-24T16:35:46.021Z</mrtTime>
    <status>active</status>
    <acAddress>a528d6</acAddress>
    <xPos>826267</xPos>
    <yPos>449211</yPos>
    <lat>42.96633</lat>
    <lon>-87.80553</lon>
    <vVert>-930</vVert>
    <vx>-158</vx>
    <vy>-54</vy>
    <vVertRaw>-635</vVertRaw>
    <vxRaw>-719</vxRaw>
    <vyRaw>-246</vyRaw>
    <frozen>0</frozen>
    <new>0</new>
    <pseudo>0</pseudo>
    <adsb>1</adsb>
    <reportedBeaconCode>3706</reportedBeaconCode>
    <reportedAltitude>2000</reportedAltitude>
  </track>
  <flightPlan>
    <sfpn>1228</sfpn>
    <ocr>normal handoff</ocr>
    <rnav>0</rnav>
    <scratchPad1>I5L</scratchPad1>
    <cps>1E</cps>
    <runway>I5L</runway>
    <assignedBeaconCode>3706</assignedBeaconCode>
    <requestedAltitude>0</requestedAltitude>
    <assignedAltitude>14000</assignedAltitude>
    <category>F</category>
    <dbi></dbi>
    <acid>SWA1011</acid>
    <acType>B737</acType>
    <entryFix>SUD</entryFix>
    <exitFix>MKE</exitFix>
    <airport>MKE</airport>
    <flightRules>IFR</flightRules>
    <rawFlightRules></rawFlightRules>
    <type>A</type>
    <ptdTime>1627</ptdTime>
    <status>active</status>
    <delete>0</delete>
    <suspended>0</suspended>
    <lld>NW</lld>
    <ECID>440</ECID>
    <eqptSuffix>unavailable</eqptSuffix>
  </flightPlan>
  <enhancedData>
    <eramGufi>KW462664eL</eramGufi>
    <sfdpsGufi>us.fdps.2026-06-24T12:51:06Z.000/22/4eL</sfdpsGufi>
    <departureAirport>KBWI</departureAirport>
    <destinationAirport>KMKE</destinationAirport>
  </enhancedData>
</record>

=== 16:35:49.164 PCT DAL737 ===
<record>
  <recSeqNum>64457</recSeqNum>
  <recSrc>A</recSrc>
  <recType>210</recType>
  <recSTARSTimestamp>59748910</recSTARSTimestamp>
  <recSTARSSrcID>0</recSTARSSrcID>
  <recSTARSTimeSync>true</recSTARSTimeSync>
  <recSAFAReceiptTime>2026-06-24T16:35:48.956Z</recSAFAReceiptTime>
  <recSAFATimeSync>true</recSAFATimeSync>
  <track>
    <trackNum>2569</trackNum>
    <mrtTime>2026-06-24T16:35:47.933Z</mrtTime>
    <status>active</status>
    <acAddress>a41c69</acAddress>
    <xPos>1011564</xPos>
    <yPos>314733</yPos>
    <lat>38.58442</lat>
    <lon>-77.01431</lon>
    <vVert>-1138</vVert>
    <vx>-13</vx>
    <vy>181</vy>
    <vVertRaw>-777</vVertRaw>
    <vxRaw>-57</vxRaw>
    <vyRaw>823</vyRaw>
    <frozen>0</frozen>
    <new>0</new>
    <pseudo>0</pseudo>
    <adsb>1</adsb>
    <reportedBeaconCode>3352</reportedBeaconCode>
    <reportedAltitude>3700</reportedAltitude>
  </track>
  <flightPlan>
    <sfpn>1041</sfpn>
    <ocr>normal handoff</ocr>
    <rnav>0</rnav>
    <cps>1J</cps>
    <assignedBeaconCode>3352</assignedBeaconCode>
    <requestedAltitude>0</requestedAltitude>
    <assignedAltitude>13000</assignedAltitude>
    <category>F</category>
    <dbi></dbi>
    <acid>DAL737</acid>
    <acType>A320</acType>
    <entryFix>CAP</entryFix>
    <exitFix>DCA</exitFix>
    <airport>DCA</airport>
    <flightRules>IFR</flightRules>
    <rawFlightRules></rawFlightRules>
    <type>A</type>
    <ptdTime>1628</ptdTime>
    <status>active</status>
    <delete>0</delete>
    <suspended>0</suspended>
    <lld>NE</lld>
    <ECID>175</ECID>
    <eqptSuffix>unavailable</eqptSuffix>
  </flightPlan>
  <enhancedData>
    <eramGufi>KT510614Pn</eramGufi>
    <sfdpsGufi>us.fdps.2026-06-24T14:11:01Z.000/19/4Pn</sfdpsGufi>
    <departureAirport>KATL</departureAirport>
    <destinationAirport>KDCA</destinationAirport>
  </enhancedData>
</record>

=== 16:35:51.822 MKE SWA1011 ===
<record>
  <recSeqNum>12758</recSeqNum>
  <recSrc>A</recSrc>
  <recType>210</recType>
  <recSTARSTimestamp>59751540</recSTARSTimestamp>
  <recSTARSSrcID>0</recSTARSSrcID>
  <recSTARSTimeSync>true</recSTARSTimeSync>
  <recSAFAReceiptTime>2026-06-24T16:35:51.570Z</recSAFAReceiptTime>
  <recSAFATimeSync>true</recSAFATimeSync>
  <track>
    <trackNum>3850</trackNum>
    <mrtTime>2026-06-24T16:35:51.258Z</mrtTime>
    <status>active</status>
    <acAddress>a528d6</acAddress>
    <xPos>826210</xPos>
    <yPos>449192</yPos>
    <lat>42.96511</lat>
    <lon>-87.81058</lon>
    <vVert>-939</vVert>
    <vx>-156</vx>
    <vy>-53</vy>
    <vVertRaw>-641</vVertRaw>
    <vxRaw>-709</vxRaw>
    <vyRaw>-239</vyRaw>
    <frozen>0</frozen>
    <new>0</new>
    <pseudo>0</pseudo>
    <adsb>1</adsb>
    <reportedBeaconCode>3706</reportedBeaconCode>
    <reportedAltitude>1900</reportedAltitude>
  </track>
  <flightPlan>
    <sfpn>1228</sfpn>
    <ocr>normal handoff</ocr>
    <rnav>0</rnav>
    <scratchPad1>I5L</scratchPad1>
    <cps>1E</cps>
    <runway>I5L</runway>
    <assignedBeaconCode>3706</assignedBeaconCode>
    <requestedAltitude>0</requestedAltitude>
    <assignedAltitude>14000</assignedAltitude>
    <category>F</category>
    <dbi></dbi>
    <acid>SWA1011</acid>
    <acType>B737</acType>
    <entryFix>SUD</entryFix>
    <exitFix>MKE</exitFix>
    <airport>MKE</airport>
    <flightRules>IFR</flightRules>
    <rawFlightRules></rawFlightRules>
    <type>A</type>
    <ptdTime>1627</ptdTime>
    <status>active</status>
    <delete>0</delete>
    <suspended>0</suspended>
    <lld>NW</lld>
    <ECID>440</ECID>
    <eqptSuffix>unavailable</eqptSuffix>
  </flightPlan>
  <enhancedData>
    <eramGufi>KW462664eL</eramGufi>
    <sfdpsGufi>us.fdps.2026-06-24T12:51:06Z.000/22/4eL</sfdpsGufi>
    <departureAirport>KBWI</departureAirport>
    <destinationAirport>KMKE</destinationAirport>
  </enhancedData>
</record>

=== 16:35:53.370 PCT DAL737 ===
<record>
  <recSeqNum>64947</recSeqNum>
  <recSrc>A</recSrc>
  <recType>210</recType>
  <recSTARSTimestamp>59752930</recSTARSTimestamp>
  <recSTARSSrcID>0</recSTARSSrcID>
  <recSTARSTimeSync>true</recSTARSTimeSync>
  <recSAFAReceiptTime>2026-06-24T16:35:52.958Z</recSAFAReceiptTime>
  <recSAFATimeSync>true</recSAFATimeSync>
  <track>
    <trackNum>2569</trackNum>
    <mrtTime>2026-06-24T16:35:52.398Z</mrtTime>
    <status>active</status>
    <acAddress>a41c69</acAddress>
    <xPos>1011561</xPos>
    <yPos>314791</yPos>
    <lat>38.58819</lat>
    <lon>-77.01456</lon>
    <vVert>-996</vVert>
    <vx>-11</vx>
    <vy>181</vy>
    <vVertRaw>-680</vVertRaw>
    <vxRaw>-51</vxRaw>
    <vyRaw>825</vyRaw>
    <frozen>0</frozen>
    <new>0</new>
    <pseudo>0</pseudo>
    <adsb>1</adsb>
    <reportedBeaconCode>3352</reportedBeaconCode>
    <reportedAltitude>3600</reportedAltitude>
  </track>
  <flightPlan>
    <sfpn>1041</sfpn>
    <ocr>normal handoff</ocr>
    <rnav>0</rnav>
    <cps>1J</cps>
    <assignedBeaconCode>3352</assignedBeaconCode>
    <requestedAltitude>0</requestedAltitude>
    <assignedAltitude>13000</assignedAltitude>
    <category>F</category>
    <dbi></dbi>
    <acid>DAL737</acid>
    <acType>A320</acType>
    <entryFix>CAP</entryFix>
    <exitFix>DCA</exitFix>
    <airport>DCA</airport>
    <flightRules>IFR</flightRules>
    <rawFlightRules></rawFlightRules>
    <type>A</type>
    <ptdTime>1628</ptdTime>
    <status>active</status>
    <delete>0</delete>
    <suspended>0</suspended>
    <lld>NE</lld>
    <ECID>175</ECID>
    <eqptSuffix>unavailable</eqptSuffix>
  </flightPlan>
  <enhancedData>
    <eramGufi>KT510614Pn</eramGufi>
    <sfdpsGufi>us.fdps.2026-06-24T14:11:01Z.000/19/4Pn</sfdpsGufi>
    <departureAirport>KATL</departureAirport>
    <destinationAirport>KDCA</destinationAirport>
  </enhancedData>
</record>

=== 16:35:55.535 T75 SWA733 ===
<record>
  <recSeqNum>1051</recSeqNum>
  <recSrc>A</recSrc>
  <recType>210</recType>
  <recSTARSTimestamp>59755140</recSTARSTimestamp>
  <recSTARSSrcID>0</recSTARSSrcID>
  <recSTARSTimeSync>true</recSTARSTimeSync>
  <recSAFAReceiptTime>2026-06-24T16:35:55.152Z</recSAFAReceiptTime>
  <recSAFATimeSync>true</recSAFATimeSync>
  <track>
    <trackNum>3303</trackNum>
    <mrtTime>2026-06-24T16:35:54.790Z</mrtTime>
    <status>active</status>
    <acAddress>a2bb10</acAddress>
    <xPos>776430</xPos>
    <yPos>394398</yPos>
    <lat>38.08497</lat>
    <lon>-90.04447</lon>
    <vVert>-2049</vVert>
    <vx>-132</vx>
    <vy>296</vy>
    <vVertRaw>-1399</vVertRaw>
    <vxRaw>-603</vxRaw>
    <vyRaw>1345</vyRaw>
    <frozen>0</frozen>
    <new>0</new>
    <pseudo>0</pseudo>
    <adsb>1</adsb>
    <reportedBeaconCode>1144</reportedBeaconCode>
    <reportedAltitude>13300</reportedAltitude>
  </track>
  <flightPlan>
    <sfpn>296</sfpn>
    <ocr>normal handoff</ocr>
    <rnav>1</rnav>
    <scratchPad1>VAR</scratchPad1>
    <cps>1N</cps>
    <runway>VAR</runway>
    <assignedBeaconCode>1144</assignedBeaconCode>
    <requestedAltitude>0</requestedAltitude>
    <assignedAltitude>10000</assignedAltitude>
    <category>F</category>
    <dbi></dbi>
    <acid>SWA733</acid>
    <acType>B737</acType>
    <entryFix>BOO</entryFix>
    <exitFix>STL</exitFix>
    <airport>STL</airport>
    <flightRules>IFR</flightRules>
    <rawFlightRules></rawFlightRules>
    <type>A</type>
    <ptdTime>1635</ptdTime>
    <status>active</status>
    <delete>0</delete>
    <suspended>0</suspended>
    <lld>NE</lld>
    <ECID>939</ECID>
    <eqptSuffix>unavailable</eqptSuffix>
  </flightPlan>
  <enhancedData>
    <eramGufi>KW461134Iw</eramGufi>
    <sfdpsGufi>us.fdps.2026-06-24T12:48:33Z.000/22/4Iw</sfdpsGufi>
    <departureAirport>KBWI</departureAirport>
    <destinationAirport>KSTL</destinationAirport>
  </enhancedData>
</record>

=== 16:35:57.195 PCT DAL737 ===
<record>
  <recSeqNum>65455</recSeqNum>
  <recSrc>A</recSrc>
  <recType>210</recType>
  <recSTARSTimestamp>59757000</recSTARSTimestamp>
  <recSTARSSrcID>0</recSTARSSrcID>
  <recSTARSTimeSync>true</recSTARSTimeSync>
  <recSAFAReceiptTime>2026-06-24T16:35:57.022Z</recSAFAReceiptTime>
  <recSAFATimeSync>true</recSAFATimeSync>
  <track>
    <trackNum>2569</trackNum>
    <mrtTime>2026-06-24T16:35:56.597Z</mrtTime>
    <status>active</status>
    <acAddress>a41c69</acAddress>
    <xPos>1011558</xPos>
    <yPos>314845</yPos>
    <lat>38.59169</lat>
    <lon>-77.01478</lon>
    <vVert>-977</vVert>
    <vx>-11</vx>
    <vy>181</vy>
    <vVertRaw>-667</vVertRaw>
    <vxRaw>-48</vxRaw>
    <vyRaw>825</vyRaw>
    <frozen>0</frozen>
    <new>0</new>
    <pseudo>0</pseudo>
    <adsb>1</adsb>
    <reportedBeaconCode>3352</reportedBeaconCode>
    <reportedAltitude>3500</reportedAltitude>
  </track>
  <flightPlan>
    <sfpn>1041</sfpn>
    <ocr>normal handoff</ocr>
    <rnav>0</rnav>
    <cps>1J</cps>
    <assignedBeaconCode>3352</assignedBeaconCode>
    <requestedAltitude>0</requestedAltitude>
    <assignedAltitude>13000</assignedAltitude>
    <category>F</category>
    <dbi></dbi>
    <acid>DAL737</acid>
    <acType>A320</acType>
    <entryFix>CAP</entryFix>
    <exitFix>DCA</exitFix>
    <airport>DCA</airport>
    <flightRules>IFR</flightRules>
    <rawFlightRules></rawFlightRules>
    <type>A</type>
    <ptdTime>1628</ptdTime>
    <status>active</status>
    <delete>0</delete>
    <suspended>0</suspended>
    <lld>NE</lld>
    <ECID>175</ECID>
    <eqptSuffix>unavailable</eqptSuffix>
  </flightPlan>
  <enhancedData>
    <eramGufi>KT510614Pn</eramGufi>
    <sfdpsGufi>us.fdps.2026-06-24T14:11:01Z.000/19/4Pn</sfdpsGufi>
    <departureAirport>KATL</departureAirport>
    <destinationAirport>KDCA</destinationAirport>
  </enhancedData>
</record>

=== 16:35:59.727 T75 SWA733 ===
<record>
  <recSeqNum>1193</recSeqNum>
  <recSrc>A</recSrc>
  <recType>210</recType>
  <recSTARSTimestamp>59759190</recSTARSTimestamp>
  <recSTARSSrcID>0</recSTARSSrcID>
  <recSTARSTimeSync>true</recSTARSTimeSync>
  <recSAFAReceiptTime>2026-06-24T16:35:59.204Z</recSAFAReceiptTime>
  <recSAFATimeSync>true</recSAFATimeSync>
  <track>
    <trackNum>3303</trackNum>
    <mrtTime>2026-06-24T16:35:58.835Z</mrtTime>
    <status>active</status>
    <acAddress>a2bb10</acAddress>
    <xPos>776392</xPos>
    <yPos>394483</yPos>
    <lat>38.09053</lat>
    <lon>-90.04761</lon>
    <vVert>-2054</vVert>
    <vx>-132</vx>
    <vy>296</vy>
    <vVertRaw>-1402</vVertRaw>
    <vxRaw>-600</vxRaw>
    <vyRaw>1345</vyRaw>
    <frozen>0</frozen>
    <new>0</new>
    <pseudo>0</pseudo>
    <adsb>1</adsb>
    <reportedBeaconCode>1144</reportedBeaconCode>
    <reportedAltitude>13100</reportedAltitude>
  </track>
  <flightPlan>
    <sfpn>296</sfpn>
    <ocr>normal handoff</ocr>
    <rnav>1</rnav>
    <scratchPad1>VAR</scratchPad1>
    <cps>1N</cps>
    <runway>VAR</runway>
    <assignedBeaconCode>1144</assignedBeaconCode>
    <requestedAltitude>0</requestedAltitude>
    <assignedAltitude>10000</assignedAltitude>
    <category>F</category>
    <dbi></dbi>
    <acid>SWA733</acid>
    <acType>B737</acType>
    <entryFix>BOO</entryFix>
    <exitFix>STL</exitFix>
    <airport>STL</airport>
    <flightRules>IFR</flightRules>
    <rawFlightRules></rawFlightRules>
    <type>A</type>
    <ptdTime>1635</ptdTime>
    <status>active</status>
    <delete>0</delete>
    <suspended>0</suspended>
    <lld>NE</lld>
    <ECID>939</ECID>
    <eqptSuffix>unavailable</eqptSuffix>
  </flightPlan>
  <enhancedData>
    <eramGufi>KW461134Iw</eramGufi>
    <sfdpsGufi>us.fdps.2026-06-24T12:48:33Z.000/22/4Iw</sfdpsGufi>
    <departureAirport>KBWI</departureAirport>
    <destinationAirport>KSTL</destinationAirport>
  </enhancedData>
</record>

=== 16:36:01.421 PCT DAL737 ===
<record>
  <recSeqNum>391</recSeqNum>
  <recSrc>A</recSrc>
  <recType>210</recType>
  <recSTARSTimestamp>59761040</recSTARSTimestamp>
  <recSTARSSrcID>0</recSTARSSrcID>
  <recSTARSTimeSync>true</recSTARSTimeSync>
  <recSAFAReceiptTime>2026-06-24T16:36:01.045Z</recSAFAReceiptTime>
  <recSAFATimeSync>true</recSAFATimeSync>
  <track>
    <trackNum>2569</trackNum>
    <mrtTime>2026-06-24T16:36:00.607Z</mrtTime>
    <status>active</status>
    <acAddress>a41c69</acAddress>
    <xPos>1011555</xPos>
    <yPos>314897</yPos>
    <lat>38.59508</lat>
    <lon>-77.01503</lon>
    <vVert>-981</vVert>
    <vx>-11</vx>
    <vy>181</vy>
    <vVertRaw>-670</vVertRaw>
    <vxRaw>-50</vxRaw>
    <vyRaw>825</vyRaw>
    <frozen>0</frozen>
    <new>0</new>
    <pseudo>0</pseudo>
    <adsb>1</adsb>
    <reportedBeaconCode>3352</reportedBeaconCode>
    <reportedAltitude>3500</reportedAltitude>
  </track>
  <flightPlan>
    <sfpn>1041</sfpn>
    <ocr>normal handoff</ocr>
    <rnav>0</rnav>
    <cps>1J</cps>
    <assignedBeaconCode>3352</assignedBeaconCode>
    <requestedAltitude>0</requestedAltitude>
    <assignedAltitude>13000</assignedAltitude>
    <category>F</category>
    <dbi></dbi>
    <acid>DAL737</acid>
    <acType>A320</acType>
    <entryFix>CAP</entryFix>
    <exitFix>DCA</exitFix>
    <airport>DCA</airport>
    <flightRules>IFR</flightRules>
    <rawFlightRules></rawFlightRules>
    <type>A</type>
    <ptdTime>1628</ptdTime>
    <status>active</status>
    <delete>0</delete>
    <suspended>0</suspended>
    <lld>NE</lld>
    <ECID>175</ECID>
    <eqptSuffix>unavailable</eqptSuffix>
  </flightPlan>
  <enhancedData>
    <eramGufi>KT510614Pn</eramGufi>
    <sfdpsGufi>us.fdps.2026-06-24T14:11:01Z.000/19/4Pn</sfdpsGufi>
    <departureAirport>KATL</departureAirport>
    <destinationAirport>KDCA</destinationAirport>
  </enhancedData>
</record>

=== 16:36:04.271 T75 SWA733 ===
<record>
  <recSeqNum>1342</recSeqNum>
  <recSrc>A</recSrc>
  <recType>210</recType>
  <recSTARSTimestamp>59763830</recSTARSTimestamp>
  <recSTARSSrcID>0</recSTARSSrcID>
  <recSTARSTimeSync>true</recSTARSTimeSync>
  <recSAFAReceiptTime>2026-06-24T16:36:03.860Z</recSAFAReceiptTime>
  <recSAFATimeSync>true</recSAFATimeSync>
  <track>
    <trackNum>3303</trackNum>
    <mrtTime>2026-06-24T16:36:03.413Z</mrtTime>
    <status>active</status>
    <acAddress>a2bb10</acAddress>
    <xPos>776349</xPos>
    <yPos>394579</yPos>
    <lat>38.09678</lat>
    <lon>-90.05117</lon>
    <vVert>-2057</vVert>
    <vx>-131</vx>
    <vy>296</vy>
    <vVertRaw>-1404</vVertRaw>
    <vxRaw>-596</vxRaw>
    <vyRaw>1345</vyRaw>
    <frozen>0</frozen>
    <new>0</new>
    <pseudo>0</pseudo>
    <adsb>1</adsb>
    <reportedBeaconCode>1144</reportedBeaconCode>
    <reportedAltitude>13000</reportedAltitude>
  </track>
  <flightPlan>
    <sfpn>296</sfpn>
    <ocr>normal handoff</ocr>
    <rnav>1</rnav>
    <scratchPad1>VAR</scratchPad1>
    <cps>1N</cps>
    <runway>VAR</runway>
    <assignedBeaconCode>1144</assignedBeaconCode>
    <requestedAltitude>0</requestedAltitude>
    <assignedAltitude>10000</assignedAltitude>
    <category>F</category>
    <dbi></dbi>
    <acid>SWA733</acid>
    <acType>B737</acType>
    <entryFix>BOO</entryFix>
    <exitFix>STL</exitFix>
    <airport>STL</airport>
    <flightRules>IFR</flightRules>
    <rawFlightRules></rawFlightRules>
    <type>A</type>
    <ptdTime>1635</ptdTime>
    <status>active</status>
    <delete>0</delete>
    <suspended>0</suspended>
    <lld>NE</lld>
    <ECID>939</ECID>
    <eqptSuffix>unavailable</eqptSuffix>
  </flightPlan>
  <enhancedData>
    <eramGufi>KW461134Iw</eramGufi>
    <sfdpsGufi>us.fdps.2026-06-24T12:48:33Z.000/22/4Iw</sfdpsGufi>
    <departureAirport>KBWI</departureAirport>
    <destinationAirport>KSTL</destinationAirport>
  </enhancedData>
</record>

=== 16:36:05.079 MKE SWA1011 ===
<record>
  <recSeqNum>13580</recSeqNum>
  <recSrc>A</recSrc>
  <recType>210</recType>
  <recSTARSTimestamp>59764750</recSTARSTimestamp>
  <recSTARSSrcID>0</recSTARSSrcID>
  <recSTARSTimeSync>true</recSTARSTimeSync>
  <recSAFAReceiptTime>2026-06-24T16:36:04.791Z</recSAFAReceiptTime>
  <recSAFATimeSync>true</recSAFATimeSync>
  <track>
    <trackNum>3850</trackNum>
    <mrtTime>2026-06-24T16:36:04.433Z</mrtTime>
    <status>active</status>
    <acAddress>a528d6</acAddress>
    <xPos>826073</xPos>
    <yPos>449147</yPos>
    <lat>42.96217</lat>
    <lon>-87.82275</lon>
    <vVert>-609</vVert>
    <vx>-143</vx>
    <vy>-48</vy>
    <vVertRaw>-416</vVertRaw>
    <vxRaw>-653</vxRaw>
    <vyRaw>-217</vyRaw>
    <frozen>0</frozen>
    <new>0</new>
    <pseudo>0</pseudo>
    <adsb>1</adsb>
    <reportedBeaconCode>3706</reportedBeaconCode>
    <reportedAltitude>1700</reportedAltitude>
  </track>
  <flightPlan>
    <sfpn>1228</sfpn>
    <ocr>normal handoff</ocr>
    <rnav>0</rnav>
    <scratchPad1>I5L</scratchPad1>
    <cps>1E</cps>
    <runway>I5L</runway>
    <assignedBeaconCode>3706</assignedBeaconCode>
    <requestedAltitude>0</requestedAltitude>
    <assignedAltitude>14000</assignedAltitude>
    <category>F</category>
    <dbi></dbi>
    <acid>SWA1011</acid>
    <acType>B737</acType>
    <entryFix>SUD</entryFix>
    <exitFix>MKE</exitFix>
    <airport>MKE</airport>
    <flightRules>IFR</flightRules>
    <rawFlightRules></rawFlightRules>
    <type>A</type>
    <ptdTime>1627</ptdTime>
    <status>active</status>
    <delete>0</delete>
    <suspended>0</suspended>
    <lld>NW</lld>
    <ECID>440</ECID>
    <eqptSuffix>unavailable</eqptSuffix>
  </flightPlan>
  <enhancedData>
    <eramGufi>KW462664eL</eramGufi>
    <sfdpsGufi>us.fdps.2026-06-24T12:51:06Z.000/22/4eL</sfdpsGufi>
    <departureAirport>KBWI</departureAirport>
    <destinationAirport>KMKE</destinationAirport>
  </enhancedData>
</record>

=== 16:36:05.277 PCT DAL737 ===
<record>
  <recSeqNum>854</recSeqNum>
  <recSrc>A</recSrc>
  <recType>210</recType>
  <recSTARSTimestamp>59765080</recSTARSTimestamp>
  <recSTARSSrcID>0</recSTARSSrcID>
  <recSTARSTimeSync>true</recSTARSTimeSync>
  <recSAFAReceiptTime>2026-06-24T16:36:05.106Z</recSAFAReceiptTime>
  <recSAFATimeSync>true</recSAFATimeSync>
  <track>
    <trackNum>2569</trackNum>
    <mrtTime>2026-06-24T16:36:03.596Z</mrtTime>
    <status>active</status>
    <acAddress>a41c69</acAddress>
    <xPos>1011553</xPos>
    <yPos>314935</yPos>
    <lat>38.59756</lat>
    <lon>-77.01519</lon>
    <vVert>-984</vVert>
    <vx>-11</vx>
    <vy>180</vy>
    <vVertRaw>-672</vVertRaw>
    <vxRaw>-48</vxRaw>
    <vyRaw>821</vyRaw>
    <frozen>0</frozen>
    <new>0</new>
    <pseudo>0</pseudo>
    <adsb>1</adsb>
    <reportedBeaconCode>3352</reportedBeaconCode>
    <reportedAltitude>3400</reportedAltitude>
  </track>
  <flightPlan>
    <sfpn>1041</sfpn>
    <ocr>normal handoff</ocr>
    <rnav>0</rnav>
    <cps>1J</cps>
    <assignedBeaconCode>3352</assignedBeaconCode>
    <requestedAltitude>0</requestedAltitude>
    <assignedAltitude>13000</assignedAltitude>
    <category>F</category>
    <dbi></dbi>
    <acid>DAL737</acid>
    <acType>A320</acType>
    <entryFix>CAP</entryFix>
    <exitFix>DCA</exitFix>
    <airport>DCA</airport>
    <flightRules>IFR</flightRules>
    <rawFlightRules></rawFlightRules>
    <type>A</type>
    <ptdTime>1628</ptdTime>
    <status>active</status>
    <delete>0</delete>
    <suspended>0</suspended>
    <lld>NE</lld>
    <ECID>175</ECID>
    <eqptSuffix>unavailable</eqptSuffix>
  </flightPlan>
  <enhancedData>
    <eramGufi>KT510614Pn</eramGufi>
    <sfdpsGufi>us.fdps.2026-06-24T14:11:01Z.000/19/4Pn</sfdpsGufi>
    <departureAirport>KATL</departureAirport>
    <destinationAirport>KDCA</destinationAirport>
  </enhancedData>
</record>

=== 16:36:08.119 T75 SWA733 ===
<record>
  <recSeqNum>1488</recSeqNum>
  <recSrc>A</recSrc>
  <recType>210</recType>
  <recSTARSTimestamp>59767880</recSTARSTimestamp>
  <recSTARSSrcID>0</recSTARSSrcID>
  <recSTARSTimeSync>true</recSTARSTimeSync>
  <recSAFAReceiptTime>2026-06-24T16:36:07.912Z</recSAFAReceiptTime>
  <recSAFATimeSync>true</recSAFATimeSync>
  <track>
    <trackNum>3303</trackNum>
    <mrtTime>2026-06-24T16:36:07.489Z</mrtTime>
    <status>active</status>
    <acAddress>a2bb10</acAddress>
    <xPos>776311</xPos>
    <yPos>394665</yPos>
    <lat>38.10236</lat>
    <lon>-90.05431</lon>
    <vVert>-2060</vVert>
    <vx>-131</vx>
    <vy>295</vy>
    <vVertRaw>-1406</vVertRaw>
    <vxRaw>-596</vxRaw>
    <vyRaw>1344</vyRaw>
    <frozen>0</frozen>
    <new>0</new>
    <pseudo>0</pseudo>
    <adsb>1</adsb>
    <reportedBeaconCode>1144</reportedBeaconCode>
    <reportedAltitude>12800</reportedAltitude>
  </track>
  <flightPlan>
    <sfpn>296</sfpn>
    <ocr>normal handoff</ocr>
    <rnav>1</rnav>
    <scratchPad1>VAR</scratchPad1>
    <cps>1N</cps>
    <runway>VAR</runway>
    <assignedBeaconCode>1144</assignedBeaconCode>
    <requestedAltitude>0</requestedAltitude>
    <assignedAltitude>10000</assignedAltitude>
    <category>F</category>
    <dbi></dbi>
    <acid>SWA733</acid>
    <acType>B737</acType>
    <entryFix>BOO</entryFix>
    <exitFix>STL</exitFix>
    <airport>STL</airport>
    <flightRules>IFR</flightRules>
    <rawFlightRules></rawFlightRules>
    <type>A</type>
    <ptdTime>1635</ptdTime>
    <status>active</status>
    <delete>0</delete>
    <suspended>0</suspended>
    <lld>NE</lld>
    <ECID>939</ECID>
    <eqptSuffix>unavailable</eqptSuffix>
  </flightPlan>
  <enhancedData>
    <eramGufi>KW461134Iw</eramGufi>
    <sfdpsGufi>us.fdps.2026-06-24T12:48:33Z.000/22/4Iw</sfdpsGufi>
    <departureAirport>KBWI</departureAirport>
    <destinationAirport>KSTL</destinationAirport>
  </enhancedData>
</record>

=== 16:36:09.289 MKE SWA1011 ===
<record>
  <recSeqNum>13872</recSeqNum>
  <recSrc>A</recSrc>
  <recType>210</recType>
  <recSTARSTimestamp>59768800</recSTARSTimestamp>
  <recSTARSSrcID>0</recSTARSSrcID>
  <recSTARSTimeSync>true</recSTARSTimeSync>
  <recSAFAReceiptTime>2026-06-24T16:36:08.845Z</recSAFAReceiptTime>
  <recSAFATimeSync>true</recSAFATimeSync>
  <track>
    <trackNum>3850</trackNum>
    <mrtTime>2026-06-24T16:36:08.477Z</mrtTime>
    <status>active</status>
    <acAddress>a528d6</acAddress>
    <xPos>826034</xPos>
    <yPos>449135</yPos>
    <lat>42.96139</lat>
    <lon>-87.82619</lon>
    <vVert>-665</vVert>
    <vx>-138</vx>
    <vy>-46</vy>
    <vVertRaw>-454</vVertRaw>
    <vxRaw>-628</vxRaw>
    <vyRaw>-208</vyRaw>
    <frozen>0</frozen>
    <new>0</new>
    <pseudo>0</pseudo>
    <adsb>1</adsb>
    <reportedBeaconCode>3706</reportedBeaconCode>
    <reportedAltitude>1700</reportedAltitude>
  </track>
  <flightPlan>
    <sfpn>1228</sfpn>
    <ocr>normal handoff</ocr>
    <rnav>0</rnav>
    <scratchPad1>I5L</scratchPad1>
    <cps>1E</cps>
    <runway>I5L</runway>
    <assignedBeaconCode>3706</assignedBeaconCode>
    <requestedAltitude>0</requestedAltitude>
    <assignedAltitude>14000</assignedAltitude>
    <category>F</category>
    <dbi></dbi>
    <acid>SWA1011</acid>
    <acType>B737</acType>
    <entryFix>SUD</entryFix>
    <exitFix>MKE</exitFix>
    <airport>MKE</airport>
    <flightRules>IFR</flightRules>
    <rawFlightRules></rawFlightRules>
    <type>A</type>
    <ptdTime>1627</ptdTime>
    <status>active</status>
    <delete>0</delete>
    <suspended>0</suspended>
    <lld>NW</lld>
    <ECID>440</ECID>
    <eqptSuffix>unavailable</eqptSuffix>
  </flightPlan>
  <enhancedData>
    <eramGufi>KW462664eL</eramGufi>
    <sfdpsGufi>us.fdps.2026-06-24T12:51:06Z.000/22/4eL</sfdpsGufi>
    <departureAirport>KBWI</departureAirport>
    <destinationAirport>KMKE</destinationAirport>
  </enhancedData>
</record>

=== 16:36:12.305 T75 SWA733 ===
<record>
  <recSeqNum>1621</recSeqNum>
  <recSrc>A</recSrc>
  <recType>210</recType>
  <recSTARSTimestamp>59771930</recSTARSTimestamp>
  <recSTARSSrcID>0</recSTARSSrcID>
  <recSTARSTimeSync>true</recSTARSTimeSync>
  <recSAFAReceiptTime>2026-06-24T16:36:11.965Z</recSAFAReceiptTime>
  <recSAFATimeSync>true</recSAFATimeSync>
  <track>
    <trackNum>3303</trackNum>
    <mrtTime>2026-06-24T16:36:11.535Z</mrtTime>
    <status>active</status>
    <acAddress>a2bb10</acAddress>
    <xPos>776274</xPos>
    <yPos>394750</yPos>
    <lat>38.10789</lat>
    <lon>-90.05739</lon>
    <vVert>-2061</vVert>
    <vx>-130</vx>
    <vy>296</vy>
    <vVertRaw>-1407</vVertRaw>
    <vxRaw>-592</vxRaw>
    <vyRaw>1345</vyRaw>
    <frozen>0</frozen>
    <new>0</new>
    <pseudo>0</pseudo>
    <adsb>1</adsb>
    <reportedBeaconCode>1144</reportedBeaconCode>
    <reportedAltitude>12700</reportedAltitude>
  </track>
  <flightPlan>
    <sfpn>296</sfpn>
    <ocr>normal handoff</ocr>
    <rnav>1</rnav>
    <scratchPad1>VAR</scratchPad1>
    <cps>1N</cps>
    <runway>VAR</runway>
    <assignedBeaconCode>1144</assignedBeaconCode>
    <requestedAltitude>0</requestedAltitude>
    <assignedAltitude>10000</assignedAltitude>
    <category>F</category>
    <dbi></dbi>
    <acid>SWA733</acid>
    <acType>B737</acType>
    <entryFix>BOO</entryFix>
    <exitFix>STL</exitFix>
    <airport>STL</airport>
    <flightRules>IFR</flightRules>
    <rawFlightRules></rawFlightRules>
    <type>A</type>
    <ptdTime>1635</ptdTime>
    <status>active</status>
    <delete>0</delete>
    <suspended>0</suspended>
    <lld>NE</lld>
    <ECID>939</ECID>
    <eqptSuffix>unavailable</eqptSuffix>
  </flightPlan>
  <enhancedData>
    <eramGufi>KW461134Iw</eramGufi>
    <sfdpsGufi>us.fdps.2026-06-24T12:48:33Z.000/22/4Iw</sfdpsGufi>
    <departureAirport>KBWI</departureAirport>
    <destinationAirport>KSTL</destinationAirport>
  </enhancedData>
</record>

=== 16:36:14.356 PCT DAL737 ===
<record>
  <recSeqNum>2122</recSeqNum>
  <recSrc>A</recSrc>
  <recType>210</recType>
  <recSTARSTimestamp>59773930</recSTARSTimestamp>
  <recSTARSSrcID>0</recSTARSSrcID>
  <recSTARSTimeSync>true</recSTARSTimeSync>
  <recSAFAReceiptTime>2026-06-24T16:36:13.935Z</recSAFAReceiptTime>
  <recSAFATimeSync>true</recSAFATimeSync>
  <track>
    <trackNum>2569</trackNum>
    <mrtTime>2026-06-24T16:36:12.533Z</mrtTime>
    <status>active</status>
    <acAddress>a41c69</acAddress>
    <xPos>1011547</xPos>
    <yPos>315048</yPos>
    <lat>38.60494</lat>
    <lon>-77.01567</lon>
    <vVert>-990</vVert>
    <vx>-10</vx>
    <vy>179</vy>
    <vVertRaw>-676</vVertRaw>
    <vxRaw>-44</vxRaw>
    <vyRaw>814</vyRaw>
    <frozen>0</frozen>
    <new>0</new>
    <pseudo>0</pseudo>
    <adsb>1</adsb>
    <reportedBeaconCode>3352</reportedBeaconCode>
    <reportedAltitude>3300</reportedAltitude>
  </track>
  <flightPlan>
    <sfpn>1041</sfpn>
    <ocr>normal handoff</ocr>
    <rnav>0</rnav>
    <cps>1J</cps>
    <assignedBeaconCode>3352</assignedBeaconCode>
    <requestedAltitude>0</requestedAltitude>
    <assignedAltitude>13000</assignedAltitude>
    <category>F</category>
    <dbi></dbi>
    <acid>DAL737</acid>
    <acType>A320</acType>
    <entryFix>CAP</entryFix>
    <exitFix>DCA</exitFix>
    <airport>DCA</airport>
    <flightRules>IFR</flightRules>
    <rawFlightRules></rawFlightRules>
    <type>A</type>
    <ptdTime>1628</ptdTime>
    <status>active</status>
    <delete>0</delete>
    <suspended>0</suspended>
    <lld>NE</lld>
    <ECID>175</ECID>
    <eqptSuffix>unavailable</eqptSuffix>
  </flightPlan>
  <enhancedData>
    <eramGufi>KT510614Pn</eramGufi>
    <sfdpsGufi>us.fdps.2026-06-24T14:11:01Z.000/19/4Pn</sfdpsGufi>
    <departureAirport>KATL</departureAirport>
    <destinationAirport>KDCA</destinationAirport>
  </enhancedData>
</record>

=== 16:36:14.356 PCT DAL737 ===
<record>
  <recSeqNum>2129</recSeqNum>
  <recSrc>A</recSrc>
  <recType>210</recType>
  <recSTARSTimestamp>59774010</recSTARSTimestamp>
  <recSTARSSrcID>0</recSTARSSrcID>
  <recSTARSTimeSync>true</recSTARSTimeSync>
  <recSAFAReceiptTime>2026-06-24T16:36:14.035Z</recSAFAReceiptTime>
  <recSAFATimeSync>true</recSAFATimeSync>
  <track>
    <trackNum>2569</trackNum>
    <mrtTime>2026-06-24T16:36:13.533Z</mrtTime>
    <status>active</status>
    <acAddress>a41c69</acAddress>
    <xPos>1011546</xPos>
    <yPos>315061</yPos>
    <lat>38.60578</lat>
    <lon>-77.01575</lon>
    <vVert>-990</vVert>
    <vx>-9</vx>
    <vy>178</vy>
    <vVertRaw>-676</vVertRaw>
    <vxRaw>-42</vxRaw>
    <vyRaw>812</vyRaw>
    <frozen>0</frozen>
    <new>0</new>
    <pseudo>0</pseudo>
    <adsb>1</adsb>
    <reportedBeaconCode>3352</reportedBeaconCode>
    <reportedAltitude>3200</reportedAltitude>
  </track>
  <flightPlan>
    <sfpn>1041</sfpn>
    <ocr>normal handoff</ocr>
    <rnav>0</rnav>
    <cps>1J</cps>
    <assignedBeaconCode>3352</assignedBeaconCode>
    <requestedAltitude>0</requestedAltitude>
    <assignedAltitude>13000</assignedAltitude>
    <category>F</category>
    <dbi></dbi>
    <acid>DAL737</acid>
    <acType>A320</acType>
    <entryFix>CAP</entryFix>
    <exitFix>DCA</exitFix>
    <airport>DCA</airport>
    <flightRules>IFR</flightRules>
    <rawFlightRules></rawFlightRules>
    <type>A</type>
    <ptdTime>1628</ptdTime>
    <status>active</status>
    <delete>0</delete>
    <suspended>0</suspended>
    <lld>NE</lld>
    <ECID>175</ECID>
    <eqptSuffix>unavailable</eqptSuffix>
  </flightPlan>
  <enhancedData>
    <eramGufi>KT510614Pn</eramGufi>
    <sfdpsGufi>us.fdps.2026-06-24T14:11:01Z.000/19/4Pn</sfdpsGufi>
    <departureAirport>KATL</departureAirport>
    <destinationAirport>KDCA</destinationAirport>
  </enhancedData>
</record>

=== 16:36:17.216 T75 SWA733 ===
<record>
  <recSeqNum>1771</recSeqNum>
  <recSrc>A</recSrc>
  <recType>210</recType>
  <recSTARSTimestamp>59776740</recSTARSTimestamp>
  <recSTARSSrcID>0</recSTARSSrcID>
  <recSTARSTimeSync>true</recSTARSTimeSync>
  <recSAFAReceiptTime>2026-06-24T16:36:16.771Z</recSAFAReceiptTime>
  <recSAFATimeSync>true</recSAFATimeSync>
  <track>
    <trackNum>3303</trackNum>
    <mrtTime>2026-06-24T16:36:16.393Z</mrtTime>
    <status>active</status>
    <acAddress>a2bb10</acAddress>
    <xPos>776232</xPos>
    <yPos>394853</yPos>
    <lat>38.11461</lat>
    <lon>-90.06086</lon>
    <vVert>-2064</vVert>
    <vx>-125</vx>
    <vy>297</vy>
    <vVertRaw>-1409</vVertRaw>
    <vxRaw>-568</vxRaw>
    <vyRaw>1353</vyRaw>
    <frozen>0</frozen>
    <new>0</new>
    <pseudo>0</pseudo>
    <adsb>1</adsb>
    <reportedBeaconCode>1144</reportedBeaconCode>
    <reportedAltitude>12500</reportedAltitude>
  </track>
  <flightPlan>
    <sfpn>296</sfpn>
    <ocr>normal handoff</ocr>
    <rnav>1</rnav>
    <scratchPad1>VAR</scratchPad1>
    <cps>1N</cps>
    <runway>VAR</runway>
    <assignedBeaconCode>1144</assignedBeaconCode>
    <requestedAltitude>0</requestedAltitude>
    <assignedAltitude>10000</assignedAltitude>
    <category>F</category>
    <dbi></dbi>
    <acid>SWA733</acid>
    <acType>B737</acType>
    <entryFix>BOO</entryFix>
    <exitFix>STL</exitFix>
    <airport>STL</airport>
    <flightRules>IFR</flightRules>
    <rawFlightRules></rawFlightRules>
    <type>A</type>
    <ptdTime>1635</ptdTime>
    <status>active</status>
    <delete>0</delete>
    <suspended>0</suspended>
    <lld>NE</lld>
    <ECID>939</ECID>
    <eqptSuffix>unavailable</eqptSuffix>
  </flightPlan>
  <enhancedData>
    <eramGufi>KW461134Iw</eramGufi>
    <sfdpsGufi>us.fdps.2026-06-24T12:48:33Z.000/22/4Iw</sfdpsGufi>
    <departureAirport>KBWI</departureAirport>
    <destinationAirport>KSTL</destinationAirport>
  </enhancedData>
</record>

=== 16:36:25.982 T75 SWA733 ===
<record>
  <recSeqNum>2055</recSeqNum>
  <recSrc>A</recSrc>
  <recType>210</recType>
  <recSTARSTimestamp>59785590</recSTARSTimestamp>
  <recSTARSSrcID>0</recSTARSSrcID>
  <recSTARSTimeSync>true</recSTARSTimeSync>
  <recSAFAReceiptTime>2026-06-24T16:36:25.630Z</recSAFAReceiptTime>
  <recSAFATimeSync>true</recSAFATimeSync>
  <track>
    <trackNum>3303</trackNum>
    <mrtTime>2026-06-24T16:36:25.257Z</mrtTime>
    <status>active</status>
    <acAddress>a2bb10</acAddress>
    <xPos>776172</xPos>
    <yPos>395048</yPos>
    <lat>38.12731</lat>
    <lon>-90.06586</lon>
    <vVert>-2073</vVert>
    <vx>-86</vx>
    <vy>312</vy>
    <vVertRaw>-1415</vVertRaw>
    <vxRaw>-393</vxRaw>
    <vyRaw>1418</vyRaw>
    <frozen>0</frozen>
    <new>0</new>
    <pseudo>0</pseudo>
    <adsb>1</adsb>
    <reportedBeaconCode>1144</reportedBeaconCode>
    <reportedAltitude>12200</reportedAltitude>
  </track>
  <flightPlan>
    <sfpn>296</sfpn>
    <ocr>normal handoff</ocr>
    <rnav>1</rnav>
    <scratchPad1>VAR</scratchPad1>
    <cps>1N</cps>
    <runway>VAR</runway>
    <assignedBeaconCode>1144</assignedBeaconCode>
    <requestedAltitude>0</requestedAltitude>
    <assignedAltitude>10000</assignedAltitude>
    <category>F</category>
    <dbi></dbi>
    <acid>SWA733</acid>
    <acType>B737</acType>
    <entryFix>BOO</entryFix>
    <exitFix>STL</exitFix>
    <airport>STL</airport>
    <flightRules>IFR</flightRules>
    <rawFlightRules></rawFlightRules>
    <type>A</type>
    <ptdTime>1635</ptdTime>
    <status>active</status>
    <delete>0</delete>
    <suspended>0</suspended>
    <lld>NE</lld>
    <ECID>939</ECID>
    <eqptSuffix>unavailable</eqptSuffix>
  </flightPlan>
  <enhancedData>
    <eramGufi>KW461134Iw</eramGufi>
    <sfdpsGufi>us.fdps.2026-06-24T12:48:33Z.000/22/4Iw</sfdpsGufi>
    <departureAirport>KBWI</departureAirport>
    <destinationAirport>KSTL</destinationAirport>
  </enhancedData>
</record>

=== 16:36:26.464 CID ENY3462 ===
<record>
  <recSeqNum>33800</recSeqNum>
  <recSrc>A</recSrc>
  <recType>210</recType>
  <recSTARSTimestamp>59786080</recSTARSTimestamp>
  <recSTARSSrcID>0</recSTARSSrcID>
  <recSTARSTimeSync>true</recSTARSTimeSync>
  <recSAFAReceiptTime>2026-06-24T16:36:26.122Z</recSAFAReceiptTime>
  <recSAFATimeSync>true</recSAFATimeSync>
  <track>
    <trackNum>344</trackNum>
    <mrtTime>2026-06-24T16:36:23.523Z</mrtTime>
    <status>active</status>
    <acAddress>000000</acAddress>
    <xPos>771137</xPos>
    <yPos>451143</yPos>
    <lat>41.30069</lat>
    <lon>-90.06672</lon>
    <vVert>-1830</vVert>
    <vx>-352</vx>
    <vy>162</vy>
    <vVertRaw>-1249</vVertRaw>
    <vxRaw>-1601</vxRaw>
    <vyRaw>739</vyRaw>
    <frozen>0</frozen>
    <new>0</new>
    <pseudo>0</pseudo>
    <adsb>0</adsb>
    <reportedBeaconCode>6504</reportedBeaconCode>
    <reportedAltitude>23900</reportedAltitude>
  </track>
  <flightPlan>
    <sfpn>626</sfpn>
    <ocr>pending</ocr>
    <rnav>0</rnav>
    <scratchPad1>CID</scratchPad1>
    <cps>1T</cps>
    <runway>CID</runway>
    <assignedBeaconCode>6504</assignedBeaconCode>
    <requestedAltitude>0</requestedAltitude>
    <assignedAltitude>29000</assignedAltitude>
    <category>G</category>
    <dbi></dbi>
    <acid>ENY3462</acid>
    <acType>E170</acType>
    <entryFix>MLI</entryFix>
    <exitFix>CID</exitFix>
    <airport>CID</airport>
    <flightRules>IFR</flightRules>
    <rawFlightRules></rawFlightRules>
    <type>A</type>
    <ptdTime>1647</ptdTime>
    <status>active</status>
    <delete>0</delete>
    <suspended>0</suspended>
    <lld>N</lld>
    <ECID>939</ECID>
    <eqptSuffix>unavailable</eqptSuffix>
  </flightPlan>
  <enhancedData>
    <eramGufi>KW489174kj</eramGufi>
    <sfdpsGufi>us.fdps.2026-06-24T13:35:17Z.000/22/4kj</sfdpsGufi>
    <departureAirport>KDCA</departureAirport>
    <destinationAirport>KCID</destinationAirport>
  </enhancedData>
</record>

=== 16:36:30.985 MKE SWA1011 ===
<record>
  <recSeqNum>15229</recSeqNum>
  <recSrc>A</recSrc>
  <recType>210</recType>
  <recSTARSTimestamp>59790690</recSTARSTimestamp>
  <recSTARSSrcID>0</recSTARSSrcID>
  <recSTARSTimeSync>true</recSTARSTimeSync>
  <recSAFAReceiptTime>2026-06-24T16:36:30.727Z</recSAFAReceiptTime>
  <recSAFATimeSync>true</recSAFATimeSync>
  <track>
    <trackNum>3850</trackNum>
    <mrtTime>2026-06-24T16:36:30.342Z</mrtTime>
    <status>active</status>
    <acAddress>a528d6</acAddress>
    <xPos>825835</xPos>
    <yPos>449068</yPos>
    <lat>42.95706</lat>
    <lon>-87.84386</lon>
    <vVert>-794</vVert>
    <vx>-127</vx>
    <vy>-44</vy>
    <vVertRaw>-542</vVertRaw>
    <vxRaw>-579</vxRaw>
    <vyRaw>-200</vyRaw>
    <frozen>0</frozen>
    <new>0</new>
    <pseudo>0</pseudo>
    <adsb>1</adsb>
    <reportedBeaconCode>3706</reportedBeaconCode>
    <reportedAltitude>1400</reportedAltitude>
  </track>
  <flightPlan>
    <sfpn>1228</sfpn>
    <ocr>normal handoff</ocr>
    <rnav>0</rnav>
    <scratchPad1>I5L</scratchPad1>
    <cps>1E</cps>
    <runway>I5L</runway>
    <assignedBeaconCode>3706</assignedBeaconCode>
    <requestedAltitude>0</requestedAltitude>
    <assignedAltitude>14000</assignedAltitude>
    <category>F</category>
    <dbi></dbi>
    <acid>SWA1011</acid>
    <acType>B737</acType>
    <entryFix>SUD</entryFix>
    <exitFix>MKE</exitFix>
    <airport>MKE</airport>
    <flightRules>IFR</flightRules>
    <rawFlightRules></rawFlightRules>
    <type>A</type>
    <ptdTime>1627</ptdTime>
    <status>active</status>
    <delete>0</delete>
    <suspended>0</suspended>
    <lld>NW</lld>
    <ECID>440</ECID>
    <eqptSuffix>unavailable</eqptSuffix>
  </flightPlan>
  <enhancedData>
    <eramGufi>KW462664eL</eramGufi>
    <sfdpsGufi>us.fdps.2026-06-24T12:51:06Z.000/22/4eL</sfdpsGufi>
    <departureAirport>KBWI</departureAirport>
    <destinationAirport>KMKE</destinationAirport>
  </enhancedData>
</record>

=== 16:36:32.017 PCT DAL737 ===
<record>
  <recSeqNum>4171</recSeqNum>
  <recSrc>A</recSrc>
  <recType>210</recType>
  <recSTARSTimestamp>59791490</recSTARSTimestamp>
  <recSTARSSrcID>0</recSTARSSrcID>
  <recSTARSTimeSync>true</recSTARSTimeSync>
  <recSAFAReceiptTime>2026-06-24T16:36:31.502Z</recSAFAReceiptTime>
  <recSAFATimeSync>true</recSAFATimeSync>
  <track>
    <trackNum>2569</trackNum>
    <mrtTime>2026-06-24T16:36:30.493Z</mrtTime>
    <status>active</status>
    <acAddress>a41c69</acAddress>
    <xPos>1011538</xPos>
    <yPos>315274</yPos>
    <lat>38.61967</lat>
    <lon>-77.01636</lon>
    <vVert>-587</vVert>
    <vx>-7</vx>
    <vy>177</vy>
    <vVertRaw>-401</vVertRaw>
    <vxRaw>-33</vxRaw>
    <vyRaw>807</vyRaw>
    <frozen>0</frozen>
    <new>0</new>
    <pseudo>0</pseudo>
    <adsb>1</adsb>
    <reportedBeaconCode>3352</reportedBeaconCode>
    <reportedAltitude>3000</reportedAltitude>
  </track>
  <flightPlan>
    <sfpn>1041</sfpn>
    <ocr>normal handoff</ocr>
    <rnav>0</rnav>
    <cps>1J</cps>
    <assignedBeaconCode>3352</assignedBeaconCode>
    <requestedAltitude>0</requestedAltitude>
    <assignedAltitude>13000</assignedAltitude>
    <category>F</category>
    <dbi></dbi>
    <acid>DAL737</acid>
    <acType>A320</acType>
    <entryFix>CAP</entryFix>
    <exitFix>DCA</exitFix>
    <airport>DCA</airport>
    <flightRules>IFR</flightRules>
    <rawFlightRules></rawFlightRules>
    <type>A</type>
    <ptdTime>1628</ptdTime>
    <status>active</status>
    <delete>0</delete>
    <suspended>0</suspended>
    <lld>NE</lld>
    <ECID>175</ECID>
    <eqptSuffix>unavailable</eqptSuffix>
  </flightPlan>
  <enhancedData>
    <eramGufi>KT510614Pn</eramGufi>
    <sfdpsGufi>us.fdps.2026-06-24T14:11:01Z.000/19/4Pn</sfdpsGufi>
    <departureAirport>KATL</departureAirport>
    <destinationAirport>KDCA</destinationAirport>
  </enhancedData>
</record>

=== 16:36:39.431 CID ENY3462 ===
<record>
  <recSeqNum>34181</recSeqNum>
  <recSrc>A</recSrc>
  <recType>210</recType>
  <recSTARSTimestamp>59799130</recSTARSTimestamp>
  <recSTARSSrcID>0</recSTARSSrcID>
  <recSTARSTimeSync>true</recSTARSTimeSync>
  <recSAFAReceiptTime>2026-06-24T16:36:39.140Z</recSAFAReceiptTime>
  <recSAFATimeSync>true</recSAFATimeSync>
  <track>
    <trackNum>344</trackNum>
    <mrtTime>2026-06-24T16:36:37.958Z</mrtTime>
    <status>active</status>
    <acAddress>000000</acAddress>
    <xPos>770781</xPos>
    <yPos>451307</yPos>
    <lat>41.31181</lat>
    <lon>-90.09722</lon>
    <vVert>-1825</vVert>
    <vx>-349</vx>
    <vy>161</vy>
    <vVertRaw>-1246</vVertRaw>
    <vxRaw>-1590</vxRaw>
    <vyRaw>733</vyRaw>
    <frozen>0</frozen>
    <new>0</new>
    <pseudo>0</pseudo>
    <adsb>0</adsb>
    <reportedBeaconCode>6504</reportedBeaconCode>
    <reportedAltitude>23500</reportedAltitude>
  </track>
  <flightPlan>
    <sfpn>626</sfpn>
    <ocr>pending</ocr>
    <rnav>0</rnav>
    <scratchPad1>CID</scratchPad1>
    <cps>1T</cps>
    <runway>CID</runway>
    <assignedBeaconCode>6504</assignedBeaconCode>
    <requestedAltitude>0</requestedAltitude>
    <assignedAltitude>29000</assignedAltitude>
    <category>G</category>
    <dbi></dbi>
    <acid>ENY3462</acid>
    <acType>E170</acType>
    <entryFix>MLI</entryFix>
    <exitFix>CID</exitFix>
    <airport>CID</airport>
    <flightRules>IFR</flightRules>
    <rawFlightRules></rawFlightRules>
    <type>A</type>
    <ptdTime>1647</ptdTime>
    <status>active</status>
    <delete>0</delete>
    <suspended>0</suspended>
    <lld>N</lld>
    <ECID>939</ECID>
    <eqptSuffix>unavailable</eqptSuffix>
  </flightPlan>
  <enhancedData>
    <eramGufi>KW489174kj</eramGufi>
    <sfdpsGufi>us.fdps.2026-06-24T13:35:17Z.000/22/4kj</sfdpsGufi>
    <departureAirport>KDCA</departureAirport>
    <destinationAirport>KCID</destinationAirport>
  </enhancedData>
</record>

=== 16:36:44.280 MKE SWA1011 ===
<record>
  <recSeqNum>16054</recSeqNum>
  <recSrc>A</recSrc>
  <recType>210</recType>
  <recSTARSTimestamp>59803740</recSTARSTimestamp>
  <recSTARSSrcID>0</recSTARSSrcID>
  <recSTARSTimeSync>true</recSTARSTimeSync>
  <recSAFAReceiptTime>2026-06-24T16:36:43.756Z</recSAFAReceiptTime>
  <recSAFATimeSync>true</recSAFATimeSync>
  <track>
    <trackNum>3850</trackNum>
    <mrtTime>2026-06-24T16:36:43.366Z</mrtTime>
    <status>active</status>
    <acAddress>a528d6</acAddress>
    <xPos>825717</xPos>
    <yPos>449025</yPos>
    <lat>42.95425</lat>
    <lon>-87.85433</lon>
    <vVert>-661</vVert>
    <vx>-128</vx>
    <vy>-45</vy>
    <vVertRaw>-451</vVertRaw>
    <vxRaw>-581</vxRaw>
    <vyRaw>-207</vyRaw>
    <frozen>0</frozen>
    <new>0</new>
    <pseudo>0</pseudo>
    <adsb>1</adsb>
    <reportedBeaconCode>3706</reportedBeaconCode>
    <reportedAltitude>1200</reportedAltitude>
  </track>
  <flightPlan>
    <sfpn>1228</sfpn>
    <ocr>normal handoff</ocr>
    <rnav>0</rnav>
    <scratchPad1>I5L</scratchPad1>
    <cps>1E</cps>
    <runway>I5L</runway>
    <assignedBeaconCode>3706</assignedBeaconCode>
    <requestedAltitude>0</requestedAltitude>
    <assignedAltitude>14000</assignedAltitude>
    <category>F</category>
    <dbi></dbi>
    <acid>SWA1011</acid>
    <acType>B737</acType>
    <entryFix>SUD</entryFix>
    <exitFix>MKE</exitFix>
    <airport>MKE</airport>
    <flightRules>IFR</flightRules>
    <rawFlightRules></rawFlightRules>
    <type>A</type>
    <ptdTime>1627</ptdTime>
    <status>active</status>
    <delete>0</delete>
    <suspended>0</suspended>
    <lld>NW</lld>
    <ECID>440</ECID>
    <eqptSuffix>unavailable</eqptSuffix>
  </flightPlan>
  <enhancedData>
    <eramGufi>KW462664eL</eramGufi>
    <sfdpsGufi>us.fdps.2026-06-24T12:51:06Z.000/22/4eL</sfdpsGufi>
    <departureAirport>KBWI</departureAirport>
    <destinationAirport>KMKE</destinationAirport>
  </enhancedData>
</record>

=== 16:36:44.313 CID ENY3462 ===
<record>
  <recSeqNum>34319</recSeqNum>
  <recSrc>A</recSrc>
  <recType>210</recType>
  <recSTARSTimestamp>59803930</recSTARSTimestamp>
  <recSTARSSrcID>0</recSTARSSrcID>
  <recSTARSTimeSync>true</recSTARSTimeSync>
  <recSAFAReceiptTime>2026-06-24T16:36:43.948Z</recSAFAReceiptTime>
  <recSAFATimeSync>true</recSAFATimeSync>
  <track>
    <trackNum>344</trackNum>
    <mrtTime>2026-06-24T16:36:42.734Z</mrtTime>
    <status>active</status>
    <acAddress>000000</acAddress>
    <xPos>770663</xPos>
    <yPos>451361</yPos>
    <lat>41.31547</lat>
    <lon>-90.10731</lon>
    <vVert>-1813</vVert>
    <vx>-349</vx>
    <vy>161</vy>
    <vVertRaw>-1238</vVertRaw>
    <vxRaw>-1587</vxRaw>
    <vyRaw>732</vyRaw>
    <frozen>0</frozen>
    <new>0</new>
    <pseudo>0</pseudo>
    <adsb>0</adsb>
    <reportedBeaconCode>6504</reportedBeaconCode>
    <reportedAltitude>23400</reportedAltitude>
  </track>
  <flightPlan>
    <sfpn>626</sfpn>
    <ocr>pending</ocr>
    <rnav>0</rnav>
    <scratchPad1>CID</scratchPad1>
    <cps>1T</cps>
    <runway>CID</runway>
    <assignedBeaconCode>6504</assignedBeaconCode>
    <requestedAltitude>0</requestedAltitude>
    <assignedAltitude>29000</assignedAltitude>
    <category>G</category>
    <dbi></dbi>
    <acid>ENY3462</acid>
    <acType>E170</acType>
    <entryFix>MLI</entryFix>
    <exitFix>CID</exitFix>
    <airport>CID</airport>
    <flightRules>IFR</flightRules>
    <rawFlightRules></rawFlightRules>
    <type>A</type>
    <ptdTime>1647</ptdTime>
    <status>active</status>
    <delete>0</delete>
    <suspended>0</suspended>
    <lld>N</lld>
    <ECID>939</ECID>
    <eqptSuffix>unavailable</eqptSuffix>
  </flightPlan>
  <enhancedData>
    <eramGufi>KW489174kj</eramGufi>
    <sfdpsGufi>us.fdps.2026-06-24T13:35:17Z.000/22/4kj</sfdpsGufi>
    <departureAirport>KDCA</departureAirport>
    <destinationAirport>KCID</destinationAirport>
  </enhancedData>
</record>

=== 16:36:44.313 CID ENY3462 ===
<record>
  <recSeqNum>34323</recSeqNum>
  <recSrc>A</recSrc>
  <recType>210</recType>
  <recSTARSTimestamp>59804070</recSTARSTimestamp>
  <recSTARSSrcID>0</recSTARSSrcID>
  <recSTARSTimeSync>true</recSTARSTimeSync>
  <recSAFAReceiptTime>2026-06-24T16:36:44.089Z</recSAFAReceiptTime>
  <recSAFATimeSync>true</recSAFATimeSync>
  <track>
    <trackNum>344</trackNum>
    <mrtTime>2026-06-24T16:36:42.734Z</mrtTime>
    <status>active</status>
    <acAddress>000000</acAddress>
    <xPos>770663</xPos>
    <yPos>451361</yPos>
    <lat>41.31547</lat>
    <lon>-90.10731</lon>
    <vVert>-1813</vVert>
    <vx>-349</vx>
    <vy>161</vy>
    <vVertRaw>-1238</vVertRaw>
    <vxRaw>-1587</vxRaw>
    <vyRaw>732</vyRaw>
    <frozen>0</frozen>
    <new>0</new>
    <pseudo>0</pseudo>
    <adsb>0</adsb>
    <reportedBeaconCode>6504</reportedBeaconCode>
    <reportedAltitude>23400</reportedAltitude>
  </track>
  <flightPlan>
    <sfpn>626</sfpn>
    <ocr>pending</ocr>
    <rnav>0</rnav>
    <scratchPad1>CID</scratchPad1>
    <cps>1T</cps>
    <runway>CID</runway>
    <assignedBeaconCode>6504</assignedBeaconCode>
    <requestedAltitude>0</requestedAltitude>
    <assignedAltitude>29000</assignedAltitude>
    <category>G</category>
    <dbi></dbi>
    <acid>ENY3462</acid>
    <acType>E170</acType>
    <entryFix>MLI</entryFix>
    <exitFix>CID</exitFix>
    <airport>CID</airport>
    <flightRules>IFR</flightRules>
    <rawFlightRules></rawFlightRules>
    <type>A</type>
    <ptdTime>1647</ptdTime>
    <status>active</status>
    <delete>0</delete>
    <suspended>0</suspended>
    <lld>N</lld>
    <ECID>939</ECID>
    <eqptSuffix>unavailable</eqptSuffix>
  </flightPlan>
  <enhancedData>
    <eramGufi>KW489174kj</eramGufi>
    <sfdpsGufi>us.fdps.2026-06-24T13:35:17Z.000/22/4kj</sfdpsGufi>
    <departureAirport>KDCA</departureAirport>
    <destinationAirport>KCID</destinationAirport>
  </enhancedData>
</record>

=== 16:36:48.855 MKE SWA1011 ===
<record>
  <recSeqNum>16316</recSeqNum>
  <recSrc>A</recSrc>
  <recType>210</recType>
  <recSTARSTimestamp>59808530</recSTARSTimestamp>
  <recSTARSSrcID>0</recSTARSSrcID>
  <recSTARSTimeSync>true</recSTARSTimeSync>
  <recSAFAReceiptTime>2026-06-24T16:36:48.556Z</recSAFAReceiptTime>
  <recSAFATimeSync>true</recSAFATimeSync>
  <track>
    <trackNum>3850</trackNum>
    <mrtTime>2026-06-24T16:36:48.212Z</mrtTime>
    <status>active</status>
    <acAddress>a528d6</acAddress>
    <xPos>825672</xPos>
    <yPos>449010</yPos>
    <lat>42.95328</lat>
    <lon>-87.85831</lon>
    <vVert>-665</vVert>
    <vx>-129</vx>
    <vy>-44</vy>
    <vVertRaw>-454</vVertRaw>
    <vxRaw>-586</vxRaw>
    <vyRaw>-200</vyRaw>
    <frozen>0</frozen>
    <new>0</new>
    <pseudo>0</pseudo>
    <adsb>1</adsb>
    <reportedBeaconCode>3706</reportedBeaconCode>
    <reportedAltitude>1200</reportedAltitude>
  </track>
  <flightPlan>
    <sfpn>1228</sfpn>
    <ocr>normal handoff</ocr>
    <rnav>0</rnav>
    <scratchPad1>I5L</scratchPad1>
    <cps>1E</cps>
    <runway>I5L</runway>
    <assignedBeaconCode>3706</assignedBeaconCode>
    <requestedAltitude>0</requestedAltitude>
    <assignedAltitude>14000</assignedAltitude>
    <category>F</category>
    <dbi></dbi>
    <acid>SWA1011</acid>
    <acType>B737</acType>
    <entryFix>SUD</entryFix>
    <exitFix>MKE</exitFix>
    <airport>MKE</airport>
    <flightRules>IFR</flightRules>
    <rawFlightRules></rawFlightRules>
    <type>A</type>
    <ptdTime>1627</ptdTime>
    <status>active</status>
    <delete>0</delete>
    <suspended>0</suspended>
    <lld>NW</lld>
    <ECID>440</ECID>
    <eqptSuffix>unavailable</eqptSuffix>
  </flightPlan>
  <enhancedData>
    <eramGufi>KW462664eL</eramGufi>
    <sfdpsGufi>us.fdps.2026-06-24T12:51:06Z.000/22/4eL</sfdpsGufi>
    <departureAirport>KBWI</departureAirport>
    <destinationAirport>KMKE</destinationAirport>
  </enhancedData>
</record>

=== 16:36:48.973 PCT DAL737 ===
<record>
  <recSeqNum>6226</recSeqNum>
  <recSrc>A</recSrc>
  <recType>210</recType>
  <recSTARSTimestamp>59808580</recSTARSTimestamp>
  <recSTARSSrcID>0</recSTARSSrcID>
  <recSTARSTimeSync>true</recSTARSTimeSync>
  <recSAFAReceiptTime>2026-06-24T16:36:48.623Z</recSAFAReceiptTime>
  <recSAFATimeSync>true</recSAFATimeSync>
  <track>
    <trackNum>2569</trackNum>
    <mrtTime>2026-06-24T16:36:48.259Z</mrtTime>
    <status>active</status>
    <acAddress>a41c69</acAddress>
    <xPos>1011526</xPos>
    <yPos>315490</yPos>
    <lat>38.63375</lat>
    <lon>-77.01733</lon>
    <vVert>158</vVert>
    <vx>-11</vx>
    <vy>165</vy>
    <vVertRaw>108</vVertRaw>
    <vxRaw>-49</vxRaw>
    <vyRaw>750</vyRaw>
    <frozen>0</frozen>
    <new>0</new>
    <pseudo>0</pseudo>
    <adsb>1</adsb>
    <reportedBeaconCode>3352</reportedBeaconCode>
    <reportedAltitude>3000</reportedAltitude>
  </track>
  <flightPlan>
    <sfpn>1041</sfpn>
    <ocr>normal handoff</ocr>
    <rnav>0</rnav>
    <cps>1J</cps>
    <assignedBeaconCode>3352</assignedBeaconCode>
    <requestedAltitude>0</requestedAltitude>
    <assignedAltitude>13000</assignedAltitude>
    <category>F</category>
    <dbi></dbi>
    <acid>DAL737</acid>
    <acType>A320</acType>
    <entryFix>CAP</entryFix>
    <exitFix>DCA</exitFix>
    <airport>DCA</airport>
    <flightRules>IFR</flightRules>
    <rawFlightRules></rawFlightRules>
    <type>A</type>
    <ptdTime>1628</ptdTime>
    <status>active</status>
    <delete>0</delete>
    <suspended>0</suspended>
    <lld>NE</lld>
    <ECID>175</ECID>
    <eqptSuffix>unavailable</eqptSuffix>
  </flightPlan>
  <enhancedData>
    <eramGufi>KT510614Pn</eramGufi>
    <sfdpsGufi>us.fdps.2026-06-24T14:11:01Z.000/19/4Pn</sfdpsGufi>
    <departureAirport>KATL</departureAirport>
    <destinationAirport>KDCA</destinationAirport>
  </enhancedData>
</record>

=== 16:36:49.233 CID ENY3462 ===
<record>
  <recSeqNum>34467</recSeqNum>
  <recSrc>A</recSrc>
  <recType>210</recType>
  <recSTARSTimestamp>59808880</recSTARSTimestamp>
  <recSTARSSrcID>0</recSTARSSrcID>
  <recSTARSTimeSync>true</recSTARSTimeSync>
  <recSAFAReceiptTime>2026-06-24T16:36:48.898Z</recSAFAReceiptTime>
  <recSAFATimeSync>true</recSAFATimeSync>
  <track>
    <trackNum>344</trackNum>
    <mrtTime>2026-06-24T16:36:47.681Z</mrtTime>
    <status>active</status>
    <acAddress>000000</acAddress>
    <xPos>770543</xPos>
    <yPos>451416</yPos>
    <lat>41.31919</lat>
    <lon>-90.11758</lon>
    <vVert>-1812</vVert>
    <vx>-347</vx>
    <vy>160</vy>
    <vVertRaw>-1237</vVertRaw>
    <vxRaw>-1580</vxRaw>
    <vyRaw>728</vyRaw>
    <frozen>0</frozen>
    <new>0</new>
    <pseudo>0</pseudo>
    <adsb>0</adsb>
    <reportedBeaconCode>6504</reportedBeaconCode>
    <reportedAltitude>23200</reportedAltitude>
  </track>
  <flightPlan>
    <sfpn>626</sfpn>
    <ocr>pending</ocr>
    <rnav>0</rnav>
    <scratchPad1>CID</scratchPad1>
    <cps>1T</cps>
    <runway>CID</runway>
    <assignedBeaconCode>6504</assignedBeaconCode>
    <requestedAltitude>0</requestedAltitude>
    <assignedAltitude>29000</assignedAltitude>
    <category>G</category>
    <dbi></dbi>
    <acid>ENY3462</acid>
    <acType>E170</acType>
    <entryFix>MLI</entryFix>
    <exitFix>CID</exitFix>
    <airport>CID</airport>
    <flightRules>IFR</flightRules>
    <rawFlightRules></rawFlightRules>
    <type>A</type>
    <ptdTime>1647</ptdTime>
    <status>active</status>
    <delete>0</delete>
    <suspended>0</suspended>
    <lld>N</lld>
    <ECID>939</ECID>
    <eqptSuffix>unavailable</eqptSuffix>
  </flightPlan>
  <enhancedData>
    <eramGufi>KW489174kj</eramGufi>
    <sfdpsGufi>us.fdps.2026-06-24T13:35:17Z.000/22/4kj</sfdpsGufi>
    <departureAirport>KDCA</departureAirport>
    <destinationAirport>KCID</destinationAirport>
  </enhancedData>
</record>

=== 16:36:50.600 CID ENY3462 ===
<record>
  <recSeqNum>34508</recSeqNum>
  <recSrc>A</recSrc>
  <recType>210</recType>
  <recSTARSTimestamp>59810120</recSTARSTimestamp>
  <recSTARSSrcID>0</recSTARSSrcID>
  <recSTARSTimeSync>true</recSTARSTimeSync>
  <recSAFAReceiptTime>2026-06-24T16:36:50.155Z</recSAFAReceiptTime>
  <recSAFATimeSync>true</recSAFATimeSync>
  <track>
    <trackNum>344</trackNum>
    <mrtTime>2026-06-24T16:36:47.681Z</mrtTime>
    <status>active</status>
    <acAddress>000000</acAddress>
    <xPos>770543</xPos>
    <yPos>451416</yPos>
    <lat>41.31919</lat>
    <lon>-90.11758</lon>
    <vVert>-1812</vVert>
    <vx>-347</vx>
    <vy>160</vy>
    <vVertRaw>-1237</vVertRaw>
    <vxRaw>-1580</vxRaw>
    <vyRaw>728</vyRaw>
    <frozen>0</frozen>
    <new>0</new>
    <pseudo>0</pseudo>
    <adsb>0</adsb>
    <reportedBeaconCode>6504</reportedBeaconCode>
    <reportedAltitude>23200</reportedAltitude>
  </track>
  <flightPlan>
    <sfpn>626</sfpn>
    <ocr>pending</ocr>
    <rnav>0</rnav>
    <scratchPad1>CID</scratchPad1>
    <cps>1T</cps>
    <runway>CID</runway>
    <assignedBeaconCode>6504</assignedBeaconCode>
    <requestedAltitude>0</requestedAltitude>
    <assignedAltitude>29000</assignedAltitude>
    <category>G</category>
    <dbi></dbi>
    <acid>ENY3462</acid>
    <acType>E170</acType>
    <entryFix>MLI</entryFix>
    <exitFix>CID</exitFix>
    <airport>CID</airport>
    <flightRules>IFR</flightRules>
    <rawFlightRules></rawFlightRules>
    <type>A</type>
    <ptdTime>1647</ptdTime>
    <status>active</status>
    <delete>0</delete>
    <suspended>0</suspended>
    <lld>N</lld>
    <ECID>939</ECID>
    <eqptSuffix>unavailable</eqptSuffix>
  </flightPlan>
  <enhancedData>
    <eramGufi>KW489174kj</eramGufi>
    <sfdpsGufi>us.fdps.2026-06-24T13:35:17Z.000/22/4kj</sfdpsGufi>
    <departureAirport>KDCA</departureAirport>
    <destinationAirport>KCID</destinationAirport>
  </enhancedData>
</record>

=== 16:36:51.208 T75 SWA733 ===
<record>
  <recSeqNum>2898</recSeqNum>
  <recSrc>A</recSrc>
  <recType>210</recType>
  <recSTARSTimestamp>59810940</recSTARSTimestamp>
  <recSTARSSrcID>0</recSTARSSrcID>
  <recSTARSTimeSync>true</recSTARSTimeSync>
  <recSAFAReceiptTime>2026-06-24T16:36:50.959Z</recSAFAReceiptTime>
  <recSAFATimeSync>true</recSAFATimeSync>
  <track>
    <trackNum>3303</trackNum>
    <mrtTime>2026-06-24T16:36:50.574Z</mrtTime>
    <status>active</status>
    <acAddress>a2bb10</acAddress>
    <xPos>776088</xPos>
    <yPos>395624</yPos>
    <lat>38.16483</lat>
    <lon>-90.07289</lon>
    <vVert>-2084</vVert>
    <vx>-26</vx>
    <vy>323</vy>
    <vVertRaw>-1423</vVertRaw>
    <vxRaw>-118</vxRaw>
    <vyRaw>1472</vyRaw>
    <frozen>0</frozen>
    <new>0</new>
    <pseudo>0</pseudo>
    <adsb>1</adsb>
    <reportedBeaconCode>1144</reportedBeaconCode>
    <reportedAltitude>11300</reportedAltitude>
  </track>
  <flightPlan>
    <sfpn>296</sfpn>
    <ocr>normal handoff</ocr>
    <rnav>1</rnav>
    <scratchPad1>VAR</scratchPad1>
    <cps>1N</cps>
    <runway>VAR</runway>
    <assignedBeaconCode>1144</assignedBeaconCode>
    <requestedAltitude>0</requestedAltitude>
    <assignedAltitude>10000</assignedAltitude>
    <category>F</category>
    <dbi></dbi>
    <acid>SWA733</acid>
    <acType>B737</acType>
    <entryFix>BOO</entryFix>
    <exitFix>STL</exitFix>
    <airport>STL</airport>
    <flightRules>IFR</flightRules>
    <rawFlightRules></rawFlightRules>
    <type>A</type>
    <ptdTime>1635</ptdTime>
    <status>active</status>
    <delete>0</delete>
    <suspended>0</suspended>
    <lld>NE</lld>
    <ECID>939</ECID>
    <eqptSuffix>unavailable</eqptSuffix>
  </flightPlan>
  <enhancedData>
    <eramGufi>KW461134Iw</eramGufi>
    <sfdpsGufi>us.fdps.2026-06-24T12:48:33Z.000/22/4Iw</sfdpsGufi>
    <departureAirport>KBWI</departureAirport>
    <destinationAirport>KSTL</destinationAirport>
  </enhancedData>
</record>

=== 16:36:53.006 T75 SWA733 ===
<record>
  <recSeqNum>2768</recSeqNum>
  <recSrc>A</recSrc>
  <recType>210</recType>
  <recSTARSTimestamp>59806740</recSTARSTimestamp>
  <recSTARSSrcID>0</recSTARSSrcID>
  <recSTARSTimeSync>true</recSTARSTimeSync>
  <recSAFAReceiptTime>2026-06-24T16:36:46.756Z</recSAFAReceiptTime>
  <recSAFATimeSync>true</recSAFATimeSync>
  <track>
    <trackNum>3303</trackNum>
    <mrtTime>2026-06-24T16:36:45.876Z</mrtTime>
    <status>active</status>
    <acAddress>a2bb10</acAddress>
    <xPos>776096</xPos>
    <yPos>395516</yPos>
    <lat>38.15781</lat>
    <lon>-90.07219</lon>
    <vVert>-2083</vVert>
    <vx>-27</vx>
    <vy>323</vy>
    <vVertRaw>-1422</vVertRaw>
    <vxRaw>-125</vxRaw>
    <vyRaw>1472</vyRaw>
    <frozen>0</frozen>
    <new>0</new>
    <pseudo>0</pseudo>
    <adsb>1</adsb>
    <reportedBeaconCode>1144</reportedBeaconCode>
    <reportedAltitude>11500</reportedAltitude>
  </track>
  <flightPlan>
    <sfpn>296</sfpn>
    <ocr>normal handoff</ocr>
    <rnav>1</rnav>
    <scratchPad1>VAR</scratchPad1>
    <cps>1N</cps>
    <runway>VAR</runway>
    <assignedBeaconCode>1144</assignedBeaconCode>
    <requestedAltitude>0</requestedAltitude>
    <assignedAltitude>10000</assignedAltitude>
    <category>F</category>
    <dbi></dbi>
    <acid>SWA733</acid>
    <acType>B737</acType>
    <entryFix>BOO</entryFix>
    <exitFix>STL</exitFix>
    <airport>STL</airport>
    <flightRules>IFR</flightRules>
    <rawFlightRules></rawFlightRules>
    <type>A</type>
    <ptdTime>1635</ptdTime>
    <status>active</status>
    <delete>0</delete>
    <suspended>0</suspended>
    <lld>NE</lld>
    <ECID>939</ECID>
    <eqptSuffix>unavailable</eqptSuffix>
  </flightPlan>
  <enhancedData>
    <eramGufi>KW461134Iw</eramGufi>
    <sfdpsGufi>us.fdps.2026-06-24T12:48:33Z.000/22/4Iw</sfdpsGufi>
    <departureAirport>KBWI</departureAirport>
    <destinationAirport>KSTL</destinationAirport>
  </enhancedData>
</record>

=== 16:36:53.070 PCT DAL737 ===
<record>
  <recSeqNum>6706</recSeqNum>
  <recSrc>A</recSrc>
  <recType>210</recType>
  <recSTARSTimestamp>59812630</recSTARSTimestamp>
  <recSTARSSrcID>0</recSTARSSrcID>
  <recSTARSTimeSync>true</recSTARSTimeSync>
  <recSAFAReceiptTime>2026-06-24T16:36:52.675Z</recSAFAReceiptTime>
  <recSAFATimeSync>true</recSAFATimeSync>
  <track>
    <trackNum>2569</trackNum>
    <mrtTime>2026-06-24T16:36:51.662Z</mrtTime>
    <status>active</status>
    <acAddress>a41c69</acAddress>
    <xPos>1011524</xPos>
    <yPos>315529</yPos>
    <lat>38.63628</lat>
    <lon>-77.01747</lon>
    <vVert>148</vVert>
    <vx>-11</vx>
    <vy>162</vy>
    <vVertRaw>101</vVertRaw>
    <vxRaw>-49</vxRaw>
    <vyRaw>739</vyRaw>
    <frozen>0</frozen>
    <new>0</new>
    <pseudo>0</pseudo>
    <adsb>1</adsb>
    <reportedBeaconCode>3352</reportedBeaconCode>
    <reportedAltitude>3000</reportedAltitude>
  </track>
  <flightPlan>
    <sfpn>1041</sfpn>
    <ocr>normal handoff</ocr>
    <rnav>0</rnav>
    <cps>1J</cps>
    <assignedBeaconCode>3352</assignedBeaconCode>
    <requestedAltitude>0</requestedAltitude>
    <assignedAltitude>13000</assignedAltitude>
    <category>F</category>
    <dbi></dbi>
    <acid>DAL737</acid>
    <acType>A320</acType>
    <entryFix>CAP</entryFix>
    <exitFix>DCA</exitFix>
    <airport>DCA</airport>
    <flightRules>IFR</flightRules>
    <rawFlightRules></rawFlightRules>
    <type>A</type>
    <ptdTime>1628</ptdTime>
    <status>active</status>
    <delete>0</delete>
    <suspended>0</suspended>
    <lld>NE</lld>
    <ECID>175</ECID>
    <eqptSuffix>unavailable</eqptSuffix>
  </flightPlan>
  <enhancedData>
    <eramGufi>KT510614Pn</eramGufi>
    <sfdpsGufi>us.fdps.2026-06-24T14:11:01Z.000/19/4Pn</sfdpsGufi>
    <departureAirport>KATL</departureAirport>
    <destinationAirport>KDCA</destinationAirport>
  </enhancedData>
</record>

=== 16:36:55.361 T75 SWA733 ===
<record>
  <recSeqNum>3042</recSeqNum>
  <recSrc>A</recSrc>
  <recType>210</recType>
  <recSTARSTimestamp>59814990</recSTARSTimestamp>
  <recSTARSSrcID>0</recSTARSSrcID>
  <recSTARSTimeSync>true</recSTARSTimeSync>
  <recSAFAReceiptTime>2026-06-24T16:36:55.012Z</recSAFAReceiptTime>
  <recSAFATimeSync>true</recSAFATimeSync>
  <track>
    <trackNum>3303</trackNum>
    <mrtTime>2026-06-24T16:36:54.730Z</mrtTime>
    <status>active</status>
    <acAddress>a2bb10</acAddress>
    <xPos>776080</xPos>
    <yPos>395720</yPos>
    <lat>38.17108</lat>
    <lon>-90.07356</lon>
    <vVert>-2084</vVert>
    <vx>-26</vx>
    <vy>323</vy>
    <vVertRaw>-1423</vVertRaw>
    <vxRaw>-117</vxRaw>
    <vyRaw>1471</vyRaw>
    <frozen>0</frozen>
    <new>0</new>
    <pseudo>0</pseudo>
    <adsb>1</adsb>
    <reportedBeaconCode>1144</reportedBeaconCode>
    <reportedAltitude>11200</reportedAltitude>
  </track>
  <flightPlan>
    <sfpn>296</sfpn>
    <ocr>normal handoff</ocr>
    <rnav>1</rnav>
    <scratchPad1>VAR</scratchPad1>
    <cps>1N</cps>
    <runway>VAR</runway>
    <assignedBeaconCode>1144</assignedBeaconCode>
    <requestedAltitude>0</requestedAltitude>
    <assignedAltitude>10000</assignedAltitude>
    <category>F</category>
    <dbi></dbi>
    <acid>SWA733</acid>
    <acType>B737</acType>
    <entryFix>BOO</entryFix>
    <exitFix>STL</exitFix>
    <airport>STL</airport>
    <flightRules>IFR</flightRules>
    <rawFlightRules></rawFlightRules>
    <type>A</type>
    <ptdTime>1635</ptdTime>
    <status>active</status>
    <delete>0</delete>
    <suspended>0</suspended>
    <lld>NE</lld>
    <ECID>939</ECID>
    <eqptSuffix>unavailable</eqptSuffix>
  </flightPlan>
  <enhancedData>
    <eramGufi>KW461134Iw</eramGufi>
    <sfdpsGufi>us.fdps.2026-06-24T12:48:33Z.000/22/4Iw</sfdpsGufi>
    <departureAirport>KBWI</departureAirport>
    <destinationAirport>KSTL</destinationAirport>
  </enhancedData>
</record>

=== 16:36:56.546 CID ENY3462 ===
<record>
  <recSeqNum>34672</recSeqNum>
  <recSrc>A</recSrc>
  <recType>210</recType>
  <recSTARSTimestamp>59816040</recSTARSTimestamp>
  <recSTARSSrcID>0</recSTARSSrcID>
  <recSTARSTimeSync>true</recSTARSTimeSync>
  <recSAFAReceiptTime>2026-06-24T16:36:56.061Z</recSAFAReceiptTime>
  <recSAFATimeSync>true</recSAFATimeSync>
  <track>
    <trackNum>344</trackNum>
    <mrtTime>2026-06-24T16:36:52.366Z</mrtTime>
    <status>active</status>
    <acAddress>000000</acAddress>
    <xPos>770429</xPos>
    <yPos>451470</yPos>
    <lat>41.32286</lat>
    <lon>-90.12736</lon>
    <vVert>-1805</vVert>
    <vx>-347</vx>
    <vy>160</vy>
    <vVertRaw>-1232</vVertRaw>
    <vxRaw>-1577</vxRaw>
    <vyRaw>729</vyRaw>
    <frozen>0</frozen>
    <new>0</new>
    <pseudo>0</pseudo>
    <adsb>0</adsb>
    <reportedBeaconCode>6504</reportedBeaconCode>
    <reportedAltitude>23100</reportedAltitude>
  </track>
  <flightPlan>
    <sfpn>626</sfpn>
    <ocr>pending</ocr>
    <rnav>0</rnav>
    <scratchPad1>CID</scratchPad1>
    <cps>1T</cps>
    <runway>CID</runway>
    <assignedBeaconCode>6504</assignedBeaconCode>
    <requestedAltitude>0</requestedAltitude>
    <assignedAltitude>29000</assignedAltitude>
    <category>G</category>
    <dbi></dbi>
    <acid>ENY3462</acid>
    <acType>E170</acType>
    <entryFix>MLI</entryFix>
    <exitFix>CID</exitFix>
    <airport>CID</airport>
    <flightRules>IFR</flightRules>
    <rawFlightRules></rawFlightRules>
    <type>A</type>
    <ptdTime>1647</ptdTime>
    <status>active</status>
    <delete>0</delete>
    <suspended>0</suspended>
    <lld>N</lld>
    <ECID>939</ECID>
    <eqptSuffix>unavailable</eqptSuffix>
  </flightPlan>
  <enhancedData>
    <eramGufi>KW489174kj</eramGufi>
    <sfdpsGufi>us.fdps.2026-06-24T13:35:17Z.000/22/4kj</sfdpsGufi>
    <departureAirport>KDCA</departureAirport>
    <destinationAirport>KCID</destinationAirport>
  </enhancedData>
</record>

=== 16:36:56.883 MKE SWA1011 ===
<record>
  <recSeqNum>16861</recSeqNum>
  <recSrc>A</recSrc>
  <recType>210</recType>
  <recSTARSTimestamp>59816650</recSTARSTimestamp>
  <recSTARSSrcID>0</recSTARSSrcID>
  <recSTARSTimeSync>true</recSTARSTimeSync>
  <recSAFAReceiptTime>2026-06-24T16:36:56.673Z</recSAFAReceiptTime>
  <recSAFATimeSync>true</recSAFATimeSync>
  <track>
    <trackNum>3850</trackNum>
    <mrtTime>2026-06-24T16:36:56.250Z</mrtTime>
    <status>active</status>
    <acAddress>a528d6</acAddress>
    <xPos>825596</xPos>
    <yPos>448989</yPos>
    <lat>42.95192</lat>
    <lon>-87.86506</lon>
    <vVert>-652</vVert>
    <vx>-131</vx>
    <vy>-39</vy>
    <vVertRaw>-445</vVertRaw>
    <vxRaw>-596</vxRaw>
    <vyRaw>-178</vyRaw>
    <frozen>0</frozen>
    <new>0</new>
    <pseudo>0</pseudo>
    <adsb>1</adsb>
    <reportedBeaconCode>3706</reportedBeaconCode>
    <reportedAltitude>1100</reportedAltitude>
  </track>
  <flightPlan>
    <sfpn>1228</sfpn>
    <ocr>normal handoff</ocr>
    <rnav>0</rnav>
    <scratchPad1>I5L</scratchPad1>
    <cps>1E</cps>
    <runway>I5L</runway>
    <assignedBeaconCode>3706</assignedBeaconCode>
    <requestedAltitude>0</requestedAltitude>
    <assignedAltitude>14000</assignedAltitude>
    <category>F</category>
    <dbi></dbi>
    <acid>SWA1011</acid>
    <acType>B737</acType>
    <entryFix>SUD</entryFix>
    <exitFix>MKE</exitFix>
    <airport>MKE</airport>
    <flightRules>IFR</flightRules>
    <rawFlightRules></rawFlightRules>
    <type>A</type>
    <ptdTime>1627</ptdTime>
    <status>active</status>
    <delete>0</delete>
    <suspended>0</suspended>
    <lld>NW</lld>
    <ECID>440</ECID>
    <eqptSuffix>unavailable</eqptSuffix>
  </flightPlan>
  <enhancedData>
    <eramGufi>KW462664eL</eramGufi>
    <sfdpsGufi>us.fdps.2026-06-24T12:51:06Z.000/22/4eL</sfdpsGufi>
    <departureAirport>KBWI</departureAirport>
    <destinationAirport>KMKE</destinationAirport>
  </enhancedData>
</record>

=== 16:36:57.060 PCT DAL737 ===
<record>
  <recSeqNum>7215</recSeqNum>
  <recSrc>A</recSrc>
  <recType>210</recType>
  <recSTARSTimestamp>59816850</recSTARSTimestamp>
  <recSTARSSrcID>0</recSTARSSrcID>
  <recSTARSTimeSync>true</recSTARSTimeSync>
  <recSAFAReceiptTime>2026-06-24T16:36:56.877Z</recSAFAReceiptTime>
  <recSAFATimeSync>true</recSAFATimeSync>
  <track>
    <trackNum>2569</trackNum>
    <mrtTime>2026-06-24T16:36:56.446Z</mrtTime>
    <status>active</status>
    <acAddress>a41c69</acAddress>
    <xPos>1011520</xPos>
    <yPos>315583</yPos>
    <lat>38.63981</lat>
    <lon>-77.01781</lon>
    <vVert>110</vVert>
    <vx>-11</vx>
    <vy>161</vy>
    <vVertRaw>75</vVertRaw>
    <vxRaw>-48</vxRaw>
    <vyRaw>732</vyRaw>
    <frozen>0</frozen>
    <new>0</new>
    <pseudo>0</pseudo>
    <adsb>1</adsb>
    <reportedBeaconCode>3352</reportedBeaconCode>
    <reportedAltitude>3000</reportedAltitude>
  </track>
  <flightPlan>
    <sfpn>1041</sfpn>
    <ocr>normal handoff</ocr>
    <rnav>0</rnav>
    <cps>1J</cps>
    <assignedBeaconCode>3352</assignedBeaconCode>
    <requestedAltitude>0</requestedAltitude>
    <assignedAltitude>13000</assignedAltitude>
    <category>F</category>
    <dbi></dbi>
    <acid>DAL737</acid>
    <acType>A320</acType>
    <entryFix>CAP</entryFix>
    <exitFix>DCA</exitFix>
    <airport>DCA</airport>
    <flightRules>IFR</flightRules>
    <rawFlightRules></rawFlightRules>
    <type>A</type>
    <ptdTime>1628</ptdTime>
    <status>active</status>
    <delete>0</delete>
    <suspended>0</suspended>
    <lld>NE</lld>
    <ECID>175</ECID>
    <eqptSuffix>unavailable</eqptSuffix>
  </flightPlan>
  <enhancedData>
    <eramGufi>KT510614Pn</eramGufi>
    <sfdpsGufi>us.fdps.2026-06-24T14:11:01Z.000/19/4Pn</sfdpsGufi>
    <departureAirport>KATL</departureAirport>
    <destinationAirport>KDCA</destinationAirport>
  </enhancedData>
</record>

=== 16:36:59.565 T75 SWA733 ===
<record>
  <recSeqNum>3163</recSeqNum>
  <recSrc>A</recSrc>
  <recType>210</recType>
  <recSTARSTimestamp>59819040</recSTARSTimestamp>
  <recSTARSSrcID>0</recSTARSSrcID>
  <recSTARSTimeSync>true</recSTARSTimeSync>
  <recSAFAReceiptTime>2026-06-24T16:36:59.064Z</recSAFAReceiptTime>
  <recSAFATimeSync>true</recSAFATimeSync>
  <track>
    <trackNum>3303</trackNum>
    <mrtTime>2026-06-24T16:36:58.654Z</mrtTime>
    <status>active</status>
    <acAddress>a2bb10</acAddress>
    <xPos>776073</xPos>
    <yPos>395810</yPos>
    <lat>38.17694</lat>
    <lon>-90.07417</lon>
    <vVert>-2086</vVert>
    <vx>-26</vx>
    <vy>323</vy>
    <vVertRaw>-1424</vVertRaw>
    <vxRaw>-119</vxRaw>
    <vyRaw>1472</vyRaw>
    <frozen>0</frozen>
    <new>0</new>
    <pseudo>0</pseudo>
    <adsb>1</adsb>
    <reportedBeaconCode>1144</reportedBeaconCode>
    <reportedAltitude>11000</reportedAltitude>
  </track>
  <flightPlan>
    <sfpn>296</sfpn>
    <ocr>normal handoff</ocr>
    <rnav>1</rnav>
    <scratchPad1>VAR</scratchPad1>
    <cps>1N</cps>
    <runway>VAR</runway>
    <assignedBeaconCode>1144</assignedBeaconCode>
    <requestedAltitude>0</requestedAltitude>
    <assignedAltitude>10000</assignedAltitude>
    <category>F</category>
    <dbi></dbi>
    <acid>SWA733</acid>
    <acType>B737</acType>
    <entryFix>BOO</entryFix>
    <exitFix>STL</exitFix>
    <airport>STL</airport>
    <flightRules>IFR</flightRules>
    <rawFlightRules></rawFlightRules>
    <type>A</type>
    <ptdTime>1635</ptdTime>
    <status>active</status>
    <delete>0</delete>
    <suspended>0</suspended>
    <lld>NE</lld>
    <ECID>939</ECID>
    <eqptSuffix>unavailable</eqptSuffix>
  </flightPlan>
  <enhancedData>
    <eramGufi>KW461134Iw</eramGufi>
    <sfdpsGufi>us.fdps.2026-06-24T12:48:33Z.000/22/4Iw</sfdpsGufi>
    <departureAirport>KBWI</departureAirport>
    <destinationAirport>KSTL</destinationAirport>
  </enhancedData>
</record>

=== 16:37:01.875 MKE SWA1011 ===
<record>
  <recSeqNum>17115</recSeqNum>
  <recSrc>A</recSrc>
  <recType>210</recType>
  <recSTARSTimestamp>59821450</recSTARSTimestamp>
  <recSTARSSrcID>0</recSTARSSrcID>
  <recSTARSTimeSync>true</recSTARSTimeSync>
  <recSAFAReceiptTime>2026-06-24T16:37:01.484Z</recSAFAReceiptTime>
  <recSAFATimeSync>true</recSAFATimeSync>
  <track>
    <trackNum>3850</trackNum>
    <mrtTime>2026-06-24T16:37:00.434Z</mrtTime>
    <status>active</status>
    <acAddress>a528d6</acAddress>
    <xPos>825557</xPos>
    <yPos>448977</yPos>
    <lat>42.95114</lat>
    <lon>-87.8685</lon>
    <vVert>-680</vVert>
    <vx>-131</vx>
    <vy>-38</vy>
    <vVertRaw>-464</vVertRaw>
    <vxRaw>-596</vxRaw>
    <vyRaw>-175</vyRaw>
    <frozen>0</frozen>
    <new>0</new>
    <pseudo>0</pseudo>
    <adsb>1</adsb>
    <reportedBeaconCode>3706</reportedBeaconCode>
    <reportedAltitude>1000</reportedAltitude>
  </track>
  <flightPlan>
    <sfpn>1228</sfpn>
    <ocr>normal handoff</ocr>
    <rnav>0</rnav>
    <scratchPad1>I5L</scratchPad1>
    <cps>1E</cps>
    <runway>I5L</runway>
    <assignedBeaconCode>3706</assignedBeaconCode>
    <requestedAltitude>0</requestedAltitude>
    <assignedAltitude>14000</assignedAltitude>
    <category>F</category>
    <dbi></dbi>
    <acid>SWA1011</acid>
    <acType>B737</acType>
    <entryFix>SUD</entryFix>
    <exitFix>MKE</exitFix>
    <airport>MKE</airport>
    <flightRules>IFR</flightRules>
    <rawFlightRules></rawFlightRules>
    <type>A</type>
    <ptdTime>1627</ptdTime>
    <status>active</status>
    <delete>0</delete>
    <suspended>0</suspended>
    <lld>NW</lld>
    <ECID>440</ECID>
    <eqptSuffix>unavailable</eqptSuffix>
  </flightPlan>
  <enhancedData>
    <eramGufi>KW462664eL</eramGufi>
    <sfdpsGufi>us.fdps.2026-06-24T12:51:06Z.000/22/4eL</sfdpsGufi>
    <departureAirport>KBWI</departureAirport>
    <destinationAirport>KMKE</destinationAirport>
  </enhancedData>
</record>

=== 16:37:01.941 PCT DAL737 ===
<record>
  <recSeqNum>7762</recSeqNum>
  <recSrc>A</recSrc>
  <recType>210</recType>
  <recSTARSTimestamp>59821490</recSTARSTimestamp>
  <recSTARSSrcID>0</recSTARSSrcID>
  <recSTARSTimeSync>true</recSTARSTimeSync>
  <recSAFAReceiptTime>2026-06-24T16:37:01.534Z</recSAFAReceiptTime>
  <recSAFATimeSync>true</recSAFATimeSync>
  <track>
    <trackNum>2569</trackNum>
    <mrtTime>2026-06-24T16:37:00.244Z</mrtTime>
    <status>active</status>
    <acAddress>a41c69</acAddress>
    <xPos>1011517</xPos>
    <yPos>315627</yPos>
    <lat>38.64267</lat>
    <lon>-77.01806</lon>
    <vVert>72</vVert>
    <vx>-11</vx>
    <vy>161</vy>
    <vVertRaw>49</vVertRaw>
    <vxRaw>-48</vxRaw>
    <vyRaw>731</vyRaw>
    <frozen>0</frozen>
    <new>0</new>
    <pseudo>0</pseudo>
    <adsb>1</adsb>
    <reportedBeaconCode>3352</reportedBeaconCode>
    <reportedAltitude>3000</reportedAltitude>
  </track>
  <flightPlan>
    <sfpn>1041</sfpn>
    <ocr>normal handoff</ocr>
    <rnav>0</rnav>
    <cps>1J</cps>
    <assignedBeaconCode>3352</assignedBeaconCode>
    <requestedAltitude>0</requestedAltitude>
    <assignedAltitude>13000</assignedAltitude>
    <category>F</category>
    <dbi></dbi>
    <acid>DAL737</acid>
    <acType>A320</acType>
    <entryFix>CAP</entryFix>
    <exitFix>DCA</exitFix>
    <airport>DCA</airport>
    <flightRules>IFR</flightRules>
    <rawFlightRules></rawFlightRules>
    <type>A</type>
    <ptdTime>1628</ptdTime>
    <status>active</status>
    <delete>0</delete>
    <suspended>0</suspended>
    <lld>NE</lld>
    <ECID>175</ECID>
    <eqptSuffix>unavailable</eqptSuffix>
  </flightPlan>
  <enhancedData>
    <eramGufi>KT510614Pn</eramGufi>
    <sfdpsGufi>us.fdps.2026-06-24T14:11:01Z.000/19/4Pn</sfdpsGufi>
    <departureAirport>KATL</departureAirport>
    <destinationAirport>KDCA</destinationAirport>
  </enhancedData>
</record>

=== 16:37:13.359 CID ENY3462 ===
<record>
  <recSeqNum>35183</recSeqNum>
  <recSrc>A</recSrc>
  <recType>210</recType>
  <recSTARSTimestamp>59833030</recSTARSTimestamp>
  <recSTARSSrcID>0</recSTARSSrcID>
  <recSTARSTimeSync>true</recSTARSTimeSync>
  <recSAFAReceiptTime>2026-06-24T16:37:13.073Z</recSAFAReceiptTime>
  <recSAFATimeSync>true</recSAFATimeSync>
  <track>
    <trackNum>344</trackNum>
    <mrtTime>2026-06-24T16:37:11.719Z</mrtTime>
    <status>active</status>
    <acAddress>000000</acAddress>
    <xPos>769960</xPos>
    <yPos>451689</yPos>
    <lat>41.33767</lat>
    <lon>-90.16753</lon>
    <vVert>-1793</vVert>
    <vx>-343</vx>
    <vy>160</vy>
    <vVertRaw>-1224</vVertRaw>
    <vxRaw>-1563</vxRaw>
    <vyRaw>727</vyRaw>
    <frozen>0</frozen>
    <new>0</new>
    <pseudo>0</pseudo>
    <adsb>0</adsb>
    <reportedBeaconCode>6504</reportedBeaconCode>
    <reportedAltitude>22500</reportedAltitude>
  </track>
  <flightPlan>
    <sfpn>626</sfpn>
    <ocr>pending</ocr>
    <rnav>0</rnav>
    <scratchPad1>CID</scratchPad1>
    <cps>1T</cps>
    <runway>CID</runway>
    <assignedBeaconCode>6504</assignedBeaconCode>
    <requestedAltitude>0</requestedAltitude>
    <assignedAltitude>29000</assignedAltitude>
    <category>G</category>
    <dbi></dbi>
    <acid>ENY3462</acid>
    <acType>E170</acType>
    <entryFix>MLI</entryFix>
    <exitFix>CID</exitFix>
    <airport>CID</airport>
    <flightRules>IFR</flightRules>
    <rawFlightRules></rawFlightRules>
    <type>A</type>
    <ptdTime>1647</ptdTime>
    <status>active</status>
    <delete>0</delete>
    <suspended>0</suspended>
    <lld>N</lld>
    <ECID>939</ECID>
    <eqptSuffix>unavailable</eqptSuffix>
  </flightPlan>
  <enhancedData>
    <eramGufi>KW489174kj</eramGufi>
    <sfdpsGufi>us.fdps.2026-06-24T13:35:17Z.000/22/4kj</sfdpsGufi>
    <departureAirport>KDCA</departureAirport>
    <destinationAirport>KCID</destinationAirport>
  </enhancedData>
</record>

=== 16:37:14.430 CID ENY3462 ===
<record>
  <recSeqNum>35214</recSeqNum>
  <recSrc>A</recSrc>
  <recType>210</recType>
  <recSTARSTimestamp>59834070</recSTARSTimestamp>
  <recSTARSSrcID>0</recSTARSSrcID>
  <recSTARSTimeSync>true</recSTARSTimeSync>
  <recSAFAReceiptTime>2026-06-24T16:37:14.080Z</recSAFAReceiptTime>
  <recSAFATimeSync>true</recSAFATimeSync>
  <track>
    <trackNum>344</trackNum>
    <mrtTime>2026-06-24T16:37:11.719Z</mrtTime>
    <status>active</status>
    <acAddress>000000</acAddress>
    <xPos>769960</xPos>
    <yPos>451689</yPos>
    <lat>41.33767</lat>
    <lon>-90.16753</lon>
    <vVert>-1793</vVert>
    <vx>-343</vx>
    <vy>160</vy>
    <vVertRaw>-1224</vVertRaw>
    <vxRaw>-1563</vxRaw>
    <vyRaw>727</vyRaw>
    <frozen>0</frozen>
    <new>0</new>
    <pseudo>0</pseudo>
    <adsb>0</adsb>
    <reportedBeaconCode>6504</reportedBeaconCode>
    <reportedAltitude>22500</reportedAltitude>
  </track>
  <flightPlan>
    <sfpn>626</sfpn>
    <ocr>pending</ocr>
    <rnav>0</rnav>
    <scratchPad1>CID</scratchPad1>
    <cps>1T</cps>
    <runway>CID</runway>
    <assignedBeaconCode>6504</assignedBeaconCode>
    <requestedAltitude>0</requestedAltitude>
    <assignedAltitude>29000</assignedAltitude>
    <category>G</category>
    <dbi></dbi>
    <acid>ENY3462</acid>
    <acType>E170</acType>
    <entryFix>MLI</entryFix>
    <exitFix>CID</exitFix>
    <airport>CID</airport>
    <flightRules>IFR</flightRules>
    <rawFlightRules></rawFlightRules>
    <type>A</type>
    <ptdTime>1647</ptdTime>
    <status>active</status>
    <delete>0</delete>
    <suspended>0</suspended>
    <lld>N</lld>
    <ECID>939</ECID>
    <eqptSuffix>unavailable</eqptSuffix>
  </flightPlan>
  <enhancedData>
    <eramGufi>KW489174kj</eramGufi>
    <sfdpsGufi>us.fdps.2026-06-24T13:35:17Z.000/22/4kj</sfdpsGufi>
    <departureAirport>KDCA</departureAirport>
    <destinationAirport>KCID</destinationAirport>
  </enhancedData>
</record>

=== 16:37:15.464 MKE SWA1011 ===
<record>
  <recSeqNum>17974</recSeqNum>
  <recSrc>A</recSrc>
  <recType>210</recType>
  <recSTARSTimestamp>59834950</recSTARSTimestamp>
  <recSTARSSrcID>0</recSTARSSrcID>
  <recSTARSTimeSync>true</recSTARSTimeSync>
  <recSAFAReceiptTime>2026-06-24T16:37:14.997Z</recSAFAReceiptTime>
  <recSAFATimeSync>true</recSAFATimeSync>
  <track>
    <trackNum>3850</trackNum>
    <mrtTime>2026-06-24T16:37:14.652Z</mrtTime>
    <status>active</status>
    <acAddress>a528d6</acAddress>
    <xPos>825426</xPos>
    <yPos>448933</yPos>
    <lat>42.94828</lat>
    <lon>-87.88011</lon>
    <vVert>-724</vVert>
    <vx>-130</vx>
    <vy>-44</vy>
    <vVertRaw>-494</vVertRaw>
    <vxRaw>-592</vxRaw>
    <vyRaw>-200</vyRaw>
    <frozen>0</frozen>
    <new>0</new>
    <pseudo>0</pseudo>
    <adsb>1</adsb>
    <reportedBeaconCode>3706</reportedBeaconCode>
    <reportedAltitude>800</reportedAltitude>
  </track>
  <flightPlan>
    <sfpn>1228</sfpn>
    <ocr>normal handoff</ocr>
    <rnav>0</rnav>
    <scratchPad1>I5L</scratchPad1>
    <cps>1E</cps>
    <runway>I5L</runway>
    <assignedBeaconCode>3706</assignedBeaconCode>
    <requestedAltitude>0</requestedAltitude>
    <assignedAltitude>14000</assignedAltitude>
    <category>F</category>
    <dbi></dbi>
    <acid>SWA1011</acid>
    <acType>B737</acType>
    <entryFix>SUD</entryFix>
    <exitFix>MKE</exitFix>
    <airport>MKE</airport>
    <flightRules>IFR</flightRules>
    <rawFlightRules></rawFlightRules>
    <type>A</type>
    <ptdTime>1627</ptdTime>
    <status>active</status>
    <delete>0</delete>
    <suspended>0</suspended>
    <lld>NW</lld>
    <ECID>440</ECID>
    <eqptSuffix>unavailable</eqptSuffix>
  </flightPlan>
  <enhancedData>
    <eramGufi>KW462664eL</eramGufi>
    <sfdpsGufi>us.fdps.2026-06-24T12:51:06Z.000/22/4eL</sfdpsGufi>
    <departureAirport>KBWI</departureAirport>
    <destinationAirport>KMKE</destinationAirport>
  </enhancedData>
</record>

=== 16:37:15.823 MKE SWA1011 ===
<record>
  <recSeqNum>18002</recSeqNum>
  <recSrc>A</recSrc>
  <recType>210</recType>
  <recSTARSTimestamp>59835480</recSTARSTimestamp>
  <recSTARSSrcID>0</recSTARSSrcID>
  <recSTARSTimeSync>true</recSTARSTimeSync>
  <recSAFAReceiptTime>2026-06-24T16:37:15.501Z</recSAFAReceiptTime>
  <recSAFATimeSync>true</recSAFATimeSync>
  <track>
    <trackNum>3850</trackNum>
    <mrtTime>2026-06-24T16:37:14.652Z</mrtTime>
    <status>active</status>
    <acAddress>a528d6</acAddress>
    <xPos>825426</xPos>
    <yPos>448933</yPos>
    <lat>42.94828</lat>
    <lon>-87.88011</lon>
    <vVert>-724</vVert>
    <vx>-130</vx>
    <vy>-44</vy>
    <vVertRaw>-494</vVertRaw>
    <vxRaw>-592</vxRaw>
    <vyRaw>-200</vyRaw>
    <frozen>0</frozen>
    <new>0</new>
    <pseudo>0</pseudo>
    <adsb>1</adsb>
    <reportedBeaconCode>3706</reportedBeaconCode>
    <reportedAltitude>800</reportedAltitude>
  </track>
  <flightPlan>
    <sfpn>1228</sfpn>
    <ocr>normal handoff</ocr>
    <rnav>0</rnav>
    <scratchPad1>I5L</scratchPad1>
    <cps>1E</cps>
    <runway>I5L</runway>
    <assignedBeaconCode>3706</assignedBeaconCode>
    <requestedAltitude>0</requestedAltitude>
    <assignedAltitude>14000</assignedAltitude>
    <category>F</category>
    <dbi></dbi>
    <acid>SWA1011</acid>
    <acType>B737</acType>
    <entryFix>SUD</entryFix>
    <exitFix>MKE</exitFix>
    <airport>MKE</airport>
    <flightRules>IFR</flightRules>
    <rawFlightRules></rawFlightRules>
    <type>A</type>
    <ptdTime>1627</ptdTime>
    <status>active</status>
    <delete>0</delete>
    <suspended>0</suspended>
    <lld>NW</lld>
    <ECID>440</ECID>
    <eqptSuffix>unavailable</eqptSuffix>
  </flightPlan>
  <enhancedData>
    <eramGufi>KW462664eL</eramGufi>
    <sfdpsGufi>us.fdps.2026-06-24T12:51:06Z.000/22/4eL</sfdpsGufi>
    <departureAirport>KBWI</departureAirport>
    <destinationAirport>KMKE</destinationAirport>
  </enhancedData>
</record>

=== 16:37:15.824 MKE SWA1011 ===
<record>
  <recSeqNum>18003</recSeqNum>
  <recSrc>A</recSrc>
  <recType>210</recType>
  <recSTARSTimestamp>59835480</recSTARSTimestamp>
  <recSTARSSrcID>0</recSTARSSrcID>
  <recSTARSTimeSync>true</recSTARSTimeSync>
  <recSAFAReceiptTime>2026-06-24T16:37:15.501Z</recSAFAReceiptTime>
  <recSAFATimeSync>true</recSAFATimeSync>
  <flightPlan>
    <sfpn>1228</sfpn>
    <ocr>normal handoff</ocr>
    <rnav>0</rnav>
    <scratchPad1>I5L</scratchPad1>
    <cps>1E</cps>
    <runway>I5L</runway>
    <assignedBeaconCode>3706</assignedBeaconCode>
    <requestedAltitude>0</requestedAltitude>
    <assignedAltitude>14000</assignedAltitude>
    <category>F</category>
    <dbi></dbi>
    <acid>SWA1011</acid>
    <acType>B737</acType>
    <entryFix>SUD</entryFix>
    <exitFix>MKE</exitFix>
    <airport>MKE</airport>
    <flightRules>IFR</flightRules>
    <rawFlightRules></rawFlightRules>
    <type>A</type>
    <ptdTime>1627</ptdTime>
    <status>active</status>
    <delete>0</delete>
    <suspended>0</suspended>
    <lld>NW</lld>
    <ECID>440</ECID>
    <eqptSuffix>unavailable</eqptSuffix>
  </flightPlan>
  <enhancedData>
    <eramGufi>KW462664eL</eramGufi>
    <sfdpsGufi>us.fdps.2026-06-24T12:51:06Z.000/22/4eL</sfdpsGufi>
    <departureAirport>KBWI</departureAirport>
    <destinationAirport>KMKE</destinationAirport>
  </enhancedData>
</record>

=== 16:37:18.256 CID ENY3462 ===
<record>
  <recSeqNum>35313</recSeqNum>
  <recSrc>A</recSrc>
  <recType>210</recType>
  <recSTARSTimestamp>59837830</recSTARSTimestamp>
  <recSTARSSrcID>0</recSTARSSrcID>
  <recSTARSTimeSync>true</recSTARSTimeSync>
  <recSAFAReceiptTime>2026-06-24T16:37:17.832Z</recSAFAReceiptTime>
  <recSAFATimeSync>true</recSAFATimeSync>
  <track>
    <trackNum>344</trackNum>
    <mrtTime>2026-06-24T16:37:16.585Z</mrtTime>
    <status>active</status>
    <acAddress>000000</acAddress>
    <xPos>769842</xPos>
    <yPos>451743</yPos>
    <lat>41.34133</lat>
    <lon>-90.17764</lon>
    <vVert>-1783</vVert>
    <vx>-343</vx>
    <vy>159</vy>
    <vVertRaw>-1217</vVertRaw>
    <vxRaw>-1559</vxRaw>
    <vyRaw>724</vyRaw>
    <frozen>0</frozen>
    <new>0</new>
    <pseudo>0</pseudo>
    <adsb>0</adsb>
    <reportedBeaconCode>6504</reportedBeaconCode>
    <reportedAltitude>22400</reportedAltitude>
  </track>
  <flightPlan>
    <sfpn>626</sfpn>
    <ocr>pending</ocr>
    <rnav>0</rnav>
    <scratchPad1>CID</scratchPad1>
    <cps>1T</cps>
    <runway>CID</runway>
    <assignedBeaconCode>6504</assignedBeaconCode>
    <requestedAltitude>0</requestedAltitude>
    <assignedAltitude>29000</assignedAltitude>
    <category>G</category>
    <dbi></dbi>
    <acid>ENY3462</acid>
    <acType>E170</acType>
    <entryFix>MLI</entryFix>
    <exitFix>CID</exitFix>
    <airport>CID</airport>
    <flightRules>IFR</flightRules>
    <rawFlightRules></rawFlightRules>
    <type>A</type>
    <ptdTime>1647</ptdTime>
    <status>active</status>
    <delete>0</delete>
    <suspended>0</suspended>
    <lld>N</lld>
    <ECID>939</ECID>
    <eqptSuffix>unavailable</eqptSuffix>
  </flightPlan>
  <enhancedData>
    <eramGufi>KW489174kj</eramGufi>
    <sfdpsGufi>us.fdps.2026-06-24T13:35:17Z.000/22/4kj</sfdpsGufi>
    <departureAirport>KDCA</departureAirport>
    <destinationAirport>KCID</destinationAirport>
  </enhancedData>
</record>

=== 16:37:21.297 T75 SWA733 ===
<record>
  <recSeqNum>3861</recSeqNum>
  <recSrc>A</recSrc>
  <recType>210</recType>
  <recSTARSTimestamp>59840940</recSTARSTimestamp>
  <recSTARSSrcID>0</recSTARSSrcID>
  <recSTARSTimeSync>true</recSTARSTimeSync>
  <recSAFAReceiptTime>2026-06-24T16:37:20.939Z</recSAFAReceiptTime>
  <recSAFATimeSync>true</recSAFATimeSync>
  <track>
    <trackNum>3303</trackNum>
    <mrtTime>2026-06-24T16:37:20.578Z</mrtTime>
    <status>active</status>
    <acAddress>a2bb10</acAddress>
    <xPos>776029</xPos>
    <yPos>396310</yPos>
    <lat>38.20953</lat>
    <lon>-90.07789</lon>
    <vVert>-1406</vVert>
    <vx>-27</vx>
    <vy>319</vy>
    <vVertRaw>-960</vVertRaw>
    <vxRaw>-123</vxRaw>
    <vyRaw>1451</vyRaw>
    <frozen>0</frozen>
    <new>0</new>
    <pseudo>0</pseudo>
    <adsb>1</adsb>
    <reportedBeaconCode>1144</reportedBeaconCode>
    <reportedAltitude>10500</reportedAltitude>
  </track>
  <flightPlan>
    <sfpn>296</sfpn>
    <ocr>normal handoff</ocr>
    <rnav>1</rnav>
    <scratchPad1>VAR</scratchPad1>
    <cps>1N</cps>
    <runway>VAR</runway>
    <assignedBeaconCode>1144</assignedBeaconCode>
    <requestedAltitude>0</requestedAltitude>
    <assignedAltitude>10000</assignedAltitude>
    <category>F</category>
    <dbi></dbi>
    <acid>SWA733</acid>
    <acType>B737</acType>
    <entryFix>BOO</entryFix>
    <exitFix>STL</exitFix>
    <airport>STL</airport>
    <flightRules>IFR</flightRules>
    <rawFlightRules></rawFlightRules>
    <type>A</type>
    <ptdTime>1635</ptdTime>
    <status>active</status>
    <delete>0</delete>
    <suspended>0</suspended>
    <lld>NE</lld>
    <ECID>939</ECID>
    <eqptSuffix>unavailable</eqptSuffix>
  </flightPlan>
  <enhancedData>
    <eramGufi>KW461134Iw</eramGufi>
    <sfdpsGufi>us.fdps.2026-06-24T12:48:33Z.000/22/4Iw</sfdpsGufi>
    <departureAirport>KBWI</departureAirport>
    <destinationAirport>KSTL</destinationAirport>
  </enhancedData>
</record>

=== 16:37:25.768 MKE SWA1011 ===
<record>
  <recSeqNum>18396</recSeqNum>
  <recSrc>A</recSrc>
  <recType>210</recType>
  <recSTARSTimestamp>59841240</recSTARSTimestamp>
  <recSTARSSrcID>0</recSTARSSrcID>
  <recSTARSTimeSync>true</recSTARSTimeSync>
  <recSAFAReceiptTime>2026-06-24T16:37:21.259Z</recSAFAReceiptTime>
  <recSAFATimeSync>true</recSAFATimeSync>
  <flightPlan>
    <sfpn>1228</sfpn>
    <ocr>normal handoff</ocr>
    <rnav>0</rnav>
    <scratchPad1>I5L</scratchPad1>
    <cps>1E</cps>
    <runway>I5L</runway>
    <assignedBeaconCode>3706</assignedBeaconCode>
    <requestedAltitude>0</requestedAltitude>
    <assignedAltitude>14000</assignedAltitude>
    <category>F</category>
    <dbi></dbi>
    <acid>SWA1011</acid>
    <acType>B737</acType>
    <entryFix>SUD</entryFix>
    <exitFix>MKE</exitFix>
    <airport>MKE</airport>
    <flightRules>IFR</flightRules>
    <rawFlightRules></rawFlightRules>
    <type>A</type>
    <ptdTime>1627</ptdTime>
    <status>active</status>
    <delete>0</delete>
    <suspended>0</suspended>
    <lld>NW</lld>
    <ECID>440</ECID>
    <eqptSuffix>unavailable</eqptSuffix>
  </flightPlan>
  <enhancedData>
    <eramGufi>KW462664eL</eramGufi>
    <sfdpsGufi>us.fdps.2026-06-24T12:51:06Z.000/22/4eL</sfdpsGufi>
    <departureAirport>KBWI</departureAirport>
    <destinationAirport>KMKE</destinationAirport>
  </enhancedData>
</record>

=== 16:37:27.505 PCT DAL737 ===
<record>
  <recSeqNum>10955</recSeqNum>
  <recSrc>A</recSrc>
  <recType>210</recType>
  <recSTARSTimestamp>59847130</recSTARSTimestamp>
  <recSTARSSrcID>0</recSTARSSrcID>
  <recSTARSTimeSync>true</recSTARSTimeSync>
  <recSAFAReceiptTime>2026-06-24T16:37:27.164Z</recSAFAReceiptTime>
  <recSAFATimeSync>true</recSAFATimeSync>
  <track>
    <trackNum>2569</trackNum>
    <mrtTime>2026-06-24T16:37:26.053Z</mrtTime>
    <status>active</status>
    <acAddress>a41c69</acAddress>
    <xPos>1011507</xPos>
    <yPos>315922</yPos>
    <lat>38.66189</lat>
    <lon>-77.01883</lon>
    <vVert>0</vVert>
    <vx>-4</vx>
    <vy>161</vy>
    <vVertRaw>0</vVertRaw>
    <vxRaw>-17</vxRaw>
    <vyRaw>733</vyRaw>
    <frozen>0</frozen>
    <new>0</new>
    <pseudo>0</pseudo>
    <adsb>1</adsb>
    <reportedBeaconCode>3352</reportedBeaconCode>
    <reportedAltitude>3000</reportedAltitude>
  </track>
  <flightPlan>
    <sfpn>1041</sfpn>
    <ocr>normal handoff</ocr>
    <rnav>0</rnav>
    <cps>1J</cps>
    <assignedBeaconCode>3352</assignedBeaconCode>
    <requestedAltitude>0</requestedAltitude>
    <assignedAltitude>13000</assignedAltitude>
    <category>F</category>
    <dbi></dbi>
    <acid>DAL737</acid>
    <acType>A320</acType>
    <entryFix>CAP</entryFix>
    <exitFix>DCA</exitFix>
    <airport>DCA</airport>
    <flightRules>IFR</flightRules>
    <rawFlightRules></rawFlightRules>
    <type>A</type>
    <ptdTime>1628</ptdTime>
    <status>active</status>
    <delete>0</delete>
    <suspended>0</suspended>
    <lld>NE</lld>
    <ECID>175</ECID>
    <eqptSuffix>unavailable</eqptSuffix>
  </flightPlan>
  <enhancedData>
    <eramGufi>KT510614Pn</eramGufi>
    <sfdpsGufi>us.fdps.2026-06-24T14:11:01Z.000/19/4Pn</sfdpsGufi>
    <departureAirport>KATL</departureAirport>
    <destinationAirport>KDCA</destinationAirport>
  </enhancedData>
</record>

=== 16:37:27.709 CID ENY3462 ===
<record>
  <recSeqNum>35618</recSeqNum>
  <recSrc>A</recSrc>
  <recType>210</recType>
  <recSTARSTimestamp>59847430</recSTARSTimestamp>
  <recSTARSSrcID>0</recSTARSSrcID>
  <recSTARSTimeSync>true</recSTARSTimeSync>
  <recSAFAReceiptTime>2026-06-24T16:37:27.449Z</recSAFAReceiptTime>
  <recSAFATimeSync>true</recSAFATimeSync>
  <track>
    <trackNum>344</trackNum>
    <mrtTime>2026-06-24T16:37:26.285Z</mrtTime>
    <status>active</status>
    <acAddress>000000</acAddress>
    <xPos>769608</xPos>
    <yPos>451851</yPos>
    <lat>41.34861</lat>
    <lon>-90.19769</lon>
    <vVert>-1778</vVert>
    <vx>-342</vx>
    <vy>158</vy>
    <vVertRaw>-1214</vVertRaw>
    <vxRaw>-1555</vxRaw>
    <vyRaw>721</vyRaw>
    <frozen>0</frozen>
    <new>0</new>
    <pseudo>0</pseudo>
    <adsb>0</adsb>
    <reportedBeaconCode>6504</reportedBeaconCode>
    <reportedAltitude>22100</reportedAltitude>
  </track>
  <flightPlan>
    <sfpn>626</sfpn>
    <ocr>pending</ocr>
    <rnav>0</rnav>
    <scratchPad1>CID</scratchPad1>
    <cps>1T</cps>
    <runway>CID</runway>
    <assignedBeaconCode>6504</assignedBeaconCode>
    <requestedAltitude>0</requestedAltitude>
    <assignedAltitude>29000</assignedAltitude>
    <category>G</category>
    <dbi></dbi>
    <acid>ENY3462</acid>
    <acType>E170</acType>
    <entryFix>MLI</entryFix>
    <exitFix>CID</exitFix>
    <airport>CID</airport>
    <flightRules>IFR</flightRules>
    <rawFlightRules></rawFlightRules>
    <type>A</type>
    <ptdTime>1647</ptdTime>
    <status>active</status>
    <delete>0</delete>
    <suspended>0</suspended>
    <lld>N</lld>
    <ECID>939</ECID>
    <eqptSuffix>unavailable</eqptSuffix>
  </flightPlan>
  <enhancedData>
    <eramGufi>KW489174kj</eramGufi>
    <sfdpsGufi>us.fdps.2026-06-24T13:35:17Z.000/22/4kj</sfdpsGufi>
    <departureAirport>KDCA</departureAirport>
    <destinationAirport>KCID</destinationAirport>
  </enhancedData>
</record>

=== 16:37:32.067 PCT DAL737 ===
<record>
  <recSeqNum>11518</recSeqNum>
  <recSrc>A</recSrc>
  <recType>210</recType>
  <recSTARSTimestamp>59851640</recSTARSTimestamp>
  <recSTARSSrcID>0</recSTARSSrcID>
  <recSTARSTimeSync>true</recSTARSTimeSync>
  <recSAFAReceiptTime>2026-06-24T16:37:31.669Z</recSAFAReceiptTime>
  <recSAFATimeSync>true</recSAFATimeSync>
  <track>
    <trackNum>2569</trackNum>
    <mrtTime>2026-06-24T16:37:31.313Z</mrtTime>
    <status>active</status>
    <acAddress>a41c69</acAddress>
    <xPos>1011504</xPos>
    <yPos>315983</yPos>
    <lat>38.66586</lat>
    <lon>-77.01906</lon>
    <vVert>0</vVert>
    <vx>-5</vx>
    <vy>162</vy>
    <vVertRaw>0</vVertRaw>
    <vxRaw>-25</vxRaw>
    <vyRaw>739</vyRaw>
    <frozen>0</frozen>
    <new>0</new>
    <pseudo>0</pseudo>
    <adsb>1</adsb>
    <reportedBeaconCode>3352</reportedBeaconCode>
    <reportedAltitude>3000</reportedAltitude>
  </track>
  <flightPlan>
    <sfpn>1041</sfpn>
    <ocr>normal handoff</ocr>
    <rnav>0</rnav>
    <cps>1J</cps>
    <assignedBeaconCode>3352</assignedBeaconCode>
    <requestedAltitude>0</requestedAltitude>
    <assignedAltitude>13000</assignedAltitude>
    <category>F</category>
    <dbi></dbi>
    <acid>DAL737</acid>
    <acType>A320</acType>
    <entryFix>CAP</entryFix>
    <exitFix>DCA</exitFix>
    <airport>DCA</airport>
    <flightRules>IFR</flightRules>
    <rawFlightRules></rawFlightRules>
    <type>A</type>
    <ptdTime>1628</ptdTime>
    <status>active</status>
    <delete>0</delete>
    <suspended>0</suspended>
    <lld>NE</lld>
    <ECID>175</ECID>
    <eqptSuffix>unavailable</eqptSuffix>
  </flightPlan>
  <enhancedData>
    <eramGufi>KT510614Pn</eramGufi>
    <sfdpsGufi>us.fdps.2026-06-24T14:11:01Z.000/19/4Pn</sfdpsGufi>
    <departureAirport>KATL</departureAirport>
    <destinationAirport>KDCA</destinationAirport>
  </enhancedData>
</record>

=== 16:37:32.623 CID ENY3462 ===
<record>
  <recSeqNum>35752</recSeqNum>
  <recSrc>A</recSrc>
  <recType>210</recType>
  <recSTARSTimestamp>59852140</recSTARSTimestamp>
  <recSTARSSrcID>0</recSTARSSrcID>
  <recSTARSTimeSync>true</recSTARSTimeSync>
  <recSAFAReceiptTime>2026-06-24T16:37:32.147Z</recSAFAReceiptTime>
  <recSAFATimeSync>true</recSAFATimeSync>
  <track>
    <trackNum>344</trackNum>
    <mrtTime>2026-06-24T16:37:26.285Z</mrtTime>
    <status>active</status>
    <acAddress>000000</acAddress>
    <xPos>769608</xPos>
    <yPos>451851</yPos>
    <lat>41.34861</lat>
    <lon>-90.19769</lon>
    <vVert>-1778</vVert>
    <vx>-342</vx>
    <vy>158</vy>
    <vVertRaw>-1214</vVertRaw>
    <vxRaw>-1555</vxRaw>
    <vyRaw>721</vyRaw>
    <frozen>0</frozen>
    <new>0</new>
    <pseudo>0</pseudo>
    <adsb>0</adsb>
    <reportedBeaconCode>6504</reportedBeaconCode>
    <reportedAltitude>22100</reportedAltitude>
  </track>
  <flightPlan>
    <sfpn>626</sfpn>
    <ocr>pending</ocr>
    <rnav>0</rnav>
    <scratchPad1>CID</scratchPad1>
    <cps>1T</cps>
    <runway>CID</runway>
    <assignedBeaconCode>6504</assignedBeaconCode>
    <requestedAltitude>0</requestedAltitude>
    <assignedAltitude>29000</assignedAltitude>
    <category>G</category>
    <dbi></dbi>
    <acid>ENY3462</acid>
    <acType>E170</acType>
    <entryFix>MLI</entryFix>
    <exitFix>CID</exitFix>
    <airport>CID</airport>
    <flightRules>IFR</flightRules>
    <rawFlightRules></rawFlightRules>
    <type>A</type>
    <ptdTime>1647</ptdTime>
    <status>active</status>
    <delete>0</delete>
    <suspended>0</suspended>
    <lld>N</lld>
    <ECID>939</ECID>
    <eqptSuffix>unavailable</eqptSuffix>
  </flightPlan>
  <enhancedData>
    <eramGufi>KW489174kj</eramGufi>
    <sfdpsGufi>us.fdps.2026-06-24T13:35:17Z.000/22/4kj</sfdpsGufi>
    <departureAirport>KDCA</departureAirport>
    <destinationAirport>KCID</destinationAirport>
  </enhancedData>
</record>

=== 16:37:32.623 CID ENY3462 ===
<record>
  <recSeqNum>35753</recSeqNum>
  <recSrc>A</recSrc>
  <recType>210</recType>
  <recSTARSTimestamp>59852230</recSTARSTimestamp>
  <recSTARSSrcID>0</recSTARSSrcID>
  <recSTARSTimeSync>true</recSTARSTimeSync>
  <recSAFAReceiptTime>2026-06-24T16:37:32.247Z</recSAFAReceiptTime>
  <recSAFATimeSync>true</recSAFATimeSync>
  <track>
    <trackNum>344</trackNum>
    <mrtTime>2026-06-24T16:37:29.870Z</mrtTime>
    <status>active</status>
    <acAddress>000000</acAddress>
    <xPos>769521</xPos>
    <yPos>451891</yPos>
    <lat>41.35133</lat>
    <lon>-90.20517</lon>
    <vVert>-1772</vVert>
    <vx>-341</vx>
    <vy>158</vy>
    <vVertRaw>-1210</vVertRaw>
    <vxRaw>-1554</vxRaw>
    <vyRaw>720</vyRaw>
    <frozen>0</frozen>
    <new>0</new>
    <pseudo>0</pseudo>
    <adsb>0</adsb>
    <reportedBeaconCode>6504</reportedBeaconCode>
    <reportedAltitude>22000</reportedAltitude>
  </track>
  <flightPlan>
    <sfpn>626</sfpn>
    <ocr>pending</ocr>
    <rnav>0</rnav>
    <scratchPad1>CID</scratchPad1>
    <cps>1T</cps>
    <runway>CID</runway>
    <assignedBeaconCode>6504</assignedBeaconCode>
    <requestedAltitude>0</requestedAltitude>
    <assignedAltitude>29000</assignedAltitude>
    <category>G</category>
    <dbi></dbi>
    <acid>ENY3462</acid>
    <acType>E170</acType>
    <entryFix>MLI</entryFix>
    <exitFix>CID</exitFix>
    <airport>CID</airport>
    <flightRules>IFR</flightRules>
    <rawFlightRules></rawFlightRules>
    <type>A</type>
    <ptdTime>1647</ptdTime>
    <status>active</status>
    <delete>0</delete>
    <suspended>0</suspended>
    <lld>N</lld>
    <ECID>939</ECID>
    <eqptSuffix>unavailable</eqptSuffix>
  </flightPlan>
  <enhancedData>
    <eramGufi>KW489174kj</eramGufi>
    <sfdpsGufi>us.fdps.2026-06-24T13:35:17Z.000/22/4kj</sfdpsGufi>
    <departureAirport>KDCA</departureAirport>
    <destinationAirport>KCID</destinationAirport>
  </enhancedData>
</record>

=== 16:37:38.594 CID ENY3462 ===
<record>
  <recSeqNum>35936</recSeqNum>
  <recSrc>A</recSrc>
  <recType>210</recType>
  <recSTARSTimestamp>59858070</recSTARSTimestamp>
  <recSTARSSrcID>0</recSTARSSrcID>
  <recSTARSTimeSync>true</recSTARSTimeSync>
  <recSAFAReceiptTime>2026-06-24T16:37:38.112Z</recSAFAReceiptTime>
  <recSAFATimeSync>true</recSAFATimeSync>
  <track>
    <trackNum>344</trackNum>
    <mrtTime>2026-06-24T16:37:35.887Z</mrtTime>
    <status>active</status>
    <acAddress>000000</acAddress>
    <xPos>769375</xPos>
    <yPos>451959</yPos>
    <lat>41.35592</lat>
    <lon>-90.21767</lon>
    <vVert>-1771</vVert>
    <vx>-341</vx>
    <vy>158</vy>
    <vVertRaw>-1209</vVertRaw>
    <vxRaw>-1553</vxRaw>
    <vyRaw>720</vyRaw>
    <frozen>0</frozen>
    <new>0</new>
    <pseudo>0</pseudo>
    <adsb>0</adsb>
    <reportedBeaconCode>6504</reportedBeaconCode>
    <reportedAltitude>21800</reportedAltitude>
  </track>
  <flightPlan>
    <sfpn>626</sfpn>
    <ocr>pending</ocr>
    <rnav>0</rnav>
    <scratchPad1>CID</scratchPad1>
    <cps>1T</cps>
    <runway>CID</runway>
    <assignedBeaconCode>6504</assignedBeaconCode>
    <requestedAltitude>0</requestedAltitude>
    <assignedAltitude>29000</assignedAltitude>
    <category>G</category>
    <dbi></dbi>
    <acid>ENY3462</acid>
    <acType>E170</acType>
    <entryFix>MLI</entryFix>
    <exitFix>CID</exitFix>
    <airport>CID</airport>
    <flightRules>IFR</flightRules>
    <rawFlightRules></rawFlightRules>
    <type>A</type>
    <ptdTime>1647</ptdTime>
    <status>active</status>
    <delete>0</delete>
    <suspended>0</suspended>
    <lld>N</lld>
    <ECID>939</ECID>
    <eqptSuffix>unavailable</eqptSuffix>
  </flightPlan>
  <enhancedData>
    <eramGufi>KW489174kj</eramGufi>
    <sfdpsGufi>us.fdps.2026-06-24T13:35:17Z.000/22/4kj</sfdpsGufi>
    <departureAirport>KDCA</departureAirport>
    <destinationAirport>KCID</destinationAirport>
  </enhancedData>
</record>

=== 16:37:40.102 PCT DAL737 ===
<record>
  <recSeqNum>12496</recSeqNum>
  <recSrc>A</recSrc>
  <recType>210</recType>
  <recSTARSTimestamp>59859730</recSTARSTimestamp>
  <recSTARSSrcID>0</recSTARSSrcID>
  <recSTARSTimeSync>true</recSTARSTimeSync>
  <recSAFAReceiptTime>2026-06-24T16:37:39.742Z</recSAFAReceiptTime>
  <recSAFATimeSync>true</recSAFATimeSync>
  <track>
    <trackNum>2569</trackNum>
    <mrtTime>2026-06-24T16:37:38.830Z</mrtTime>
    <status>active</status>
    <acAddress>a41c69</acAddress>
    <xPos>1011499</xPos>
    <yPos>316071</yPos>
    <lat>38.67161</lat>
    <lon>-77.01947</lon>
    <vVert>0</vVert>
    <vx>-9</vx>
    <vy>164</vy>
    <vVertRaw>0</vVertRaw>
    <vxRaw>-43</vxRaw>
    <vyRaw>747</vyRaw>
    <frozen>0</frozen>
    <new>0</new>
    <pseudo>0</pseudo>
    <adsb>1</adsb>
    <reportedBeaconCode>3352</reportedBeaconCode>
    <reportedAltitude>3000</reportedAltitude>
  </track>
  <flightPlan>
    <sfpn>1041</sfpn>
    <ocr>normal handoff</ocr>
    <rnav>0</rnav>
    <cps>1J</cps>
    <assignedBeaconCode>3352</assignedBeaconCode>
    <requestedAltitude>0</requestedAltitude>
    <assignedAltitude>13000</assignedAltitude>
    <category>F</category>
    <dbi></dbi>
    <acid>DAL737</acid>
    <acType>A320</acType>
    <entryFix>CAP</entryFix>
    <exitFix>DCA</exitFix>
    <airport>DCA</airport>
    <flightRules>IFR</flightRules>
    <rawFlightRules></rawFlightRules>
    <type>A</type>
    <ptdTime>1628</ptdTime>
    <status>active</status>
    <delete>0</delete>
    <suspended>0</suspended>
    <lld>NE</lld>
    <ECID>175</ECID>
    <eqptSuffix>unavailable</eqptSuffix>
  </flightPlan>
  <enhancedData>
    <eramGufi>KT510614Pn</eramGufi>
    <sfdpsGufi>us.fdps.2026-06-24T14:11:01Z.000/19/4Pn</sfdpsGufi>
    <departureAirport>KATL</departureAirport>
    <destinationAirport>KDCA</destinationAirport>
  </enhancedData>
</record>

=== 16:37:42.995 T75 SWA733 ===
<record>
  <recSeqNum>4565</recSeqNum>
  <recSrc>A</recSrc>
  <recType>210</recType>
  <recSTARSTimestamp>59862530</recSTARSTimestamp>
  <recSTARSSrcID>0</recSTARSSrcID>
  <recSTARSTimeSync>true</recSTARSTimeSync>
  <recSAFAReceiptTime>2026-06-24T16:37:42.560Z</recSAFAReceiptTime>
  <recSAFATimeSync>true</recSAFATimeSync>
  <track>
    <trackNum>3303</trackNum>
    <mrtTime>2026-06-24T16:37:42.250Z</mrtTime>
    <status>active</status>
    <acAddress>a2bb10</acAddress>
    <xPos>775988</xPos>
    <yPos>396800</yPos>
    <lat>38.24144</lat>
    <lon>-90.08136</lon>
    <vVert>-741</vVert>
    <vx>-27</vx>
    <vy>319</vy>
    <vVertRaw>-506</vVertRaw>
    <vxRaw>-123</vxRaw>
    <vyRaw>1454</vyRaw>
    <frozen>0</frozen>
    <new>0</new>
    <pseudo>0</pseudo>
    <adsb>1</adsb>
    <reportedBeaconCode>1144</reportedBeaconCode>
    <reportedAltitude>10200</reportedAltitude>
  </track>
  <flightPlan>
    <sfpn>296</sfpn>
    <ocr>normal handoff</ocr>
    <rnav>1</rnav>
    <scratchPad1>VAR</scratchPad1>
    <cps>1N</cps>
    <runway>VAR</runway>
    <assignedBeaconCode>1144</assignedBeaconCode>
    <requestedAltitude>0</requestedAltitude>
    <assignedAltitude>10000</assignedAltitude>
    <category>F</category>
    <dbi></dbi>
    <acid>SWA733</acid>
    <acType>B737</acType>
    <entryFix>BOO</entryFix>
    <exitFix>STL</exitFix>
    <airport>STL</airport>
    <flightRules>IFR</flightRules>
    <rawFlightRules></rawFlightRules>
    <type>A</type>
    <ptdTime>1635</ptdTime>
    <status>active</status>
    <delete>0</delete>
    <suspended>0</suspended>
    <lld>NE</lld>
    <ECID>939</ECID>
    <eqptSuffix>unavailable</eqptSuffix>
  </flightPlan>
  <enhancedData>
    <eramGufi>KW461134Iw</eramGufi>
    <sfdpsGufi>us.fdps.2026-06-24T12:48:33Z.000/22/4Iw</sfdpsGufi>
    <departureAirport>KBWI</departureAirport>
    <destinationAirport>KSTL</destinationAirport>
  </enhancedData>
</record>

=== 16:37:44.502 CID ENY3462 ===
<record>
  <recSeqNum>36101</recSeqNum>
  <recSrc>A</recSrc>
  <recType>210</recType>
  <recSTARSTimestamp>59864060</recSTARSTimestamp>
  <recSTARSSrcID>0</recSTARSSrcID>
  <recSTARSTimeSync>true</recSTARSTimeSync>
  <recSAFAReceiptTime>2026-06-24T16:37:44.108Z</recSAFAReceiptTime>
  <recSAFATimeSync>true</recSAFATimeSync>
  <track>
    <trackNum>344</trackNum>
    <mrtTime>2026-06-24T16:37:40.732Z</mrtTime>
    <status>active</status>
    <acAddress>000000</acAddress>
    <xPos>769258</xPos>
    <yPos>452014</yPos>
    <lat>41.35964</lat>
    <lon>-90.22772</lon>
    <vVert>-1780</vVert>
    <vx>-341</vx>
    <vy>159</vy>
    <vVertRaw>-1215</vVertRaw>
    <vxRaw>-1553</vxRaw>
    <vyRaw>722</vyRaw>
    <frozen>0</frozen>
    <new>0</new>
    <pseudo>0</pseudo>
    <adsb>0</adsb>
    <reportedBeaconCode>6504</reportedBeaconCode>
    <reportedAltitude>21600</reportedAltitude>
  </track>
  <flightPlan>
    <sfpn>626</sfpn>
    <ocr>pending</ocr>
    <rnav>0</rnav>
    <scratchPad1>CID</scratchPad1>
    <cps>1T</cps>
    <runway>CID</runway>
    <assignedBeaconCode>6504</assignedBeaconCode>
    <requestedAltitude>0</requestedAltitude>
    <assignedAltitude>29000</assignedAltitude>
    <category>G</category>
    <dbi></dbi>
    <acid>ENY3462</acid>
    <acType>E170</acType>
    <entryFix>MLI</entryFix>
    <exitFix>CID</exitFix>
    <airport>CID</airport>
    <flightRules>IFR</flightRules>
    <rawFlightRules></rawFlightRules>
    <type>A</type>
    <ptdTime>1647</ptdTime>
    <status>active</status>
    <delete>0</delete>
    <suspended>0</suspended>
    <lld>N</lld>
    <ECID>939</ECID>
    <eqptSuffix>unavailable</eqptSuffix>
  </flightPlan>
  <enhancedData>
    <eramGufi>KW489174kj</eramGufi>
    <sfdpsGufi>us.fdps.2026-06-24T13:35:17Z.000/22/4kj</sfdpsGufi>
    <departureAirport>KDCA</departureAirport>
    <destinationAirport>KCID</destinationAirport>
  </enhancedData>
</record>

=== 16:37:44.976 PCT DAL737 ===
<record>
  <recSeqNum>13069</recSeqNum>
  <recSrc>A</recSrc>
  <recType>210</recType>
  <recSTARSTimestamp>59864530</recSTARSTimestamp>
  <recSTARSSrcID>0</recSTARSSrcID>
  <recSTARSTimeSync>true</recSTARSTimeSync>
  <recSAFAReceiptTime>2026-06-24T16:37:44.559Z</recSAFAReceiptTime>
  <recSAFATimeSync>true</recSAFATimeSync>
  <track>
    <trackNum>2569</trackNum>
    <mrtTime>2026-06-24T16:37:43.290Z</mrtTime>
    <status>active</status>
    <acAddress>a41c69</acAddress>
    <xPos>1011494</xPos>
    <yPos>316125</yPos>
    <lat>38.67514</lat>
    <lon>-77.01986</lon>
    <vVert>0</vVert>
    <vx>-13</vx>
    <vy>166</vy>
    <vVertRaw>0</vVertRaw>
    <vxRaw>-60</vxRaw>
    <vyRaw>756</vyRaw>
    <frozen>0</frozen>
    <new>0</new>
    <pseudo>0</pseudo>
    <adsb>1</adsb>
    <reportedBeaconCode>3352</reportedBeaconCode>
    <reportedAltitude>3000</reportedAltitude>
  </track>
  <flightPlan>
    <sfpn>1041</sfpn>
    <ocr>normal handoff</ocr>
    <rnav>0</rnav>
    <cps>1J</cps>
    <assignedBeaconCode>3352</assignedBeaconCode>
    <requestedAltitude>0</requestedAltitude>
    <assignedAltitude>13000</assignedAltitude>
    <category>F</category>
    <dbi></dbi>
    <acid>DAL737</acid>
    <acType>A320</acType>
    <entryFix>CAP</entryFix>
    <exitFix>DCA</exitFix>
    <airport>DCA</airport>
    <flightRules>IFR</flightRules>
    <rawFlightRules></rawFlightRules>
    <type>A</type>
    <ptdTime>1628</ptdTime>
    <status>active</status>
    <delete>0</delete>
    <suspended>0</suspended>
    <lld>NE</lld>
    <ECID>175</ECID>
    <eqptSuffix>unavailable</eqptSuffix>
  </flightPlan>
  <enhancedData>
    <eramGufi>KT510614Pn</eramGufi>
    <sfdpsGufi>us.fdps.2026-06-24T14:11:01Z.000/19/4Pn</sfdpsGufi>
    <departureAirport>KATL</departureAirport>
    <destinationAirport>KDCA</destinationAirport>
  </enhancedData>
</record>

=== 16:37:51.025 T75 SWA733 ===
<record>
  <recSeqNum>4812</recSeqNum>
  <recSrc>A</recSrc>
  <recType>210</recType>
  <recSTARSTimestamp>59870630</recSTARSTimestamp>
  <recSTARSSrcID>0</recSTARSSrcID>
  <recSTARSTimeSync>true</recSTARSTimeSync>
  <recSAFAReceiptTime>2026-06-24T16:37:50.675Z</recSAFAReceiptTime>
  <recSAFATimeSync>true</recSAFATimeSync>
  <track>
    <trackNum>3303</trackNum>
    <mrtTime>2026-06-24T16:37:50.291Z</mrtTime>
    <status>active</status>
    <acAddress>a2bb10</acAddress>
    <xPos>775972</xPos>
    <yPos>396985</yPos>
    <lat>38.2535</lat>
    <lon>-90.08272</lon>
    <vVert>-757</vVert>
    <vx>-27</vx>
    <vy>322</vy>
    <vVertRaw>-517</vVertRaw>
    <vxRaw>-124</vxRaw>
    <vyRaw>1464</vyRaw>
    <frozen>0</frozen>
    <new>0</new>
    <pseudo>0</pseudo>
    <adsb>1</adsb>
    <reportedBeaconCode>1144</reportedBeaconCode>
    <reportedAltitude>10100</reportedAltitude>
  </track>
  <flightPlan>
    <sfpn>296</sfpn>
    <ocr>normal handoff</ocr>
    <rnav>1</rnav>
    <scratchPad1>VAR</scratchPad1>
    <cps>1N</cps>
    <runway>VAR</runway>
    <assignedBeaconCode>1144</assignedBeaconCode>
    <requestedAltitude>0</requestedAltitude>
    <assignedAltitude>10000</assignedAltitude>
    <category>F</category>
    <dbi></dbi>
    <acid>SWA733</acid>
    <acType>B737</acType>
    <entryFix>BOO</entryFix>
    <exitFix>STL</exitFix>
    <airport>STL</airport>
    <flightRules>IFR</flightRules>
    <rawFlightRules></rawFlightRules>
    <type>A</type>
    <ptdTime>1635</ptdTime>
    <status>active</status>
    <delete>0</delete>
    <suspended>0</suspended>
    <lld>NE</lld>
    <ECID>939</ECID>
    <eqptSuffix>unavailable</eqptSuffix>
  </flightPlan>
  <enhancedData>
    <eramGufi>KW461134Iw</eramGufi>
    <sfdpsGufi>us.fdps.2026-06-24T12:48:33Z.000/22/4Iw</sfdpsGufi>
    <departureAirport>KBWI</departureAirport>
    <destinationAirport>KSTL</destinationAirport>
  </enhancedData>
</record>

=== 16:37:53.064 PCT DAL737 ===
<record>
  <recSeqNum>14075</recSeqNum>
  <recSrc>A</recSrc>
  <recType>210</recType>
  <recSTARSTimestamp>59872630</recSTARSTimestamp>
  <recSTARSSrcID>0</recSTARSSrcID>
  <recSTARSTimeSync>true</recSTARSTimeSync>
  <recSAFAReceiptTime>2026-06-24T16:37:52.634Z</recSAFAReceiptTime>
  <recSAFATimeSync>true</recSAFATimeSync>
  <track>
    <trackNum>2569</trackNum>
    <mrtTime>2026-06-24T16:37:52.312Z</mrtTime>
    <status>active</status>
    <acAddress>a41c69</acAddress>
    <xPos>1011483</xPos>
    <yPos>316233</yPos>
    <lat>38.68217</lat>
    <lon>-77.02075</lon>
    <vVert>-117</vVert>
    <vx>-15</vx>
    <vy>168</vy>
    <vVertRaw>-80</vVertRaw>
    <vxRaw>-68</vxRaw>
    <vyRaw>763</vyRaw>
    <frozen>0</frozen>
    <new>0</new>
    <pseudo>0</pseudo>
    <adsb>1</adsb>
    <reportedBeaconCode>3352</reportedBeaconCode>
    <reportedAltitude>3000</reportedAltitude>
  </track>
  <flightPlan>
    <sfpn>1041</sfpn>
    <ocr>normal handoff</ocr>
    <rnav>0</rnav>
    <cps>1J</cps>
    <assignedBeaconCode>3352</assignedBeaconCode>
    <requestedAltitude>0</requestedAltitude>
    <assignedAltitude>13000</assignedAltitude>
    <category>F</category>
    <dbi></dbi>
    <acid>DAL737</acid>
    <acType>A320</acType>
    <entryFix>CAP</entryFix>
    <exitFix>DCA</exitFix>
    <airport>DCA</airport>
    <flightRules>IFR</flightRules>
    <rawFlightRules></rawFlightRules>
    <type>A</type>
    <ptdTime>1628</ptdTime>
    <status>active</status>
    <delete>0</delete>
    <suspended>0</suspended>
    <lld>NE</lld>
    <ECID>175</ECID>
    <eqptSuffix>unavailable</eqptSuffix>
  </flightPlan>
  <enhancedData>
    <eramGufi>KT510614Pn</eramGufi>
    <sfdpsGufi>us.fdps.2026-06-24T14:11:01Z.000/19/4Pn</sfdpsGufi>
    <departureAirport>KATL</departureAirport>
    <destinationAirport>KDCA</destinationAirport>
  </enhancedData>
</record>

=== 16:37:56.801 CID ENY3462 ===
<record>
  <recSeqNum>36448</recSeqNum>
  <recSrc>A</recSrc>
  <recType>210</recType>
  <recSTARSTimestamp>59876230</recSTARSTimestamp>
  <recSTARSSrcID>0</recSTARSSrcID>
  <recSTARSTimeSync>true</recSTARSTimeSync>
  <recSAFAReceiptTime>2026-06-24T16:37:56.274Z</recSAFAReceiptTime>
  <recSAFATimeSync>true</recSAFATimeSync>
  <track>
    <trackNum>344</trackNum>
    <mrtTime>2026-06-24T16:37:53.938Z</mrtTime>
    <status>active</status>
    <acAddress>000000</acAddress>
    <xPos>768936</xPos>
    <yPos>452164</yPos>
    <lat>41.36975</lat>
    <lon>-90.25533</lon>
    <vVert>-1765</vVert>
    <vx>-342</vx>
    <vy>159</vy>
    <vVertRaw>-1205</vVertRaw>
    <vxRaw>-1556</vxRaw>
    <vyRaw>723</vyRaw>
    <frozen>0</frozen>
    <new>0</new>
    <pseudo>0</pseudo>
    <adsb>0</adsb>
    <reportedBeaconCode>6504</reportedBeaconCode>
    <reportedAltitude>21300</reportedAltitude>
  </track>
  <flightPlan>
    <sfpn>626</sfpn>
    <ocr>pending</ocr>
    <rnav>0</rnav>
    <scratchPad1>CID</scratchPad1>
    <cps>1T</cps>
    <runway>CID</runway>
    <assignedBeaconCode>6504</assignedBeaconCode>
    <requestedAltitude>0</requestedAltitude>
    <assignedAltitude>29000</assignedAltitude>
    <category>G</category>
    <dbi></dbi>
    <acid>ENY3462</acid>
    <acType>E170</acType>
    <entryFix>MLI</entryFix>
    <exitFix>CID</exitFix>
    <airport>CID</airport>
    <flightRules>IFR</flightRules>
    <rawFlightRules></rawFlightRules>
    <type>A</type>
    <ptdTime>1647</ptdTime>
    <status>active</status>
    <delete>0</delete>
    <suspended>0</suspended>
    <lld>N</lld>
    <ECID>939</ECID>
    <eqptSuffix>unavailable</eqptSuffix>
  </flightPlan>
  <enhancedData>
    <eramGufi>KW489174kj</eramGufi>
    <sfdpsGufi>us.fdps.2026-06-24T13:35:17Z.000/22/4kj</sfdpsGufi>
    <departureAirport>KDCA</departureAirport>
    <destinationAirport>KCID</destinationAirport>
  </enhancedData>
</record>

=== 16:38:06.569 CID ENY3462 ===
<record>
  <recSeqNum>36731</recSeqNum>
  <recSrc>A</recSrc>
  <recType>210</recType>
  <recSTARSTimestamp>59886130</recSTARSTimestamp>
  <recSTARSSrcID>0</recSTARSSrcID>
  <recSTARSTimeSync>true</recSTARSTimeSync>
  <recSAFAReceiptTime>2026-06-24T16:38:06.144Z</recSAFAReceiptTime>
  <recSAFATimeSync>true</recSAFATimeSync>
  <track>
    <trackNum>344</trackNum>
    <mrtTime>2026-06-24T16:38:04.859Z</mrtTime>
    <status>active</status>
    <acAddress>000000</acAddress>
    <xPos>768671</xPos>
    <yPos>452286</yPos>
    <lat>41.378</lat>
    <lon>-90.27806</lon>
    <vVert>-1771</vVert>
    <vx>-341</vx>
    <vy>158</vy>
    <vVertRaw>-1209</vVertRaw>
    <vxRaw>-1553</vxRaw>
    <vyRaw>721</vyRaw>
    <frozen>0</frozen>
    <new>0</new>
    <pseudo>0</pseudo>
    <adsb>0</adsb>
    <reportedBeaconCode>6504</reportedBeaconCode>
    <reportedAltitude>20900</reportedAltitude>
  </track>
  <flightPlan>
    <sfpn>626</sfpn>
    <ocr>pending</ocr>
    <rnav>0</rnav>
    <scratchPad1>CID</scratchPad1>
    <cps>1T</cps>
    <runway>CID</runway>
    <assignedBeaconCode>6504</assignedBeaconCode>
    <requestedAltitude>0</requestedAltitude>
    <assignedAltitude>29000</assignedAltitude>
    <category>G</category>
    <dbi></dbi>
    <acid>ENY3462</acid>
    <acType>E170</acType>
    <entryFix>MLI</entryFix>
    <exitFix>CID</exitFix>
    <airport>CID</airport>
    <flightRules>IFR</flightRules>
    <rawFlightRules></rawFlightRules>
    <type>A</type>
    <ptdTime>1647</ptdTime>
    <status>active</status>
    <delete>0</delete>
    <suspended>0</suspended>
    <lld>N</lld>
    <ECID>939</ECID>
    <eqptSuffix>unavailable</eqptSuffix>
  </flightPlan>
  <enhancedData>
    <eramGufi>KW489174kj</eramGufi>
    <sfdpsGufi>us.fdps.2026-06-24T13:35:17Z.000/22/4kj</sfdpsGufi>
    <departureAirport>KDCA</departureAirport>
    <destinationAirport>KCID</destinationAirport>
  </enhancedData>
</record>

=== 16:38:09.508 PCT DAL737 ===
<record>
  <recSeqNum>16359</recSeqNum>
  <recSrc>A</recSrc>
  <recType>210</recType>
  <recSTARSTimestamp>59889290</recSTARSTimestamp>
  <recSTARSSrcID>0</recSTARSSrcID>
  <recSTARSTimeSync>true</recSTARSTimeSync>
  <recSAFAReceiptTime>2026-06-24T16:38:09.304Z</recSAFAReceiptTime>
  <recSAFATimeSync>true</recSAFATimeSync>
  <track>
    <trackNum>2569</trackNum>
    <mrtTime>2026-06-24T16:38:08.956Z</mrtTime>
    <status>active</status>
    <acAddress>a41c69</acAddress>
    <xPos>1011468</xPos>
    <yPos>316430</yPos>
    <lat>38.695</lat>
    <lon>-77.02197</lon>
    <vVert>-645</vVert>
    <vx>-14</vx>
    <vy>166</vy>
    <vVertRaw>-440</vVertRaw>
    <vxRaw>-62</vxRaw>
    <vyRaw>756</vyRaw>
    <frozen>0</frozen>
    <new>0</new>
    <pseudo>0</pseudo>
    <adsb>1</adsb>
    <reportedBeaconCode>3352</reportedBeaconCode>
    <reportedAltitude>2800</reportedAltitude>
  </track>
  <flightPlan>
    <sfpn>1041</sfpn>
    <ocr>normal handoff</ocr>
    <rnav>0</rnav>
    <cps>1J</cps>
    <assignedBeaconCode>3352</assignedBeaconCode>
    <requestedAltitude>0</requestedAltitude>
    <assignedAltitude>13000</assignedAltitude>
    <category>F</category>
    <dbi></dbi>
    <acid>DAL737</acid>
    <acType>A320</acType>
    <entryFix>CAP</entryFix>
    <exitFix>DCA</exitFix>
    <airport>DCA</airport>
    <flightRules>IFR</flightRules>
    <rawFlightRules></rawFlightRules>
    <type>A</type>
    <ptdTime>1628</ptdTime>
    <status>active</status>
    <delete>0</delete>
    <suspended>0</suspended>
    <lld>NE</lld>
    <ECID>175</ECID>
    <eqptSuffix>unavailable</eqptSuffix>
  </flightPlan>
  <enhancedData>
    <eramGufi>KT510614Pn</eramGufi>
    <sfdpsGufi>us.fdps.2026-06-24T14:11:01Z.000/19/4Pn</sfdpsGufi>
    <departureAirport>KATL</departureAirport>
    <destinationAirport>KDCA</destinationAirport>
  </enhancedData>
</record>

=== 16:38:16.351 CID ENY3462 ===
<record>
  <recSeqNum>37018</recSeqNum>
  <recSrc>A</recSrc>
  <recType>210</recType>
  <recSTARSTimestamp>59895870</recSTARSTimestamp>
  <recSTARSSrcID>0</recSTARSSrcID>
  <recSTARSTimeSync>true</recSTARSTimeSync>
  <recSAFAReceiptTime>2026-06-24T16:38:15.900Z</recSAFAReceiptTime>
  <recSAFATimeSync>true</recSAFATimeSync>
  <track>
    <trackNum>344</trackNum>
    <mrtTime>2026-06-24T16:38:14.509Z</mrtTime>
    <status>active</status>
    <acAddress>000000</acAddress>
    <xPos>768436</xPos>
    <yPos>452394</yPos>
    <lat>41.38528</lat>
    <lon>-90.29822</lon>
    <vVert>-1762</vVert>
    <vx>-342</vx>
    <vy>158</vy>
    <vVertRaw>-1203</vVertRaw>
    <vxRaw>-1556</vxRaw>
    <vyRaw>717</vyRaw>
    <frozen>0</frozen>
    <new>0</new>
    <pseudo>0</pseudo>
    <adsb>0</adsb>
    <reportedBeaconCode>6504</reportedBeaconCode>
    <reportedAltitude>20700</reportedAltitude>
  </track>
  <flightPlan>
    <sfpn>626</sfpn>
    <ocr>pending</ocr>
    <rnav>0</rnav>
    <scratchPad1>CID</scratchPad1>
    <cps>1T</cps>
    <runway>CID</runway>
    <assignedBeaconCode>6504</assignedBeaconCode>
    <requestedAltitude>0</requestedAltitude>
    <assignedAltitude>29000</assignedAltitude>
    <category>G</category>
    <dbi></dbi>
    <acid>ENY3462</acid>
    <acType>E170</acType>
    <entryFix>MLI</entryFix>
    <exitFix>CID</exitFix>
    <airport>CID</airport>
    <flightRules>IFR</flightRules>
    <rawFlightRules></rawFlightRules>
    <type>A</type>
    <ptdTime>1647</ptdTime>
    <status>active</status>
    <delete>0</delete>
    <suspended>0</suspended>
    <lld>N</lld>
    <ECID>939</ECID>
    <eqptSuffix>unavailable</eqptSuffix>
  </flightPlan>
  <enhancedData>
    <eramGufi>KW489174kj</eramGufi>
    <sfdpsGufi>us.fdps.2026-06-24T13:35:17Z.000/22/4kj</sfdpsGufi>
    <departureAirport>KDCA</departureAirport>
    <destinationAirport>KCID</destinationAirport>
  </enhancedData>
</record>

=== 16:38:27.797 T75 SWA733 ===
<record>
  <recSeqNum>5993</recSeqNum>
  <recSrc>A</recSrc>
  <recType>210</recType>
  <recSTARSTimestamp>59907240</recSTARSTimestamp>
  <recSTARSSrcID>0</recSTARSSrcID>
  <recSTARSTimeSync>true</recSTARSTimeSync>
  <recSAFAReceiptTime>2026-06-24T16:38:27.264Z</recSAFAReceiptTime>
  <recSAFATimeSync>true</recSAFATimeSync>
  <track>
    <trackNum>3303</trackNum>
    <mrtTime>2026-06-24T16:38:26.899Z</mrtTime>
    <status>active</status>
    <acAddress>a2bb10</acAddress>
    <xPos>775902</xPos>
    <yPos>397782</yPos>
    <lat>38.30544</lat>
    <lon>-90.08867</lon>
    <vVert>53</vVert>
    <vx>-26</vx>
    <vy>297</vy>
    <vVertRaw>36</vVertRaw>
    <vxRaw>-117</vxRaw>
    <vyRaw>1350</vyRaw>
    <frozen>0</frozen>
    <new>0</new>
    <pseudo>0</pseudo>
    <adsb>1</adsb>
    <reportedBeaconCode>1144</reportedBeaconCode>
    <reportedAltitude>10000</reportedAltitude>
  </track>
  <flightPlan>
    <sfpn>296</sfpn>
    <ocr>normal handoff</ocr>
    <rnav>1</rnav>
    <scratchPad1>VAR</scratchPad1>
    <cps>1N</cps>
    <runway>VAR</runway>
    <assignedBeaconCode>1144</assignedBeaconCode>
    <requestedAltitude>0</requestedAltitude>
    <assignedAltitude>10000</assignedAltitude>
    <category>F</category>
    <dbi></dbi>
    <acid>SWA733</acid>
    <acType>B737</acType>
    <entryFix>BOO</entryFix>
    <exitFix>STL</exitFix>
    <airport>STL</airport>
    <flightRules>IFR</flightRules>
    <rawFlightRules></rawFlightRules>
    <type>A</type>
    <ptdTime>1635</ptdTime>
    <status>active</status>
    <delete>0</delete>
    <suspended>0</suspended>
    <lld>NE</lld>
    <ECID>939</ECID>
    <eqptSuffix>unavailable</eqptSuffix>
  </flightPlan>
  <enhancedData>
    <eramGufi>KW461134Iw</eramGufi>
    <sfdpsGufi>us.fdps.2026-06-24T12:48:33Z.000/22/4Iw</sfdpsGufi>
    <departureAirport>KBWI</departureAirport>
    <destinationAirport>KSTL</destinationAirport>
  </enhancedData>
</record>

=== 16:38:30.477 PCT DAL737 ===
<record>
  <recSeqNum>18930</recSeqNum>
  <recSrc>A</recSrc>
  <recType>210</recType>
  <recSTARSTimestamp>59910280</recSTARSTimestamp>
  <recSTARSSrcID>0</recSTARSSrcID>
  <recSTARSTimeSync>true</recSTARSTimeSync>
  <recSAFAReceiptTime>2026-06-24T16:38:30.328Z</recSAFAReceiptTime>
  <recSAFATimeSync>true</recSAFATimeSync>
  <track>
    <trackNum>2569</trackNum>
    <mrtTime>2026-06-24T16:38:29.809Z</mrtTime>
    <status>active</status>
    <acAddress>a41c69</acAddress>
    <xPos>1011447</xPos>
    <yPos>316669</yPos>
    <lat>38.71058</lat>
    <lon>-77.02367</lon>
    <vVert>-801</vVert>
    <vx>-14</vx>
    <vy>161</vy>
    <vVertRaw>-547</vVertRaw>
    <vxRaw>-63</vxRaw>
    <vyRaw>735</vyRaw>
    <frozen>0</frozen>
    <new>0</new>
    <pseudo>0</pseudo>
    <adsb>1</adsb>
    <reportedBeaconCode>3352</reportedBeaconCode>
    <reportedAltitude>2500</reportedAltitude>
  </track>
  <flightPlan>
    <sfpn>1041</sfpn>
    <ocr>normal handoff</ocr>
    <rnav>0</rnav>
    <cps>1J</cps>
    <assignedBeaconCode>3352</assignedBeaconCode>
    <requestedAltitude>0</requestedAltitude>
    <assignedAltitude>13000</assignedAltitude>
    <category>F</category>
    <dbi></dbi>
    <acid>DAL737</acid>
    <acType>A320</acType>
    <entryFix>CAP</entryFix>
    <exitFix>DCA</exitFix>
    <airport>DCA</airport>
    <flightRules>IFR</flightRules>
    <rawFlightRules></rawFlightRules>
    <type>A</type>
    <ptdTime>1628</ptdTime>
    <status>active</status>
    <delete>0</delete>
    <suspended>0</suspended>
    <lld>NE</lld>
    <ECID>175</ECID>
    <eqptSuffix>unavailable</eqptSuffix>
  </flightPlan>
  <enhancedData>
    <eramGufi>KT510614Pn</eramGufi>
    <sfdpsGufi>us.fdps.2026-06-24T14:11:01Z.000/19/4Pn</sfdpsGufi>
    <departureAirport>KATL</departureAirport>
    <destinationAirport>KDCA</destinationAirport>
  </enhancedData>
</record>

=== 16:38:34.717 PCT DAL737 ===
<record>
  <recSeqNum>19448</recSeqNum>
  <recSrc>A</recSrc>
  <recType>210</recType>
  <recSTARSTimestamp>59914340</recSTARSTimestamp>
  <recSTARSSrcID>0</recSTARSSrcID>
  <recSTARSTimeSync>true</recSTARSTimeSync>
  <recSAFAReceiptTime>2026-06-24T16:38:34.360Z</recSAFAReceiptTime>
  <recSAFATimeSync>true</recSAFATimeSync>
  <track>
    <trackNum>2569</trackNum>
    <mrtTime>2026-06-24T16:38:33.889Z</mrtTime>
    <status>active</status>
    <acAddress>a41c69</acAddress>
    <xPos>1011443</xPos>
    <yPos>316716</yPos>
    <lat>38.71364</lat>
    <lon>-77.024</lon>
    <vVert>-854</vVert>
    <vx>-13</vx>
    <vy>161</vy>
    <vVertRaw>-583</vVertRaw>
    <vxRaw>-60</vxRaw>
    <vyRaw>735</vyRaw>
    <frozen>0</frozen>
    <new>0</new>
    <pseudo>0</pseudo>
    <adsb>1</adsb>
    <reportedBeaconCode>3352</reportedBeaconCode>
    <reportedAltitude>2500</reportedAltitude>
  </track>
  <flightPlan>
    <sfpn>1041</sfpn>
    <ocr>normal handoff</ocr>
    <rnav>0</rnav>
    <cps>1J</cps>
    <assignedBeaconCode>3352</assignedBeaconCode>
    <requestedAltitude>0</requestedAltitude>
    <assignedAltitude>13000</assignedAltitude>
    <category>F</category>
    <dbi></dbi>
    <acid>DAL737</acid>
    <acType>A320</acType>
    <entryFix>CAP</entryFix>
    <exitFix>DCA</exitFix>
    <airport>DCA</airport>
    <flightRules>IFR</flightRules>
    <rawFlightRules></rawFlightRules>
    <type>A</type>
    <ptdTime>1628</ptdTime>
    <status>active</status>
    <delete>0</delete>
    <suspended>0</suspended>
    <lld>NE</lld>
    <ECID>175</ECID>
    <eqptSuffix>unavailable</eqptSuffix>
  </flightPlan>
  <enhancedData>
    <eramGufi>KT510614Pn</eramGufi>
    <sfdpsGufi>us.fdps.2026-06-24T14:11:01Z.000/19/4Pn</sfdpsGufi>
    <departureAirport>KATL</departureAirport>
    <destinationAirport>KDCA</destinationAirport>
  </enhancedData>
</record>

=== 16:38:41.774 T75 SWA733 ===
<record>
  <recSeqNum>6448</recSeqNum>
  <recSrc>A</recSrc>
  <recType>210</recType>
  <recSTARSTimestamp>59921340</recSTARSTimestamp>
  <recSTARSSrcID>0</recSTARSSrcID>
  <recSTARSTimeSync>true</recSTARSTimeSync>
  <recSAFAReceiptTime>2026-06-24T16:38:41.383Z</recSAFAReceiptTime>
  <recSAFATimeSync>true</recSAFATimeSync>
  <track>
    <trackNum>3303</trackNum>
    <mrtTime>2026-06-24T16:38:40.943Z</mrtTime>
    <status>active</status>
    <acAddress>a2bb10</acAddress>
    <xPos>775877</xPos>
    <yPos>398070</yPos>
    <lat>38.32419</lat>
    <lon>-90.09081</lon>
    <vVert>-992</vVert>
    <vx>-24</vx>
    <vy>288</vy>
    <vVertRaw>-677</vVertRaw>
    <vxRaw>-110</vxRaw>
    <vyRaw>1309</vyRaw>
    <frozen>0</frozen>
    <new>0</new>
    <pseudo>0</pseudo>
    <adsb>1</adsb>
    <reportedBeaconCode>1144</reportedBeaconCode>
    <reportedAltitude>9700</reportedAltitude>
  </track>
  <flightPlan>
    <sfpn>296</sfpn>
    <ocr>normal handoff</ocr>
    <rnav>1</rnav>
    <scratchPad1>VAR</scratchPad1>
    <cps>1N</cps>
    <runway>VAR</runway>
    <assignedBeaconCode>1144</assignedBeaconCode>
    <requestedAltitude>0</requestedAltitude>
    <assignedAltitude>10000</assignedAltitude>
    <category>F</category>
    <dbi></dbi>
    <acid>SWA733</acid>
    <acType>B737</acType>
    <entryFix>BOO</entryFix>
    <exitFix>STL</exitFix>
    <airport>STL</airport>
    <flightRules>IFR</flightRules>
    <rawFlightRules></rawFlightRules>
    <type>A</type>
    <ptdTime>1635</ptdTime>
    <status>active</status>
    <delete>0</delete>
    <suspended>0</suspended>
    <lld>NE</lld>
    <ECID>939</ECID>
    <eqptSuffix>unavailable</eqptSuffix>
  </flightPlan>
  <enhancedData>
    <eramGufi>KW461134Iw</eramGufi>
    <sfdpsGufi>us.fdps.2026-06-24T12:48:33Z.000/22/4Iw</sfdpsGufi>
    <departureAirport>KBWI</departureAirport>
    <destinationAirport>KSTL</destinationAirport>
  </enhancedData>
</record>

=== 16:38:43.830 PCT DAL737 ===
<record>
  <recSeqNum>20587</recSeqNum>
  <recSrc>A</recSrc>
  <recType>210</recType>
  <recSTARSTimestamp>59923490</recSTARSTimestamp>
  <recSTARSSrcID>0</recSTARSSrcID>
  <recSTARSTimeSync>true</recSTARSTimeSync>
  <recSAFAReceiptTime>2026-06-24T16:38:43.509Z</recSAFAReceiptTime>
  <recSAFATimeSync>true</recSAFATimeSync>
  <track>
    <trackNum>2569</trackNum>
    <mrtTime>2026-06-24T16:38:43.040Z</mrtTime>
    <status>active</status>
    <acAddress>a41c69</acAddress>
    <xPos>1011435</xPos>
    <yPos>316821</yPos>
    <lat>38.7205</lat>
    <lon>-77.02464</lon>
    <vVert>-892</vVert>
    <vx>-13</vx>
    <vy>162</vy>
    <vVertRaw>-609</vVertRaw>
    <vxRaw>-59</vxRaw>
    <vyRaw>737</vyRaw>
    <frozen>0</frozen>
    <new>0</new>
    <pseudo>0</pseudo>
    <adsb>1</adsb>
    <reportedBeaconCode>3352</reportedBeaconCode>
    <reportedAltitude>2300</reportedAltitude>
  </track>
  <flightPlan>
    <sfpn>1041</sfpn>
    <ocr>normal handoff</ocr>
    <rnav>0</rnav>
    <cps>1J</cps>
    <assignedBeaconCode>3352</assignedBeaconCode>
    <requestedAltitude>0</requestedAltitude>
    <assignedAltitude>13000</assignedAltitude>
    <category>F</category>
    <dbi></dbi>
    <acid>DAL737</acid>
    <acType>A320</acType>
    <entryFix>CAP</entryFix>
    <exitFix>DCA</exitFix>
    <airport>DCA</airport>
    <flightRules>IFR</flightRules>
    <rawFlightRules></rawFlightRules>
    <type>A</type>
    <ptdTime>1628</ptdTime>
    <status>active</status>
    <delete>0</delete>
    <suspended>0</suspended>
    <lld>NE</lld>
    <ECID>175</ECID>
    <eqptSuffix>unavailable</eqptSuffix>
  </flightPlan>
  <enhancedData>
    <eramGufi>KT510614Pn</eramGufi>
    <sfdpsGufi>us.fdps.2026-06-24T14:11:01Z.000/19/4Pn</sfdpsGufi>
    <departureAirport>KATL</departureAirport>
    <destinationAirport>KDCA</destinationAirport>
  </enhancedData>
</record>

=== 16:38:44.323 CID ENY3462 ===
<record>
  <recSeqNum>37842</recSeqNum>
  <recSrc>A</recSrc>
  <recType>210</recType>
  <recSTARSTimestamp>59924070</recSTARSTimestamp>
  <recSTARSSrcID>0</recSTARSSrcID>
  <recSTARSTimeSync>true</recSTARSTimeSync>
  <recSAFAReceiptTime>2026-06-24T16:38:44.088Z</recSAFAReceiptTime>
  <recSAFATimeSync>true</recSAFATimeSync>
  <track>
    <trackNum>344</trackNum>
    <mrtTime>2026-06-24T16:38:38.596Z</mrtTime>
    <status>active</status>
    <acAddress>000000</acAddress>
    <xPos>767857</xPos>
    <yPos>452662</yPos>
    <lat>41.40333</lat>
    <lon>-90.34792</lon>
    <vVert>-1771</vVert>
    <vx>-339</vx>
    <vy>157</vy>
    <vVertRaw>-1209</vVertRaw>
    <vxRaw>-1542</vxRaw>
    <vyRaw>715</vyRaw>
    <frozen>0</frozen>
    <new>0</new>
    <pseudo>0</pseudo>
    <adsb>0</adsb>
    <reportedBeaconCode>6504</reportedBeaconCode>
    <reportedAltitude>19900</reportedAltitude>
  </track>
  <flightPlan>
    <sfpn>626</sfpn>
    <ocr>pending</ocr>
    <rnav>0</rnav>
    <scratchPad1>CID</scratchPad1>
    <cps>1T</cps>
    <runway>CID</runway>
    <assignedBeaconCode>6504</assignedBeaconCode>
    <requestedAltitude>0</requestedAltitude>
    <assignedAltitude>29000</assignedAltitude>
    <category>G</category>
    <dbi></dbi>
    <acid>ENY3462</acid>
    <acType>E170</acType>
    <entryFix>MLI</entryFix>
    <exitFix>CID</exitFix>
    <airport>CID</airport>
    <flightRules>IFR</flightRules>
    <rawFlightRules></rawFlightRules>
    <type>A</type>
    <ptdTime>1647</ptdTime>
    <status>active</status>
    <delete>0</delete>
    <suspended>0</suspended>
    <lld>N</lld>
    <ECID>939</ECID>
    <eqptSuffix>unavailable</eqptSuffix>
  </flightPlan>
  <enhancedData>
    <eramGufi>KW489174kj</eramGufi>
    <sfdpsGufi>us.fdps.2026-06-24T13:35:17Z.000/22/4kj</sfdpsGufi>
    <departureAirport>KDCA</departureAirport>
    <destinationAirport>KCID</destinationAirport>
  </enhancedData>
</record>

=== 16:38:44.683 CID ENY3462 ===
<record>
  <recSeqNum>37847</recSeqNum>
  <recSrc>A</recSrc>
  <recType>210</recType>
  <recSTARSTimestamp>59924220</recSTARSTimestamp>
  <recSTARSSrcID>0</recSTARSSrcID>
  <recSTARSTimeSync>true</recSTARSTimeSync>
  <recSAFAReceiptTime>2026-06-24T16:38:44.239Z</recSAFAReceiptTime>
  <recSAFATimeSync>true</recSAFATimeSync>
  <track>
    <trackNum>344</trackNum>
    <mrtTime>2026-06-24T16:38:38.596Z</mrtTime>
    <status>active</status>
    <acAddress>000000</acAddress>
    <xPos>767857</xPos>
    <yPos>452662</yPos>
    <lat>41.40333</lat>
    <lon>-90.34792</lon>
    <vVert>-1780</vVert>
    <vx>-339</vx>
    <vy>157</vy>
    <vVertRaw>-1215</vVertRaw>
    <vxRaw>-1542</vxRaw>
    <vyRaw>715</vyRaw>
    <frozen>0</frozen>
    <new>0</new>
    <pseudo>0</pseudo>
    <adsb>0</adsb>
    <reportedBeaconCode>6504</reportedBeaconCode>
    <reportedAltitude>19800</reportedAltitude>
  </track>
  <flightPlan>
    <sfpn>626</sfpn>
    <ocr>pending</ocr>
    <rnav>0</rnav>
    <scratchPad1>CID</scratchPad1>
    <cps>1T</cps>
    <runway>CID</runway>
    <assignedBeaconCode>6504</assignedBeaconCode>
    <requestedAltitude>0</requestedAltitude>
    <assignedAltitude>29000</assignedAltitude>
    <category>G</category>
    <dbi></dbi>
    <acid>ENY3462</acid>
    <acType>E170</acType>
    <entryFix>MLI</entryFix>
    <exitFix>CID</exitFix>
    <airport>CID</airport>
    <flightRules>IFR</flightRules>
    <rawFlightRules></rawFlightRules>
    <type>A</type>
    <ptdTime>1647</ptdTime>
    <status>active</status>
    <delete>0</delete>
    <suspended>0</suspended>
    <lld>N</lld>
    <ECID>939</ECID>
    <eqptSuffix>unavailable</eqptSuffix>
  </flightPlan>
  <enhancedData>
    <eramGufi>KW489174kj</eramGufi>
    <sfdpsGufi>us.fdps.2026-06-24T13:35:17Z.000/22/4kj</sfdpsGufi>
    <departureAirport>KDCA</departureAirport>
    <destinationAirport>KCID</destinationAirport>
  </enhancedData>
</record>

=== 16:38:47.656 PCT DAL737 ===
<record>
  <recSeqNum>21081</recSeqNum>
  <recSrc>A</recSrc>
  <recType>210</recType>
  <recSTARSTimestamp>59927550</recSTARSTimestamp>
  <recSTARSSrcID>0</recSTARSSrcID>
  <recSTARSTimeSync>true</recSTARSTimeSync>
  <recSAFAReceiptTime>2026-06-24T16:38:47.561Z</recSAFAReceiptTime>
  <recSAFATimeSync>true</recSAFATimeSync>
  <track>
    <trackNum>2569</trackNum>
    <mrtTime>2026-06-24T16:38:47.172Z</mrtTime>
    <status>active</status>
    <acAddress>a41c69</acAddress>
    <xPos>1011431</xPos>
    <yPos>316869</yPos>
    <lat>38.72361</lat>
    <lon>-77.02497</lon>
    <vVert>-879</vVert>
    <vx>-13</vx>
    <vy>162</vy>
    <vVertRaw>-600</vVertRaw>
    <vxRaw>-60</vxRaw>
    <vyRaw>737</vyRaw>
    <frozen>0</frozen>
    <new>0</new>
    <pseudo>0</pseudo>
    <adsb>1</adsb>
    <reportedBeaconCode>3352</reportedBeaconCode>
    <reportedAltitude>2300</reportedAltitude>
  </track>
  <flightPlan>
    <sfpn>1041</sfpn>
    <ocr>normal handoff</ocr>
    <rnav>0</rnav>
    <cps>1J</cps>
    <assignedBeaconCode>3352</assignedBeaconCode>
    <requestedAltitude>0</requestedAltitude>
    <assignedAltitude>13000</assignedAltitude>
    <category>F</category>
    <dbi></dbi>
    <acid>DAL737</acid>
    <acType>A320</acType>
    <entryFix>CAP</entryFix>
    <exitFix>DCA</exitFix>
    <airport>DCA</airport>
    <flightRules>IFR</flightRules>
    <rawFlightRules></rawFlightRules>
    <type>A</type>
    <ptdTime>1628</ptdTime>
    <status>active</status>
    <delete>0</delete>
    <suspended>0</suspended>
    <lld>NE</lld>
    <ECID>175</ECID>
    <eqptSuffix>unavailable</eqptSuffix>
  </flightPlan>
  <enhancedData>
    <eramGufi>KT510614Pn</eramGufi>
    <sfdpsGufi>us.fdps.2026-06-24T14:11:01Z.000/19/4Pn</sfdpsGufi>
    <departureAirport>KATL</departureAirport>
    <destinationAirport>KDCA</destinationAirport>
  </enhancedData>
</record>

=== 16:38:49.945 CID ENY3462 ===
<record>
  <recSeqNum>38012</recSeqNum>
  <recSrc>A</recSrc>
  <recType>210</recType>
  <recSTARSTimestamp>59929630</recSTARSTimestamp>
  <recSTARSSrcID>0</recSTARSSrcID>
  <recSTARSTimeSync>true</recSTARSTimeSync>
  <recSAFAReceiptTime>2026-06-24T16:38:49.643Z</recSAFAReceiptTime>
  <recSAFATimeSync>true</recSAFATimeSync>
  <track>
    <trackNum>344</trackNum>
    <mrtTime>2026-06-24T16:38:48.298Z</mrtTime>
    <status>active</status>
    <acAddress>000000</acAddress>
    <xPos>767628</xPos>
    <yPos>452769</yPos>
    <lat>41.41053</lat>
    <lon>-90.36758</lon>
    <vVert>-1771</vVert>
    <vx>-337</vx>
    <vy>157</vy>
    <vVertRaw>-1209</vVertRaw>
    <vxRaw>-1535</vxRaw>
    <vyRaw>713</vyRaw>
    <frozen>0</frozen>
    <new>0</new>
    <pseudo>0</pseudo>
    <adsb>0</adsb>
    <reportedBeaconCode>6504</reportedBeaconCode>
    <reportedAltitude>19700</reportedAltitude>
  </track>
  <flightPlan>
    <sfpn>626</sfpn>
    <ocr>pending</ocr>
    <rnav>0</rnav>
    <scratchPad1>CID</scratchPad1>
    <cps>1T</cps>
    <runway>CID</runway>
    <assignedBeaconCode>6504</assignedBeaconCode>
    <requestedAltitude>0</requestedAltitude>
    <assignedAltitude>29000</assignedAltitude>
    <category>G</category>
    <dbi></dbi>
    <acid>ENY3462</acid>
    <acType>E170</acType>
    <entryFix>MLI</entryFix>
    <exitFix>CID</exitFix>
    <airport>CID</airport>
    <flightRules>IFR</flightRules>
    <rawFlightRules></rawFlightRules>
    <type>A</type>
    <ptdTime>1647</ptdTime>
    <status>active</status>
    <delete>0</delete>
    <suspended>0</suspended>
    <lld>N</lld>
    <ECID>939</ECID>
    <eqptSuffix>unavailable</eqptSuffix>
  </flightPlan>
  <enhancedData>
    <eramGufi>KW489174kj</eramGufi>
    <sfdpsGufi>us.fdps.2026-06-24T13:35:17Z.000/22/4kj</sfdpsGufi>
    <departureAirport>KDCA</departureAirport>
    <destinationAirport>KCID</destinationAirport>
  </enhancedData>
</record>

=== 16:38:50.529 T75 SWA733 ===
<record>
  <recSeqNum>6703</recSeqNum>
  <recSrc>A</recSrc>
  <recType>210</recType>
  <recSTARSTimestamp>59930040</recSTARSTimestamp>
  <recSTARSSrcID>0</recSTARSSrcID>
  <recSTARSTimeSync>true</recSTARSTimeSync>
  <recSAFAReceiptTime>2026-06-24T16:38:50.041Z</recSAFAReceiptTime>
  <recSAFATimeSync>true</recSAFATimeSync>
  <track>
    <trackNum>3303</trackNum>
    <mrtTime>2026-06-24T16:38:48.783Z</mrtTime>
    <status>active</status>
    <acAddress>a2bb10</acAddress>
    <xPos>775863</xPos>
    <yPos>398229</yPos>
    <lat>38.33456</lat>
    <lon>-90.092</lon>
    <vVert>-1417</vVert>
    <vx>-25</vx>
    <vy>286</vy>
    <vVertRaw>-967</vVertRaw>
    <vxRaw>-113</vxRaw>
    <vyRaw>1302</vyRaw>
    <frozen>0</frozen>
    <new>0</new>
    <pseudo>0</pseudo>
    <adsb>1</adsb>
    <reportedBeaconCode>1144</reportedBeaconCode>
    <reportedAltitude>9500</reportedAltitude>
  </track>
  <flightPlan>
    <sfpn>296</sfpn>
    <ocr>normal handoff</ocr>
    <rnav>1</rnav>
    <scratchPad1>VAR</scratchPad1>
    <cps>1N</cps>
    <runway>VAR</runway>
    <assignedBeaconCode>1144</assignedBeaconCode>
    <requestedAltitude>0</requestedAltitude>
    <assignedAltitude>10000</assignedAltitude>
    <category>F</category>
    <dbi></dbi>
    <acid>SWA733</acid>
    <acType>B737</acType>
    <entryFix>BOO</entryFix>
    <exitFix>STL</exitFix>
    <airport>STL</airport>
    <flightRules>IFR</flightRules>
    <rawFlightRules></rawFlightRules>
    <type>A</type>
    <ptdTime>1635</ptdTime>
    <status>active</status>
    <delete>0</delete>
    <suspended>0</suspended>
    <lld>NE</lld>
    <ECID>939</ECID>
    <eqptSuffix>unavailable</eqptSuffix>
  </flightPlan>
  <enhancedData>
    <eramGufi>KW461134Iw</eramGufi>
    <sfdpsGufi>us.fdps.2026-06-24T12:48:33Z.000/22/4Iw</sfdpsGufi>
    <departureAirport>KBWI</departureAirport>
    <destinationAirport>KSTL</destinationAirport>
  </enhancedData>
</record>

=== 16:38:54.397 PCT DAL737 ===
<record>
  <recSeqNum>21566</recSeqNum>
  <recSrc>A</recSrc>
  <recType>210</recType>
  <recSTARSTimestamp>59931730</recSTARSTimestamp>
  <recSTARSSrcID>0</recSTARSSrcID>
  <recSTARSTimeSync>true</recSTARSTimeSync>
  <recSAFAReceiptTime>2026-06-24T16:38:51.746Z</recSAFAReceiptTime>
  <recSAFATimeSync>true</recSAFATimeSync>
  <track>
    <trackNum>2569</trackNum>
    <mrtTime>2026-06-24T16:38:50.303Z</mrtTime>
    <status>active</status>
    <acAddress>a41c69</acAddress>
    <xPos>1011428</xPos>
    <yPos>316905</yPos>
    <lat>38.72597</lat>
    <lon>-77.02522</lon>
    <vVert>-872</vVert>
    <vx>-13</vx>
    <vy>161</vy>
    <vVertRaw>-595</vVertRaw>
    <vxRaw>-60</vxRaw>
    <vyRaw>735</vyRaw>
    <frozen>0</frozen>
    <new>0</new>
    <pseudo>0</pseudo>
    <adsb>1</adsb>
    <reportedBeaconCode>3352</reportedBeaconCode>
    <reportedAltitude>2200</reportedAltitude>
  </track>
  <flightPlan>
    <sfpn>1041</sfpn>
    <ocr>normal handoff</ocr>
    <rnav>0</rnav>
    <cps>1J</cps>
    <assignedBeaconCode>3352</assignedBeaconCode>
    <requestedAltitude>0</requestedAltitude>
    <assignedAltitude>13000</assignedAltitude>
    <category>F</category>
    <dbi></dbi>
    <acid>DAL737</acid>
    <acType>A320</acType>
    <entryFix>CAP</entryFix>
    <exitFix>DCA</exitFix>
    <airport>DCA</airport>
    <flightRules>IFR</flightRules>
    <rawFlightRules></rawFlightRules>
    <type>A</type>
    <ptdTime>1628</ptdTime>
    <status>active</status>
    <delete>0</delete>
    <suspended>0</suspended>
    <lld>NE</lld>
    <ECID>175</ECID>
    <eqptSuffix>unavailable</eqptSuffix>
  </flightPlan>
  <enhancedData>
    <eramGufi>KT510614Pn</eramGufi>
    <sfdpsGufi>us.fdps.2026-06-24T14:11:01Z.000/19/4Pn</sfdpsGufi>
    <departureAirport>KATL</departureAirport>
    <destinationAirport>KDCA</destinationAirport>
  </enhancedData>
</record>

=== 16:38:56.243 CID ENY3462 ===
<record>
  <recSeqNum>38197</recSeqNum>
  <recSrc>A</recSrc>
  <recType>210</recType>
  <recSTARSTimestamp>59936060</recSTARSTimestamp>
  <recSTARSSrcID>0</recSTARSSrcID>
  <recSTARSTimeSync>true</recSTARSTimeSync>
  <recSAFAReceiptTime>2026-06-24T16:38:56.103Z</recSAFAReceiptTime>
  <recSAFATimeSync>true</recSAFATimeSync>
  <track>
    <trackNum>344</trackNum>
    <mrtTime>2026-06-24T16:38:53.052Z</mrtTime>
    <status>active</status>
    <acAddress>000000</acAddress>
    <xPos>767515</xPos>
    <yPos>452822</yPos>
    <lat>41.41411</lat>
    <lon>-90.37731</lon>
    <vVert>-1775</vVert>
    <vx>-336</vx>
    <vy>156</vy>
    <vVertRaw>-1212</vVertRaw>
    <vxRaw>-1530</vxRaw>
    <vyRaw>712</vyRaw>
    <frozen>0</frozen>
    <new>0</new>
    <pseudo>0</pseudo>
    <adsb>0</adsb>
    <reportedBeaconCode>6504</reportedBeaconCode>
    <reportedAltitude>19500</reportedAltitude>
  </track>
  <flightPlan>
    <sfpn>626</sfpn>
    <ocr>pending</ocr>
    <rnav>0</rnav>
    <scratchPad1>CID</scratchPad1>
    <cps>1T</cps>
    <runway>CID</runway>
    <assignedBeaconCode>6504</assignedBeaconCode>
    <requestedAltitude>0</requestedAltitude>
    <assignedAltitude>29000</assignedAltitude>
    <category>G</category>
    <dbi></dbi>
    <acid>ENY3462</acid>
    <acType>E170</acType>
    <entryFix>MLI</entryFix>
    <exitFix>CID</exitFix>
    <airport>CID</airport>
    <flightRules>IFR</flightRules>
    <rawFlightRules></rawFlightRules>
    <type>A</type>
    <ptdTime>1647</ptdTime>
    <status>active</status>
    <delete>0</delete>
    <suspended>0</suspended>
    <lld>N</lld>
    <ECID>939</ECID>
    <eqptSuffix>unavailable</eqptSuffix>
  </flightPlan>
  <enhancedData>
    <eramGufi>KW489174kj</eramGufi>
    <sfdpsGufi>us.fdps.2026-06-24T13:35:17Z.000/22/4kj</sfdpsGufi>
    <departureAirport>KDCA</departureAirport>
    <destinationAirport>KCID</destinationAirport>
  </enhancedData>
</record>

=== 16:38:59.567 PCT DAL737 ===
<record>
  <recSeqNum>22466</recSeqNum>
  <recSrc>A</recSrc>
  <recType>210</recType>
  <recSTARSTimestamp>59939110</recSTARSTimestamp>
  <recSTARSSrcID>0</recSTARSSrcID>
  <recSTARSTimeSync>true</recSTARSTimeSync>
  <recSAFAReceiptTime>2026-06-24T16:38:59.155Z</recSAFAReceiptTime>
  <recSAFATimeSync>true</recSAFATimeSync>
  <track>
    <trackNum>2569</trackNum>
    <mrtTime>2026-06-24T16:38:58.774Z</mrtTime>
    <status>active</status>
    <acAddress>a41c69</acAddress>
    <xPos>1011420</xPos>
    <yPos>317003</yPos>
    <lat>38.73236</lat>
    <lon>-77.02586</lon>
    <vVert>-891</vVert>
    <vx>-13</vx>
    <vy>163</vy>
    <vVertRaw>-608</vVertRaw>
    <vxRaw>-60</vxRaw>
    <vyRaw>740</vyRaw>
    <frozen>0</frozen>
    <new>0</new>
    <pseudo>0</pseudo>
    <adsb>1</adsb>
    <reportedBeaconCode>3352</reportedBeaconCode>
    <reportedAltitude>2100</reportedAltitude>
  </track>
  <flightPlan>
    <sfpn>1041</sfpn>
    <ocr>normal handoff</ocr>
    <rnav>0</rnav>
    <cps>1J</cps>
    <assignedBeaconCode>3352</assignedBeaconCode>
    <requestedAltitude>0</requestedAltitude>
    <assignedAltitude>13000</assignedAltitude>
    <category>F</category>
    <dbi></dbi>
    <acid>DAL737</acid>
    <acType>A320</acType>
    <entryFix>CAP</entryFix>
    <exitFix>DCA</exitFix>
    <airport>DCA</airport>
    <flightRules>IFR</flightRules>
    <rawFlightRules></rawFlightRules>
    <type>A</type>
    <ptdTime>1628</ptdTime>
    <status>active</status>
    <delete>0</delete>
    <suspended>0</suspended>
    <lld>NE</lld>
    <ECID>175</ECID>
    <eqptSuffix>unavailable</eqptSuffix>
  </flightPlan>
  <enhancedData>
    <eramGufi>KT510614Pn</eramGufi>
    <sfdpsGufi>us.fdps.2026-06-24T14:11:01Z.000/19/4Pn</sfdpsGufi>
    <departureAirport>KATL</departureAirport>
    <destinationAirport>KDCA</destinationAirport>
  </enhancedData>
</record>

=== 16:39:00.593 PCT DAL737 ===
<record>
  <recSeqNum>22606</recSeqNum>
  <recSrc>A</recSrc>
  <recType>210</recType>
  <recSTARSTimestamp>59940150</recSTARSTimestamp>
  <recSTARSSrcID>0</recSTARSSrcID>
  <recSTARSTimeSync>true</recSTARSTimeSync>
  <recSAFAReceiptTime>2026-06-24T16:39:00.161Z</recSAFAReceiptTime>
  <recSAFATimeSync>true</recSAFATimeSync>
  <track>
    <trackNum>2569</trackNum>
    <mrtTime>2026-06-24T16:38:59.815Z</mrtTime>
    <status>active</status>
    <acAddress>a41c69</acAddress>
    <xPos>1011419</xPos>
    <yPos>317015</yPos>
    <lat>38.73314</lat>
    <lon>-77.02594</lon>
    <vVert>-891</vVert>
    <vx>-13</vx>
    <vy>163</vy>
    <vVertRaw>-608</vVertRaw>
    <vxRaw>-61</vxRaw>
    <vyRaw>741</vyRaw>
    <frozen>0</frozen>
    <new>0</new>
    <pseudo>0</pseudo>
    <adsb>1</adsb>
    <reportedBeaconCode>3352</reportedBeaconCode>
    <reportedAltitude>2100</reportedAltitude>
  </track>
  <flightPlan>
    <sfpn>1041</sfpn>
    <ocr>normal handoff</ocr>
    <rnav>0</rnav>
    <cps>1J</cps>
    <assignedBeaconCode>3352</assignedBeaconCode>
    <requestedAltitude>0</requestedAltitude>
    <assignedAltitude>13000</assignedAltitude>
    <category>F</category>
    <dbi></dbi>
    <acid>DAL737</acid>
    <acType>A320</acType>
    <entryFix>CAP</entryFix>
    <exitFix>DCA</exitFix>
    <airport>DCA</airport>
    <flightRules>IFR</flightRules>
    <rawFlightRules></rawFlightRules>
    <type>A</type>
    <ptdTime>1628</ptdTime>
    <status>active</status>
    <delete>0</delete>
    <suspended>0</suspended>
    <lld>NE</lld>
    <ECID>175</ECID>
    <eqptSuffix>unavailable</eqptSuffix>
  </flightPlan>
  <enhancedData>
    <eramGufi>KT510614Pn</eramGufi>
    <sfdpsGufi>us.fdps.2026-06-24T14:11:01Z.000/19/4Pn</sfdpsGufi>
    <departureAirport>KATL</departureAirport>
    <destinationAirport>KDCA</destinationAirport>
  </enhancedData>
</record>

=== 16:39:02.567 CID ENY3462 ===
<record>
  <recSeqNum>38382</recSeqNum>
  <recSrc>A</recSrc>
  <recType>210</recType>
  <recSTARSTimestamp>59942070</recSTARSTimestamp>
  <recSTARSSrcID>0</recSTARSSrcID>
  <recSTARSTimeSync>true</recSTARSTimeSync>
  <recSAFAReceiptTime>2026-06-24T16:39:02.107Z</recSAFAReceiptTime>
  <recSAFATimeSync>true</recSAFATimeSync>
  <track>
    <trackNum>344</trackNum>
    <mrtTime>2026-06-24T16:38:57.918Z</mrtTime>
    <status>active</status>
    <acAddress>000000</acAddress>
    <xPos>767401</xPos>
    <yPos>452874</yPos>
    <lat>41.41761</lat>
    <lon>-90.38708</lon>
    <vVert>-1770</vVert>
    <vx>-335</vx>
    <vy>155</vy>
    <vVertRaw>-1208</vVertRaw>
    <vxRaw>-1525</vxRaw>
    <vyRaw>707</vyRaw>
    <frozen>0</frozen>
    <new>0</new>
    <pseudo>0</pseudo>
    <adsb>0</adsb>
    <reportedBeaconCode>6504</reportedBeaconCode>
    <reportedAltitude>19400</reportedAltitude>
  </track>
  <flightPlan>
    <sfpn>626</sfpn>
    <ocr>pending</ocr>
    <rnav>0</rnav>
    <scratchPad1>CID</scratchPad1>
    <cps>1T</cps>
    <runway>CID</runway>
    <assignedBeaconCode>6504</assignedBeaconCode>
    <requestedAltitude>0</requestedAltitude>
    <assignedAltitude>29000</assignedAltitude>
    <category>G</category>
    <dbi></dbi>
    <acid>ENY3462</acid>
    <acType>E170</acType>
    <entryFix>MLI</entryFix>
    <exitFix>CID</exitFix>
    <airport>CID</airport>
    <flightRules>IFR</flightRules>
    <rawFlightRules></rawFlightRules>
    <type>A</type>
    <ptdTime>1647</ptdTime>
    <status>active</status>
    <delete>0</delete>
    <suspended>0</suspended>
    <lld>N</lld>
    <ECID>939</ECID>
    <eqptSuffix>unavailable</eqptSuffix>
  </flightPlan>
  <enhancedData>
    <eramGufi>KW489174kj</eramGufi>
    <sfdpsGufi>us.fdps.2026-06-24T13:35:17Z.000/22/4kj</sfdpsGufi>
    <departureAirport>KDCA</departureAirport>
    <destinationAirport>KCID</destinationAirport>
  </enhancedData>
</record>

=== 16:39:04.289 CID ENY3462 ===
<record>
  <recSeqNum>38439</recSeqNum>
  <recSrc>A</recSrc>
  <recType>210</recType>
  <recSTARSTimestamp>59944020</recSTARSTimestamp>
  <recSTARSSrcID>0</recSTARSSrcID>
  <recSTARSTimeSync>true</recSTARSTimeSync>
  <recSAFAReceiptTime>2026-06-24T16:39:04.059Z</recSAFAReceiptTime>
  <recSAFATimeSync>true</recSAFATimeSync>
  <track>
    <trackNum>344</trackNum>
    <mrtTime>2026-06-24T16:39:02.673Z</mrtTime>
    <status>active</status>
    <acAddress>000000</acAddress>
    <xPos>767290</xPos>
    <yPos>452926</yPos>
    <lat>41.42111</lat>
    <lon>-90.39661</lon>
    <vVert>-1758</vVert>
    <vx>-334</vx>
    <vy>155</vy>
    <vVertRaw>-1200</vVertRaw>
    <vxRaw>-1520</vxRaw>
    <vyRaw>706</vyRaw>
    <frozen>0</frozen>
    <new>0</new>
    <pseudo>0</pseudo>
    <adsb>0</adsb>
    <reportedBeaconCode>6504</reportedBeaconCode>
    <reportedAltitude>19300</reportedAltitude>
  </track>
  <flightPlan>
    <sfpn>626</sfpn>
    <ocr>pending</ocr>
    <rnav>0</rnav>
    <scratchPad1>CID</scratchPad1>
    <cps>1T</cps>
    <runway>CID</runway>
    <assignedBeaconCode>6504</assignedBeaconCode>
    <requestedAltitude>0</requestedAltitude>
    <assignedAltitude>29000</assignedAltitude>
    <category>G</category>
    <dbi></dbi>
    <acid>ENY3462</acid>
    <acType>E170</acType>
    <entryFix>MLI</entryFix>
    <exitFix>CID</exitFix>
    <airport>CID</airport>
    <flightRules>IFR</flightRules>
    <rawFlightRules></rawFlightRules>
    <type>A</type>
    <ptdTime>1647</ptdTime>
    <status>active</status>
    <delete>0</delete>
    <suspended>0</suspended>
    <lld>N</lld>
    <ECID>939</ECID>
    <eqptSuffix>unavailable</eqptSuffix>
  </flightPlan>
  <enhancedData>
    <eramGufi>KW489174kj</eramGufi>
    <sfdpsGufi>us.fdps.2026-06-24T13:35:17Z.000/22/4kj</sfdpsGufi>
    <departureAirport>KDCA</departureAirport>
    <destinationAirport>KCID</destinationAirport>
  </enhancedData>
</record>

=== 16:39:04.439 PCT DAL737 ===
<record>
  <recSeqNum>23075</recSeqNum>
  <recSrc>A</recSrc>
  <recType>210</recType>
  <recSTARSTimestamp>59944180</recSTARSTimestamp>
  <recSTARSSrcID>0</recSTARSSrcID>
  <recSTARSTimeSync>true</recSTARSTimeSync>
  <recSAFAReceiptTime>2026-06-24T16:39:04.184Z</recSAFAReceiptTime>
  <recSAFATimeSync>true</recSAFATimeSync>
  <track>
    <trackNum>2569</trackNum>
    <mrtTime>2026-06-24T16:39:03.844Z</mrtTime>
    <status>active</status>
    <acAddress>a41c69</acAddress>
    <xPos>1011415</xPos>
    <yPos>317062</yPos>
    <lat>38.73619</lat>
    <lon>-77.02628</lon>
    <vVert>-902</vVert>
    <vx>-13</vx>
    <vy>162</vy>
    <vVertRaw>-616</vVertRaw>
    <vxRaw>-57</vxRaw>
    <vyRaw>739</vyRaw>
    <frozen>0</frozen>
    <new>0</new>
    <pseudo>0</pseudo>
    <adsb>1</adsb>
    <reportedBeaconCode>3352</reportedBeaconCode>
    <reportedAltitude>2000</reportedAltitude>
  </track>
  <flightPlan>
    <sfpn>1041</sfpn>
    <ocr>normal handoff</ocr>
    <rnav>0</rnav>
    <cps>1J</cps>
    <assignedBeaconCode>3352</assignedBeaconCode>
    <requestedAltitude>0</requestedAltitude>
    <assignedAltitude>13000</assignedAltitude>
    <category>F</category>
    <dbi></dbi>
    <acid>DAL737</acid>
    <acType>A320</acType>
    <entryFix>CAP</entryFix>
    <exitFix>DCA</exitFix>
    <airport>DCA</airport>
    <flightRules>IFR</flightRules>
    <rawFlightRules></rawFlightRules>
    <type>A</type>
    <ptdTime>1628</ptdTime>
    <status>active</status>
    <delete>0</delete>
    <suspended>0</suspended>
    <lld>NE</lld>
    <ECID>175</ECID>
    <eqptSuffix>unavailable</eqptSuffix>
  </flightPlan>
  <enhancedData>
    <eramGufi>KT510614Pn</eramGufi>
    <sfdpsGufi>us.fdps.2026-06-24T14:11:01Z.000/19/4Pn</sfdpsGufi>
    <departureAirport>KATL</departureAirport>
    <destinationAirport>KDCA</destinationAirport>
  </enhancedData>
</record>

=== 16:39:08.521 CID ENY3462 ===
<record>
  <recSeqNum>38563</recSeqNum>
  <recSrc>A</recSrc>
  <recType>210</recType>
  <recSTARSTimestamp>59948030</recSTARSTimestamp>
  <recSTARSSrcID>0</recSTARSSrcID>
  <recSTARSTimeSync>true</recSTARSTimeSync>
  <recSAFAReceiptTime>2026-06-24T16:39:08.064Z</recSAFAReceiptTime>
  <recSAFATimeSync>true</recSAFATimeSync>
  <track>
    <trackNum>344</trackNum>
    <mrtTime>2026-06-24T16:39:02.673Z</mrtTime>
    <status>active</status>
    <acAddress>000000</acAddress>
    <xPos>767290</xPos>
    <yPos>452926</yPos>
    <lat>41.42111</lat>
    <lon>-90.39661</lon>
    <vVert>-1758</vVert>
    <vx>-334</vx>
    <vy>155</vy>
    <vVertRaw>-1200</vVertRaw>
    <vxRaw>-1520</vxRaw>
    <vyRaw>706</vyRaw>
    <frozen>0</frozen>
    <new>0</new>
    <pseudo>0</pseudo>
    <adsb>0</adsb>
    <reportedBeaconCode>6504</reportedBeaconCode>
    <reportedAltitude>19300</reportedAltitude>
  </track>
  <flightPlan>
    <sfpn>626</sfpn>
    <ocr>pending</ocr>
    <rnav>0</rnav>
    <scratchPad1>CID</scratchPad1>
    <cps>1T</cps>
    <runway>CID</runway>
    <assignedBeaconCode>6504</assignedBeaconCode>
    <requestedAltitude>0</requestedAltitude>
    <assignedAltitude>29000</assignedAltitude>
    <category>G</category>
    <dbi></dbi>
    <acid>ENY3462</acid>
    <acType>E170</acType>
    <entryFix>MLI</entryFix>
    <exitFix>CID</exitFix>
    <airport>CID</airport>
    <flightRules>IFR</flightRules>
    <rawFlightRules></rawFlightRules>
    <type>A</type>
    <ptdTime>1647</ptdTime>
    <status>active</status>
    <delete>0</delete>
    <suspended>0</suspended>
    <lld>N</lld>
    <ECID>939</ECID>
    <eqptSuffix>unavailable</eqptSuffix>
  </flightPlan>
  <enhancedData>
    <eramGufi>KW489174kj</eramGufi>
    <sfdpsGufi>us.fdps.2026-06-24T13:35:17Z.000/22/4kj</sfdpsGufi>
    <departureAirport>KDCA</departureAirport>
    <destinationAirport>KCID</destinationAirport>
  </enhancedData>
</record>

=== 16:39:08.521 CID ENY3462 ===
<record>
  <recSeqNum>38567</recSeqNum>
  <recSrc>A</recSrc>
  <recType>210</recType>
  <recSTARSTimestamp>59948230</recSTARSTimestamp>
  <recSTARSSrcID>0</recSTARSSrcID>
  <recSTARSTimeSync>true</recSTARSTimeSync>
  <recSAFAReceiptTime>2026-06-24T16:39:08.265Z</recSAFAReceiptTime>
  <recSAFATimeSync>true</recSAFATimeSync>
  <track>
    <trackNum>344</trackNum>
    <mrtTime>2026-06-24T16:39:02.673Z</mrtTime>
    <status>active</status>
    <acAddress>000000</acAddress>
    <xPos>767290</xPos>
    <yPos>452926</yPos>
    <lat>41.42111</lat>
    <lon>-90.39661</lon>
    <vVert>-1749</vVert>
    <vx>-334</vx>
    <vy>155</vy>
    <vVertRaw>-1194</vVertRaw>
    <vxRaw>-1520</vxRaw>
    <vyRaw>706</vyRaw>
    <frozen>0</frozen>
    <new>0</new>
    <pseudo>0</pseudo>
    <adsb>0</adsb>
    <reportedBeaconCode>6504</reportedBeaconCode>
    <reportedAltitude>19200</reportedAltitude>
  </track>
  <flightPlan>
    <sfpn>626</sfpn>
    <ocr>pending</ocr>
    <rnav>0</rnav>
    <scratchPad1>CID</scratchPad1>
    <cps>1T</cps>
    <runway>CID</runway>
    <assignedBeaconCode>6504</assignedBeaconCode>
    <requestedAltitude>0</requestedAltitude>
    <assignedAltitude>29000</assignedAltitude>
    <category>G</category>
    <dbi></dbi>
    <acid>ENY3462</acid>
    <acType>E170</acType>
    <entryFix>MLI</entryFix>
    <exitFix>CID</exitFix>
    <airport>CID</airport>
    <flightRules>IFR</flightRules>
    <rawFlightRules></rawFlightRules>
    <type>A</type>
    <ptdTime>1647</ptdTime>
    <status>active</status>
    <delete>0</delete>
    <suspended>0</suspended>
    <lld>N</lld>
    <ECID>939</ECID>
    <eqptSuffix>unavailable</eqptSuffix>
  </flightPlan>
  <enhancedData>
    <eramGufi>KW489174kj</eramGufi>
    <sfdpsGufi>us.fdps.2026-06-24T13:35:17Z.000/22/4kj</sfdpsGufi>
    <departureAirport>KDCA</departureAirport>
    <destinationAirport>KCID</destinationAirport>
  </enhancedData>
</record>

=== 16:39:09.335 PCT DAL737 ===
<record>
  <recSeqNum>23867</recSeqNum>
  <recSrc>A</recSrc>
  <recType>210</recType>
  <recSTARSTimestamp>59949000</recSTARSTimestamp>
  <recSTARSSrcID>0</recSTARSSrcID>
  <recSTARSTimeSync>true</recSTARSTimeSync>
  <recSAFAReceiptTime>2026-06-24T16:39:09.020Z</recSAFAReceiptTime>
  <recSAFATimeSync>true</recSAFATimeSync>
  <track>
    <trackNum>2569</trackNum>
    <mrtTime>2026-06-24T16:39:08.064Z</mrtTime>
    <status>active</status>
    <acAddress>a41c69</acAddress>
    <xPos>1011412</xPos>
    <yPos>317110</yPos>
    <lat>38.73933</lat>
    <lon>-77.0265</lon>
    <vVert>-908</vVert>
    <vx>-12</vx>
    <vy>162</vy>
    <vVertRaw>-620</vVertRaw>
    <vxRaw>-53</vxRaw>
    <vyRaw>739</vyRaw>
    <frozen>0</frozen>
    <new>0</new>
    <pseudo>0</pseudo>
    <adsb>1</adsb>
    <reportedBeaconCode>3352</reportedBeaconCode>
    <reportedAltitude>1900</reportedAltitude>
  </track>
  <flightPlan>
    <sfpn>1041</sfpn>
    <ocr>normal handoff</ocr>
    <rnav>0</rnav>
    <cps>1J</cps>
    <assignedBeaconCode>3352</assignedBeaconCode>
    <requestedAltitude>0</requestedAltitude>
    <assignedAltitude>13000</assignedAltitude>
    <category>F</category>
    <dbi></dbi>
    <acid>DAL737</acid>
    <acType>A320</acType>
    <entryFix>CAP</entryFix>
    <exitFix>DCA</exitFix>
    <airport>DCA</airport>
    <flightRules>IFR</flightRules>
    <rawFlightRules></rawFlightRules>
    <type>A</type>
    <ptdTime>1628</ptdTime>
    <status>active</status>
    <delete>0</delete>
    <suspended>0</suspended>
    <lld>NE</lld>
    <ECID>175</ECID>
    <eqptSuffix>unavailable</eqptSuffix>
  </flightPlan>
  <enhancedData>
    <eramGufi>KT510614Pn</eramGufi>
    <sfdpsGufi>us.fdps.2026-06-24T14:11:01Z.000/19/4Pn</sfdpsGufi>
    <departureAirport>KATL</departureAirport>
    <destinationAirport>KDCA</destinationAirport>
  </enhancedData>
</record>

=== 16:39:09.420 T75 SWA733 ===
<record>
  <recSeqNum>7295</recSeqNum>
  <recSrc>A</recSrc>
  <recType>210</recType>
  <recSTARSTimestamp>59948930</recSTARSTimestamp>
  <recSTARSSrcID>0</recSTARSSrcID>
  <recSTARSTimeSync>true</recSTARSTimeSync>
  <recSAFAReceiptTime>2026-06-24T16:39:08.960Z</recSAFAReceiptTime>
  <recSAFATimeSync>true</recSAFATimeSync>
  <track>
    <trackNum>3303</trackNum>
    <mrtTime>2026-06-24T16:39:08.538Z</mrtTime>
    <status>active</status>
    <acAddress>a2bb10</acAddress>
    <xPos>775829</xPos>
    <yPos>398631</yPos>
    <lat>38.36075</lat>
    <lon>-90.09489</lon>
    <vVert>-1635</vVert>
    <vx>-24</vx>
    <vy>286</vy>
    <vVertRaw>-1116</vVertRaw>
    <vxRaw>-108</vxRaw>
    <vyRaw>1303</vyRaw>
    <frozen>0</frozen>
    <new>0</new>
    <pseudo>0</pseudo>
    <adsb>1</adsb>
    <reportedBeaconCode>1144</reportedBeaconCode>
    <reportedAltitude>9000</reportedAltitude>
  </track>
  <flightPlan>
    <sfpn>296</sfpn>
    <ocr>normal handoff</ocr>
    <rnav>1</rnav>
    <scratchPad1>VAR</scratchPad1>
    <cps>1N</cps>
    <runway>VAR</runway>
    <assignedBeaconCode>1144</assignedBeaconCode>
    <requestedAltitude>0</requestedAltitude>
    <assignedAltitude>10000</assignedAltitude>
    <category>F</category>
    <dbi></dbi>
    <acid>SWA733</acid>
    <acType>B737</acType>
    <entryFix>BOO</entryFix>
    <exitFix>STL</exitFix>
    <airport>STL</airport>
    <flightRules>IFR</flightRules>
    <rawFlightRules></rawFlightRules>
    <type>A</type>
    <ptdTime>1635</ptdTime>
    <status>active</status>
    <delete>0</delete>
    <suspended>0</suspended>
    <lld>NE</lld>
    <ECID>939</ECID>
    <eqptSuffix>unavailable</eqptSuffix>
  </flightPlan>
  <enhancedData>
    <eramGufi>KW461134Iw</eramGufi>
    <sfdpsGufi>us.fdps.2026-06-24T12:48:33Z.000/22/4Iw</sfdpsGufi>
    <departureAirport>KBWI</departureAirport>
    <destinationAirport>KSTL</destinationAirport>
  </enhancedData>
</record>

=== 16:39:14.081 CID ENY3462 ===
<record>
  <recSeqNum>38730</recSeqNum>
  <recSrc>A</recSrc>
  <recType>210</recType>
  <recSTARSTimestamp>59953630</recSTARSTimestamp>
  <recSTARSSrcID>0</recSTARSSrcID>
  <recSTARSTimeSync>true</recSTARSTimeSync>
  <recSAFAReceiptTime>2026-06-24T16:39:13.667Z</recSAFAReceiptTime>
  <recSAFATimeSync>true</recSAFATimeSync>
  <track>
    <trackNum>344</trackNum>
    <mrtTime>2026-06-24T16:39:12.325Z</mrtTime>
    <status>active</status>
    <acAddress>000000</acAddress>
    <xPos>767068</xPos>
    <yPos>453030</yPos>
    <lat>41.42808</lat>
    <lon>-90.41569</lon>
    <vVert>-1743</vVert>
    <vx>-330</vx>
    <vy>154</vy>
    <vVertRaw>-1190</vVertRaw>
    <vxRaw>-1504</vxRaw>
    <vyRaw>700</vyRaw>
    <frozen>0</frozen>
    <new>0</new>
    <pseudo>0</pseudo>
    <adsb>0</adsb>
    <reportedBeaconCode>6504</reportedBeaconCode>
    <reportedAltitude>19000</reportedAltitude>
  </track>
  <flightPlan>
    <sfpn>626</sfpn>
    <ocr>pending</ocr>
    <rnav>0</rnav>
    <scratchPad1>CID</scratchPad1>
    <cps>1T</cps>
    <runway>CID</runway>
    <assignedBeaconCode>6504</assignedBeaconCode>
    <requestedAltitude>0</requestedAltitude>
    <assignedAltitude>29000</assignedAltitude>
    <category>G</category>
    <dbi></dbi>
    <acid>ENY3462</acid>
    <acType>E170</acType>
    <entryFix>MLI</entryFix>
    <exitFix>CID</exitFix>
    <airport>CID</airport>
    <flightRules>IFR</flightRules>
    <rawFlightRules></rawFlightRules>
    <type>A</type>
    <ptdTime>1647</ptdTime>
    <status>active</status>
    <delete>0</delete>
    <suspended>0</suspended>
    <lld>N</lld>
    <ECID>939</ECID>
    <eqptSuffix>unavailable</eqptSuffix>
  </flightPlan>
  <enhancedData>
    <eramGufi>KW489174kj</eramGufi>
    <sfdpsGufi>us.fdps.2026-06-24T13:35:17Z.000/22/4kj</sfdpsGufi>
    <departureAirport>KDCA</departureAirport>
    <destinationAirport>KCID</destinationAirport>
  </enhancedData>
</record>

=== 16:39:14.503 CID ENY3462 ===
<record>
  <recSeqNum>38739</recSeqNum>
  <recSrc>A</recSrc>
  <recType>210</recType>
  <recSTARSTimestamp>59954060</recSTARSTimestamp>
  <recSTARSSrcID>0</recSTARSSrcID>
  <recSTARSTimeSync>true</recSTARSTimeSync>
  <recSAFAReceiptTime>2026-06-24T16:39:14.070Z</recSAFAReceiptTime>
  <recSAFATimeSync>true</recSAFATimeSync>
  <track>
    <trackNum>344</trackNum>
    <mrtTime>2026-06-24T16:39:12.325Z</mrtTime>
    <status>active</status>
    <acAddress>000000</acAddress>
    <xPos>767068</xPos>
    <yPos>453030</yPos>
    <lat>41.42808</lat>
    <lon>-90.41569</lon>
    <vVert>-1743</vVert>
    <vx>-330</vx>
    <vy>154</vy>
    <vVertRaw>-1190</vVertRaw>
    <vxRaw>-1504</vxRaw>
    <vyRaw>700</vyRaw>
    <frozen>0</frozen>
    <new>0</new>
    <pseudo>0</pseudo>
    <adsb>0</adsb>
    <reportedBeaconCode>6504</reportedBeaconCode>
    <reportedAltitude>19000</reportedAltitude>
  </track>
  <flightPlan>
    <sfpn>626</sfpn>
    <ocr>pending</ocr>
    <rnav>0</rnav>
    <scratchPad1>CID</scratchPad1>
    <cps>1T</cps>
    <runway>CID</runway>
    <assignedBeaconCode>6504</assignedBeaconCode>
    <requestedAltitude>0</requestedAltitude>
    <assignedAltitude>29000</assignedAltitude>
    <category>G</category>
    <dbi></dbi>
    <acid>ENY3462</acid>
    <acType>E170</acType>
    <entryFix>MLI</entryFix>
    <exitFix>CID</exitFix>
    <airport>CID</airport>
    <flightRules>IFR</flightRules>
    <rawFlightRules></rawFlightRules>
    <type>A</type>
    <ptdTime>1647</ptdTime>
    <status>active</status>
    <delete>0</delete>
    <suspended>0</suspended>
    <lld>N</lld>
    <ECID>939</ECID>
    <eqptSuffix>unavailable</eqptSuffix>
  </flightPlan>
  <enhancedData>
    <eramGufi>KW489174kj</eramGufi>
    <sfdpsGufi>us.fdps.2026-06-24T13:35:17Z.000/22/4kj</sfdpsGufi>
    <departureAirport>KDCA</departureAirport>
    <destinationAirport>KCID</destinationAirport>
  </enhancedData>
</record>

=== 16:39:18.496 PCT DAL737 ===
<record>
  <recSeqNum>24957</recSeqNum>
  <recSrc>A</recSrc>
  <recType>210</recType>
  <recSTARSTimestamp>59957980</recSTARSTimestamp>
  <recSTARSSrcID>0</recSTARSSrcID>
  <recSTARSTimeSync>true</recSTARSTimeSync>
  <recSAFAReceiptTime>2026-06-24T16:39:17.994Z</recSAFAReceiptTime>
  <recSAFATimeSync>true</recSAFATimeSync>
  <track>
    <trackNum>2569</trackNum>
    <mrtTime>2026-06-24T16:39:17.536Z</mrtTime>
    <status>active</status>
    <acAddress>a41c69</acAddress>
    <xPos>1011390</xPos>
    <yPos>317216</yPos>
    <lat>38.74625</lat>
    <lon>-77.02833</lon>
    <vVert>-927</vVert>
    <vx>-44</vx>
    <vy>153</vy>
    <vVertRaw>-633</vVertRaw>
    <vxRaw>-200</vxRaw>
    <vyRaw>696</vyRaw>
    <frozen>0</frozen>
    <new>0</new>
    <pseudo>0</pseudo>
    <adsb>1</adsb>
    <reportedBeaconCode>3352</reportedBeaconCode>
    <reportedAltitude>1800</reportedAltitude>
  </track>
  <flightPlan>
    <sfpn>1041</sfpn>
    <ocr>normal handoff</ocr>
    <rnav>0</rnav>
    <cps>1J</cps>
    <assignedBeaconCode>3352</assignedBeaconCode>
    <requestedAltitude>0</requestedAltitude>
    <assignedAltitude>13000</assignedAltitude>
    <category>F</category>
    <dbi></dbi>
    <acid>DAL737</acid>
    <acType>A320</acType>
    <entryFix>CAP</entryFix>
    <exitFix>DCA</exitFix>
    <airport>DCA</airport>
    <flightRules>IFR</flightRules>
    <rawFlightRules></rawFlightRules>
    <type>A</type>
    <ptdTime>1628</ptdTime>
    <status>active</status>
    <delete>0</delete>
    <suspended>0</suspended>
    <lld>NE</lld>
    <ECID>175</ECID>
    <eqptSuffix>unavailable</eqptSuffix>
  </flightPlan>
  <enhancedData>
    <eramGufi>KT510614Pn</eramGufi>
    <sfdpsGufi>us.fdps.2026-06-24T14:11:01Z.000/19/4Pn</sfdpsGufi>
    <departureAirport>KATL</departureAirport>
    <destinationAirport>KDCA</destinationAirport>
  </enhancedData>
</record>

=== 16:39:18.950 CID ENY3462 ===
<record>
  <recSeqNum>38869</recSeqNum>
  <recSrc>A</recSrc>
  <recType>210</recType>
  <recSTARSTimestamp>59958430</recSTARSTimestamp>
  <recSTARSSrcID>0</recSTARSSrcID>
  <recSTARSTimeSync>true</recSTARSTimeSync>
  <recSAFAReceiptTime>2026-06-24T16:39:18.476Z</recSAFAReceiptTime>
  <recSAFATimeSync>true</recSAFATimeSync>
  <track>
    <trackNum>344</trackNum>
    <mrtTime>2026-06-24T16:39:17.080Z</mrtTime>
    <status>active</status>
    <acAddress>000000</acAddress>
    <xPos>766961</xPos>
    <yPos>453082</yPos>
    <lat>41.43158</lat>
    <lon>-90.42489</lon>
    <vVert>-1752</vVert>
    <vx>-327</vx>
    <vy>154</vy>
    <vVertRaw>-1196</vVertRaw>
    <vxRaw>-1490</vxRaw>
    <vyRaw>700</vyRaw>
    <frozen>0</frozen>
    <new>0</new>
    <pseudo>0</pseudo>
    <adsb>0</adsb>
    <reportedBeaconCode>6504</reportedBeaconCode>
    <reportedAltitude>18800</reportedAltitude>
  </track>
  <flightPlan>
    <sfpn>626</sfpn>
    <ocr>pending</ocr>
    <rnav>0</rnav>
    <scratchPad1>CID</scratchPad1>
    <cps>1T</cps>
    <runway>CID</runway>
    <assignedBeaconCode>6504</assignedBeaconCode>
    <requestedAltitude>0</requestedAltitude>
    <assignedAltitude>29000</assignedAltitude>
    <category>G</category>
    <dbi></dbi>
    <acid>ENY3462</acid>
    <acType>E170</acType>
    <entryFix>MLI</entryFix>
    <exitFix>CID</exitFix>
    <airport>CID</airport>
    <flightRules>IFR</flightRules>
    <rawFlightRules></rawFlightRules>
    <type>A</type>
    <ptdTime>1647</ptdTime>
    <status>active</status>
    <delete>0</delete>
    <suspended>0</suspended>
    <lld>N</lld>
    <ECID>939</ECID>
    <eqptSuffix>unavailable</eqptSuffix>
  </flightPlan>
  <enhancedData>
    <eramGufi>KW489174kj</eramGufi>
    <sfdpsGufi>us.fdps.2026-06-24T13:35:17Z.000/22/4kj</sfdpsGufi>
    <departureAirport>KDCA</departureAirport>
    <destinationAirport>KCID</destinationAirport>
  </enhancedData>
</record>

=== 16:39:23.557 CID ENY3462 ===
<record>
  <recSeqNum>39014</recSeqNum>
  <recSrc>A</recSrc>
  <recType>210</recType>
  <recSTARSTimestamp>59963230</recSTARSTimestamp>
  <recSTARSSrcID>0</recSTARSSrcID>
  <recSTARSTimeSync>true</recSTARSTimeSync>
  <recSAFAReceiptTime>2026-06-24T16:39:23.234Z</recSAFAReceiptTime>
  <recSAFATimeSync>true</recSAFATimeSync>
  <track>
    <trackNum>344</trackNum>
    <mrtTime>2026-06-24T16:39:21.896Z</mrtTime>
    <status>active</status>
    <acAddress>000000</acAddress>
    <xPos>766852</xPos>
    <yPos>453134</yPos>
    <lat>41.43508</lat>
    <lon>-90.43425</lon>
    <vVert>-1750</vVert>
    <vx>-326</vx>
    <vy>153</vy>
    <vVertRaw>-1195</vVertRaw>
    <vxRaw>-1482</vxRaw>
    <vyRaw>698</vyRaw>
    <frozen>0</frozen>
    <new>0</new>
    <pseudo>0</pseudo>
    <adsb>0</adsb>
    <reportedBeaconCode>6504</reportedBeaconCode>
    <reportedAltitude>18700</reportedAltitude>
  </track>
  <flightPlan>
    <sfpn>626</sfpn>
    <ocr>pending</ocr>
    <rnav>0</rnav>
    <scratchPad1>CID</scratchPad1>
    <cps>1T</cps>
    <runway>CID</runway>
    <assignedBeaconCode>6504</assignedBeaconCode>
    <requestedAltitude>0</requestedAltitude>
    <assignedAltitude>29000</assignedAltitude>
    <category>G</category>
    <dbi></dbi>
    <acid>ENY3462</acid>
    <acType>E170</acType>
    <entryFix>MLI</entryFix>
    <exitFix>CID</exitFix>
    <airport>CID</airport>
    <flightRules>IFR</flightRules>
    <rawFlightRules></rawFlightRules>
    <type>A</type>
    <ptdTime>1647</ptdTime>
    <status>active</status>
    <delete>0</delete>
    <suspended>0</suspended>
    <lld>N</lld>
    <ECID>939</ECID>
    <eqptSuffix>unavailable</eqptSuffix>
  </flightPlan>
  <enhancedData>
    <eramGufi>KW489174kj</eramGufi>
    <sfdpsGufi>us.fdps.2026-06-24T13:35:17Z.000/22/4kj</sfdpsGufi>
    <departureAirport>KDCA</departureAirport>
    <destinationAirport>KCID</destinationAirport>
  </enhancedData>
</record>

=== 16:39:31.847 T75 SWA733 ===
<record>
  <recSeqNum>8018</recSeqNum>
  <recSrc>A</recSrc>
  <recType>210</recType>
  <recSTARSTimestamp>59971580</recSTARSTimestamp>
  <recSTARSSrcID>0</recSTARSSrcID>
  <recSTARSTimeSync>true</recSTARSTimeSync>
  <recSAFAReceiptTime>2026-06-24T16:39:31.584Z</recSAFAReceiptTime>
  <recSAFATimeSync>true</recSAFATimeSync>
  <track>
    <trackNum>3303</trackNum>
    <mrtTime>2026-06-24T16:39:31.196Z</mrtTime>
    <status>active</status>
    <acAddress>a2bb10</acAddress>
    <xPos>775792</xPos>
    <yPos>399092</yPos>
    <lat>38.39078</lat>
    <lon>-90.09806</lon>
    <vVert>-2001</vVert>
    <vx>-23</vx>
    <vy>286</vy>
    <vVertRaw>-1366</vVertRaw>
    <vxRaw>-106</vxRaw>
    <vyRaw>1303</vyRaw>
    <frozen>0</frozen>
    <new>0</new>
    <pseudo>0</pseudo>
    <adsb>1</adsb>
    <reportedBeaconCode>1144</reportedBeaconCode>
    <reportedAltitude>8300</reportedAltitude>
  </track>
  <flightPlan>
    <sfpn>296</sfpn>
    <ocr>normal handoff</ocr>
    <rnav>1</rnav>
    <scratchPad1>VAR</scratchPad1>
    <cps>1N</cps>
    <runway>VAR</runway>
    <assignedBeaconCode>1144</assignedBeaconCode>
    <requestedAltitude>0</requestedAltitude>
    <assignedAltitude>10000</assignedAltitude>
    <category>F</category>
    <dbi></dbi>
    <acid>SWA733</acid>
    <acType>B737</acType>
    <entryFix>BOO</entryFix>
    <exitFix>STL</exitFix>
    <airport>STL</airport>
    <flightRules>IFR</flightRules>
    <rawFlightRules></rawFlightRules>
    <type>A</type>
    <ptdTime>1635</ptdTime>
    <status>active</status>
    <delete>0</delete>
    <suspended>0</suspended>
    <lld>NE</lld>
    <ECID>939</ECID>
    <eqptSuffix>unavailable</eqptSuffix>
  </flightPlan>
  <enhancedData>
    <eramGufi>KW461134Iw</eramGufi>
    <sfdpsGufi>us.fdps.2026-06-24T12:48:33Z.000/22/4Iw</sfdpsGufi>
    <departureAirport>KBWI</departureAirport>
    <destinationAirport>KSTL</destinationAirport>
  </enhancedData>
</record>

=== 16:39:32.313 CID ENY3462 ===
<record>
  <recSeqNum>39291</recSeqNum>
  <recSrc>A</recSrc>
  <recType>210</recType>
  <recSTARSTimestamp>59972050</recSTARSTimestamp>
  <recSTARSSrcID>0</recSTARSSrcID>
  <recSTARSTimeSync>true</recSTARSTimeSync>
  <recSAFAReceiptTime>2026-06-24T16:39:32.089Z</recSAFAReceiptTime>
  <recSAFATimeSync>true</recSAFATimeSync>
  <track>
    <trackNum>344</trackNum>
    <mrtTime>2026-06-24T16:39:26.671Z</mrtTime>
    <status>active</status>
    <acAddress>000000</acAddress>
    <xPos>766752</xPos>
    <yPos>453186</yPos>
    <lat>41.43856</lat>
    <lon>-90.44283</lon>
    <vVert>-1761</vVert>
    <vx>-310</vx>
    <vy>155</vy>
    <vVertRaw>-1202</vVertRaw>
    <vxRaw>-1410</vxRaw>
    <vyRaw>705</vyRaw>
    <frozen>0</frozen>
    <new>0</new>
    <pseudo>0</pseudo>
    <adsb>0</adsb>
    <reportedBeaconCode>6504</reportedBeaconCode>
    <reportedAltitude>18500</reportedAltitude>
  </track>
  <flightPlan>
    <sfpn>626</sfpn>
    <ocr>pending</ocr>
    <rnav>0</rnav>
    <scratchPad1>CID</scratchPad1>
    <cps>1T</cps>
    <runway>CID</runway>
    <assignedBeaconCode>6504</assignedBeaconCode>
    <requestedAltitude>0</requestedAltitude>
    <assignedAltitude>29000</assignedAltitude>
    <category>G</category>
    <dbi></dbi>
    <acid>ENY3462</acid>
    <acType>E170</acType>
    <entryFix>MLI</entryFix>
    <exitFix>CID</exitFix>
    <airport>CID</airport>
    <flightRules>IFR</flightRules>
    <rawFlightRules></rawFlightRules>
    <type>A</type>
    <ptdTime>1647</ptdTime>
    <status>active</status>
    <delete>0</delete>
    <suspended>0</suspended>
    <lld>N</lld>
    <ECID>939</ECID>
    <eqptSuffix>unavailable</eqptSuffix>
  </flightPlan>
  <enhancedData>
    <eramGufi>KW489174kj</eramGufi>
    <sfdpsGufi>us.fdps.2026-06-24T13:35:17Z.000/22/4kj</sfdpsGufi>
    <departureAirport>KDCA</departureAirport>
    <destinationAirport>KCID</destinationAirport>
  </enhancedData>
</record>

=== 16:39:32.660 CID ENY3462 ===
<record>
  <recSeqNum>39300</recSeqNum>
  <recSrc>A</recSrc>
  <recType>210</recType>
  <recSTARSTimestamp>59972380</recSTARSTimestamp>
  <recSTARSSrcID>0</recSTARSSrcID>
  <recSTARSTimeSync>true</recSTARSTimeSync>
  <recSAFAReceiptTime>2026-06-24T16:39:32.392Z</recSAFAReceiptTime>
  <recSAFATimeSync>true</recSAFATimeSync>
  <track>
    <trackNum>344</trackNum>
    <mrtTime>2026-06-24T16:39:29.966Z</mrtTime>
    <status>active</status>
    <acAddress>000000</acAddress>
    <xPos>766674</xPos>
    <yPos>453224</yPos>
    <lat>41.44111</lat>
    <lon>-90.44956</lon>
    <vVert>-1770</vVert>
    <vx>-318</vx>
    <vy>160</vy>
    <vVertRaw>-1208</vVertRaw>
    <vxRaw>-1446</vxRaw>
    <vyRaw>729</vyRaw>
    <frozen>0</frozen>
    <new>0</new>
    <pseudo>0</pseudo>
    <adsb>0</adsb>
    <reportedBeaconCode>6504</reportedBeaconCode>
    <reportedAltitude>18400</reportedAltitude>
  </track>
  <flightPlan>
    <sfpn>626</sfpn>
    <ocr>pending</ocr>
    <rnav>0</rnav>
    <scratchPad1>CID</scratchPad1>
    <cps>1T</cps>
    <runway>CID</runway>
    <assignedBeaconCode>6504</assignedBeaconCode>
    <requestedAltitude>0</requestedAltitude>
    <assignedAltitude>29000</assignedAltitude>
    <category>G</category>
    <dbi></dbi>
    <acid>ENY3462</acid>
    <acType>E170</acType>
    <entryFix>MLI</entryFix>
    <exitFix>CID</exitFix>
    <airport>CID</airport>
    <flightRules>IFR</flightRules>
    <rawFlightRules></rawFlightRules>
    <type>A</type>
    <ptdTime>1647</ptdTime>
    <status>active</status>
    <delete>0</delete>
    <suspended>0</suspended>
    <lld>N</lld>
    <ECID>939</ECID>
    <eqptSuffix>unavailable</eqptSuffix>
  </flightPlan>
  <enhancedData>
    <eramGufi>KW489174kj</eramGufi>
    <sfdpsGufi>us.fdps.2026-06-24T13:35:17Z.000/22/4kj</sfdpsGufi>
    <departureAirport>KDCA</departureAirport>
    <destinationAirport>KCID</destinationAirport>
  </enhancedData>
</record>

=== 16:39:37.000 PCT DAL737 ===
<record>
  <recSeqNum>27242</recSeqNum>
  <recSrc>A</recSrc>
  <recType>210</recType>
  <recSTARSTimestamp>59976750</recSTARSTimestamp>
  <recSTARSSrcID>0</recSTARSSrcID>
  <recSTARSTimeSync>true</recSTARSTimeSync>
  <recSAFAReceiptTime>2026-06-24T16:39:36.796Z</recSAFAReceiptTime>
  <recSAFATimeSync>true</recSAFATimeSync>
  <track>
    <trackNum>2569</trackNum>
    <mrtTime>2026-06-24T16:39:35.928Z</mrtTime>
    <status>active</status>
    <acAddress>a41c69</acAddress>
    <xPos>1011329</xPos>
    <yPos>317412</yPos>
    <lat>38.75903</lat>
    <lon>-77.03336</lon>
    <vVert>-712</vVert>
    <vx>-44</vx>
    <vy>151</vy>
    <vVertRaw>-486</vVertRaw>
    <vxRaw>-198</vxRaw>
    <vyRaw>686</vyRaw>
    <frozen>0</frozen>
    <new>0</new>
    <pseudo>0</pseudo>
    <adsb>1</adsb>
    <reportedBeaconCode>3352</reportedBeaconCode>
    <reportedAltitude>1600</reportedAltitude>
  </track>
  <flightPlan>
    <sfpn>1041</sfpn>
    <ocr>normal handoff</ocr>
    <rnav>0</rnav>
    <cps>1J</cps>
    <assignedBeaconCode>3352</assignedBeaconCode>
    <requestedAltitude>0</requestedAltitude>
    <assignedAltitude>13000</assignedAltitude>
    <category>F</category>
    <dbi></dbi>
    <acid>DAL737</acid>
    <acType>A320</acType>
    <entryFix>CAP</entryFix>
    <exitFix>DCA</exitFix>
    <airport>DCA</airport>
    <flightRules>IFR</flightRules>
    <rawFlightRules></rawFlightRules>
    <type>A</type>
    <ptdTime>1628</ptdTime>
    <status>active</status>
    <delete>0</delete>
    <suspended>0</suspended>
    <lld>NE</lld>
    <ECID>175</ECID>
    <eqptSuffix>unavailable</eqptSuffix>
  </flightPlan>
  <enhancedData>
    <eramGufi>KT510614Pn</eramGufi>
    <sfdpsGufi>us.fdps.2026-06-24T14:11:01Z.000/19/4Pn</sfdpsGufi>
    <departureAirport>KATL</departureAirport>
    <destinationAirport>KDCA</destinationAirport>
  </enhancedData>
</record>

=== 16:39:38.238 CID ENY3462 ===
<record>
  <recSeqNum>39479</recSeqNum>
  <recSrc>A</recSrc>
  <recType>210</recType>
  <recSTARSTimestamp>59978060</recSTARSTimestamp>
  <recSTARSSrcID>0</recSTARSSrcID>
  <recSTARSTimeSync>true</recSTARSTimeSync>
  <recSAFAReceiptTime>2026-06-24T16:39:38.095Z</recSAFAReceiptTime>
  <recSAFATimeSync>true</recSAFATimeSync>
  <track>
    <trackNum>344</trackNum>
    <mrtTime>2026-06-24T16:39:29.966Z</mrtTime>
    <status>active</status>
    <acAddress>000000</acAddress>
    <xPos>766674</xPos>
    <yPos>453224</yPos>
    <lat>41.44111</lat>
    <lon>-90.44956</lon>
    <vVert>-1770</vVert>
    <vx>-318</vx>
    <vy>160</vy>
    <vVertRaw>-1208</vVertRaw>
    <vxRaw>-1446</vxRaw>
    <vyRaw>729</vyRaw>
    <frozen>0</frozen>
    <new>0</new>
    <pseudo>0</pseudo>
    <adsb>0</adsb>
    <reportedBeaconCode>6504</reportedBeaconCode>
    <reportedAltitude>18400</reportedAltitude>
  </track>
  <flightPlan>
    <sfpn>626</sfpn>
    <ocr>pending</ocr>
    <rnav>0</rnav>
    <scratchPad1>CID</scratchPad1>
    <cps>1T</cps>
    <runway>CID</runway>
    <assignedBeaconCode>6504</assignedBeaconCode>
    <requestedAltitude>0</requestedAltitude>
    <assignedAltitude>29000</assignedAltitude>
    <category>G</category>
    <dbi></dbi>
    <acid>ENY3462</acid>
    <acType>E170</acType>
    <entryFix>MLI</entryFix>
    <exitFix>CID</exitFix>
    <airport>CID</airport>
    <flightRules>IFR</flightRules>
    <rawFlightRules></rawFlightRules>
    <type>A</type>
    <ptdTime>1647</ptdTime>
    <status>active</status>
    <delete>0</delete>
    <suspended>0</suspended>
    <lld>N</lld>
    <ECID>939</ECID>
    <eqptSuffix>unavailable</eqptSuffix>
  </flightPlan>
  <enhancedData>
    <eramGufi>KW489174kj</eramGufi>
    <sfdpsGufi>us.fdps.2026-06-24T13:35:17Z.000/22/4kj</sfdpsGufi>
    <departureAirport>KDCA</departureAirport>
    <destinationAirport>KCID</destinationAirport>
  </enhancedData>
</record>

=== 16:39:40.235 T75 SWA733 ===
<record>
  <recSeqNum>8282</recSeqNum>
  <recSrc>A</recSrc>
  <recType>210</recType>
  <recSTARSTimestamp>59979840</recSTARSTimestamp>
  <recSTARSSrcID>0</recSTARSSrcID>
  <recSTARSTimeSync>true</recSTARSTimeSync>
  <recSAFAReceiptTime>2026-06-24T16:39:39.838Z</recSAFAReceiptTime>
  <recSAFATimeSync>true</recSAFATimeSync>
  <track>
    <trackNum>3303</trackNum>
    <mrtTime>2026-06-24T16:39:39.558Z</mrtTime>
    <status>active</status>
    <acAddress>a2bb10</acAddress>
    <xPos>775777</xPos>
    <yPos>399264</yPos>
    <lat>38.402</lat>
    <lon>-90.09933</lon>
    <vVert>-1897</vVert>
    <vx>-24</vx>
    <vy>288</vy>
    <vVertRaw>-1295</vVertRaw>
    <vxRaw>-109</vxRaw>
    <vyRaw>1309</vyRaw>
    <frozen>0</frozen>
    <new>0</new>
    <pseudo>0</pseudo>
    <adsb>1</adsb>
    <reportedBeaconCode>1144</reportedBeaconCode>
    <reportedAltitude>8100</reportedAltitude>
  </track>
  <flightPlan>
    <sfpn>296</sfpn>
    <ocr>normal handoff</ocr>
    <rnav>1</rnav>
    <scratchPad1>VAR</scratchPad1>
    <cps>1N</cps>
    <runway>VAR</runway>
    <assignedBeaconCode>1144</assignedBeaconCode>
    <requestedAltitude>0</requestedAltitude>
    <assignedAltitude>10000</assignedAltitude>
    <category>F</category>
    <dbi></dbi>
    <acid>SWA733</acid>
    <acType>B737</acType>
    <entryFix>BOO</entryFix>
    <exitFix>STL</exitFix>
    <airport>STL</airport>
    <flightRules>IFR</flightRules>
    <rawFlightRules></rawFlightRules>
    <type>A</type>
    <ptdTime>1635</ptdTime>
    <status>active</status>
    <delete>0</delete>
    <suspended>0</suspended>
    <lld>NE</lld>
    <ECID>939</ECID>
    <eqptSuffix>unavailable</eqptSuffix>
  </flightPlan>
  <enhancedData>
    <eramGufi>KW461134Iw</eramGufi>
    <sfdpsGufi>us.fdps.2026-06-24T12:48:33Z.000/22/4Iw</sfdpsGufi>
    <departureAirport>KBWI</departureAirport>
    <destinationAirport>KSTL</destinationAirport>
  </enhancedData>
</record>

=== 16:39:48.615 T75 SWA733 ===
<record>
  <recSeqNum>8549</recSeqNum>
  <recSrc>A</recSrc>
  <recType>210</recType>
  <recSTARSTimestamp>59988230</recSTARSTimestamp>
  <recSTARSSrcID>0</recSTARSSrcID>
  <recSTARSTimeSync>true</recSTARSTimeSync>
  <recSAFAReceiptTime>2026-06-24T16:39:48.254Z</recSAFAReceiptTime>
  <recSAFATimeSync>true</recSAFATimeSync>
  <track>
    <trackNum>3303</trackNum>
    <mrtTime>2026-06-24T16:39:47.970Z</mrtTime>
    <status>active</status>
    <acAddress>a2bb10</acAddress>
    <xPos>775763</xPos>
    <yPos>399436</yPos>
    <lat>38.41319</lat>
    <lon>-90.10053</lon>
    <vVert>-1327</vVert>
    <vx>-24</vx>
    <vy>288</vy>
    <vVertRaw>-906</vVertRaw>
    <vxRaw>-111</vxRaw>
    <vyRaw>1311</vyRaw>
    <frozen>0</frozen>
    <new>0</new>
    <pseudo>0</pseudo>
    <adsb>1</adsb>
    <reportedBeaconCode>1144</reportedBeaconCode>
    <reportedAltitude>7900</reportedAltitude>
  </track>
  <flightPlan>
    <sfpn>296</sfpn>
    <ocr>normal handoff</ocr>
    <rnav>1</rnav>
    <scratchPad1>VAR</scratchPad1>
    <cps>1N</cps>
    <runway>VAR</runway>
    <assignedBeaconCode>1144</assignedBeaconCode>
    <requestedAltitude>0</requestedAltitude>
    <assignedAltitude>10000</assignedAltitude>
    <category>F</category>
    <dbi></dbi>
    <acid>SWA733</acid>
    <acType>B737</acType>
    <entryFix>BOO</entryFix>
    <exitFix>STL</exitFix>
    <airport>STL</airport>
    <flightRules>IFR</flightRules>
    <rawFlightRules></rawFlightRules>
    <type>A</type>
    <ptdTime>1635</ptdTime>
    <status>active</status>
    <delete>0</delete>
    <suspended>0</suspended>
    <lld>NE</lld>
    <ECID>939</ECID>
    <eqptSuffix>unavailable</eqptSuffix>
  </flightPlan>
  <enhancedData>
    <eramGufi>KW461134Iw</eramGufi>
    <sfdpsGufi>us.fdps.2026-06-24T12:48:33Z.000/22/4Iw</sfdpsGufi>
    <departureAirport>KBWI</departureAirport>
    <destinationAirport>KSTL</destinationAirport>
  </enhancedData>
</record>

=== 16:39:50.497 CID ENY3462 ===
<record>
  <recSeqNum>39842</recSeqNum>
  <recSrc>A</recSrc>
  <recType>210</recType>
  <recSTARSTimestamp>59990060</recSTARSTimestamp>
  <recSTARSSrcID>0</recSTARSSrcID>
  <recSTARSTimeSync>true</recSTARSTimeSync>
  <recSAFAReceiptTime>2026-06-24T16:39:50.107Z</recSAFAReceiptTime>
  <recSAFATimeSync>true</recSAFATimeSync>
  <track>
    <trackNum>344</trackNum>
    <mrtTime>2026-06-24T16:39:41.965Z</mrtTime>
    <status>active</status>
    <acAddress>000000</acAddress>
    <xPos>766397</xPos>
    <yPos>453355</yPos>
    <lat>41.44989</lat>
    <lon>-90.47336</lon>
    <vVert>-1767</vVert>
    <vx>-323</vx>
    <vy>154</vy>
    <vVertRaw>-1206</vVertRaw>
    <vxRaw>-1469</vxRaw>
    <vyRaw>702</vyRaw>
    <frozen>0</frozen>
    <new>0</new>
    <pseudo>0</pseudo>
    <adsb>0</adsb>
    <reportedBeaconCode>6504</reportedBeaconCode>
    <reportedAltitude>18100</reportedAltitude>
  </track>
  <flightPlan>
    <sfpn>626</sfpn>
    <ocr>pending</ocr>
    <rnav>0</rnav>
    <scratchPad1>CID</scratchPad1>
    <cps>1T</cps>
    <runway>CID</runway>
    <assignedBeaconCode>6504</assignedBeaconCode>
    <requestedAltitude>0</requestedAltitude>
    <assignedAltitude>29000</assignedAltitude>
    <category>G</category>
    <dbi></dbi>
    <acid>ENY3462</acid>
    <acType>E170</acType>
    <entryFix>MLI</entryFix>
    <exitFix>CID</exitFix>
    <airport>CID</airport>
    <flightRules>IFR</flightRules>
    <rawFlightRules></rawFlightRules>
    <type>A</type>
    <ptdTime>1647</ptdTime>
    <status>active</status>
    <delete>0</delete>
    <suspended>0</suspended>
    <lld>N</lld>
    <ECID>939</ECID>
    <eqptSuffix>unavailable</eqptSuffix>
  </flightPlan>
  <enhancedData>
    <eramGufi>KW489174kj</eramGufi>
    <sfdpsGufi>us.fdps.2026-06-24T13:35:17Z.000/22/4kj</sfdpsGufi>
    <departureAirport>KDCA</departureAirport>
    <destinationAirport>KCID</destinationAirport>
  </enhancedData>
</record>

=== 16:39:52.803 T75 SWA733 ===
<record>
  <recSeqNum>8667</recSeqNum>
  <recSrc>A</recSrc>
  <recType>210</recType>
  <recSTARSTimestamp>59992450</recSTARSTimestamp>
  <recSTARSSrcID>0</recSTARSSrcID>
  <recSTARSTimeSync>true</recSTARSTimeSync>
  <recSAFAReceiptTime>2026-06-24T16:39:52.458Z</recSAFAReceiptTime>
  <recSAFATimeSync>true</recSAFATimeSync>
  <track>
    <trackNum>3303</trackNum>
    <mrtTime>2026-06-24T16:39:52.056Z</mrtTime>
    <status>active</status>
    <acAddress>a2bb10</acAddress>
    <xPos>775755</xPos>
    <yPos>399520</yPos>
    <lat>38.41867</lat>
    <lon>-90.10119</lon>
    <vVert>-1327</vVert>
    <vx>-25</vx>
    <vy>288</vy>
    <vVertRaw>-906</vVertRaw>
    <vxRaw>-112</vxRaw>
    <vyRaw>1310</vyRaw>
    <frozen>0</frozen>
    <new>0</new>
    <pseudo>0</pseudo>
    <adsb>1</adsb>
    <reportedBeaconCode>1144</reportedBeaconCode>
    <reportedAltitude>7800</reportedAltitude>
  </track>
  <flightPlan>
    <sfpn>296</sfpn>
    <ocr>normal handoff</ocr>
    <rnav>1</rnav>
    <scratchPad1>VAR</scratchPad1>
    <cps>1N</cps>
    <runway>VAR</runway>
    <assignedBeaconCode>1144</assignedBeaconCode>
    <requestedAltitude>0</requestedAltitude>
    <assignedAltitude>10000</assignedAltitude>
    <category>F</category>
    <dbi></dbi>
    <acid>SWA733</acid>
    <acType>B737</acType>
    <entryFix>BOO</entryFix>
    <exitFix>STL</exitFix>
    <airport>STL</airport>
    <flightRules>IFR</flightRules>
    <rawFlightRules></rawFlightRules>
    <type>A</type>
    <ptdTime>1635</ptdTime>
    <status>active</status>
    <delete>0</delete>
    <suspended>0</suspended>
    <lld>NE</lld>
    <ECID>939</ECID>
    <eqptSuffix>unavailable</eqptSuffix>
  </flightPlan>
  <enhancedData>
    <eramGufi>KW461134Iw</eramGufi>
    <sfdpsGufi>us.fdps.2026-06-24T12:48:33Z.000/22/4Iw</sfdpsGufi>
    <departureAirport>KBWI</departureAirport>
    <destinationAirport>KSTL</destinationAirport>
  </enhancedData>
</record>

=== 16:39:54.146 PCT DAL737 ===
<record>
  <recSeqNum>29277</recSeqNum>
  <recSrc>A</recSrc>
  <recType>210</recType>
  <recSTARSTimestamp>59993830</recSTARSTimestamp>
  <recSTARSSrcID>0</recSTARSSrcID>
  <recSTARSTimeSync>true</recSTARSTimeSync>
  <recSAFAReceiptTime>2026-06-24T16:39:53.858Z</recSAFAReceiptTime>
  <recSAFATimeSync>true</recSAFATimeSync>
  <track>
    <trackNum>2569</trackNum>
    <mrtTime>2026-06-24T16:39:52.832Z</mrtTime>
    <status>active</status>
    <acAddress>a41c69</acAddress>
    <xPos>1011299</xPos>
    <yPos>317586</yPos>
    <lat>38.77036</lat>
    <lon>-77.03583</lon>
    <vVert>-606</vVert>
    <vx>-15</vx>
    <vy>142</vy>
    <vVertRaw>-414</vVertRaw>
    <vxRaw>-70</vxRaw>
    <vyRaw>644</vyRaw>
    <frozen>0</frozen>
    <new>0</new>
    <pseudo>0</pseudo>
    <adsb>1</adsb>
    <reportedBeaconCode>3352</reportedBeaconCode>
    <reportedAltitude>1400</reportedAltitude>
  </track>
  <flightPlan>
    <sfpn>1041</sfpn>
    <ocr>normal handoff</ocr>
    <rnav>0</rnav>
    <cps>1J</cps>
    <assignedBeaconCode>3352</assignedBeaconCode>
    <requestedAltitude>0</requestedAltitude>
    <assignedAltitude>13000</assignedAltitude>
    <category>F</category>
    <dbi></dbi>
    <acid>DAL737</acid>
    <acType>A320</acType>
    <entryFix>CAP</entryFix>
    <exitFix>DCA</exitFix>
    <airport>DCA</airport>
    <flightRules>IFR</flightRules>
    <rawFlightRules></rawFlightRules>
    <type>A</type>
    <ptdTime>1628</ptdTime>
    <status>active</status>
    <delete>0</delete>
    <suspended>0</suspended>
    <lld>NE</lld>
    <ECID>175</ECID>
    <eqptSuffix>unavailable</eqptSuffix>
  </flightPlan>
  <enhancedData>
    <eramGufi>KT510614Pn</eramGufi>
    <sfdpsGufi>us.fdps.2026-06-24T14:11:01Z.000/19/4Pn</sfdpsGufi>
    <departureAirport>KATL</departureAirport>
    <destinationAirport>KDCA</destinationAirport>
  </enhancedData>
</record>

=== 16:39:56.477 CID ENY3462 ===
<record>
  <recSeqNum>40007</recSeqNum>
  <recSrc>A</recSrc>
  <recType>210</recType>
  <recSTARSTimestamp>59996070</recSTARSTimestamp>
  <recSTARSSrcID>0</recSTARSSrcID>
  <recSTARSTimeSync>true</recSTARSTimeSync>
  <recSAFAReceiptTime>2026-06-24T16:39:56.073Z</recSAFAReceiptTime>
  <recSAFATimeSync>true</recSAFATimeSync>
  <track>
    <trackNum>344</trackNum>
    <mrtTime>2026-06-24T16:39:41.965Z</mrtTime>
    <status>active</status>
    <acAddress>000000</acAddress>
    <xPos>766397</xPos>
    <yPos>453355</yPos>
    <lat>41.44989</lat>
    <lon>-90.47336</lon>
    <vVert>-1767</vVert>
    <vx>-323</vx>
    <vy>154</vy>
    <vVertRaw>-1206</vVertRaw>
    <vxRaw>-1469</vxRaw>
    <vyRaw>702</vyRaw>
    <frozen>0</frozen>
    <new>0</new>
    <pseudo>0</pseudo>
    <adsb>0</adsb>
    <reportedBeaconCode>6504</reportedBeaconCode>
    <reportedAltitude>18100</reportedAltitude>
  </track>
  <flightPlan>
    <sfpn>626</sfpn>
    <ocr>pending</ocr>
    <rnav>0</rnav>
    <scratchPad1>CID</scratchPad1>
    <cps>1T</cps>
    <runway>CID</runway>
    <assignedBeaconCode>6504</assignedBeaconCode>
    <requestedAltitude>0</requestedAltitude>
    <assignedAltitude>29000</assignedAltitude>
    <category>G</category>
    <dbi></dbi>
    <acid>ENY3462</acid>
    <acType>E170</acType>
    <entryFix>MLI</entryFix>
    <exitFix>CID</exitFix>
    <airport>CID</airport>
    <flightRules>IFR</flightRules>
    <rawFlightRules></rawFlightRules>
    <type>A</type>
    <ptdTime>1647</ptdTime>
    <status>active</status>
    <delete>0</delete>
    <suspended>0</suspended>
    <lld>N</lld>
    <ECID>939</ECID>
    <eqptSuffix>unavailable</eqptSuffix>
  </flightPlan>
  <enhancedData>
    <eramGufi>KW489174kj</eramGufi>
    <sfdpsGufi>us.fdps.2026-06-24T13:35:17Z.000/22/4kj</sfdpsGufi>
    <departureAirport>KDCA</departureAirport>
    <destinationAirport>KCID</destinationAirport>
  </enhancedData>
</record>

=== 16:39:56.477 CID ENY3462 ===
<record>
  <recSeqNum>40016</recSeqNum>
  <recSrc>A</recSrc>
  <recType>210</recType>
  <recSTARSTimestamp>59996230</recSTARSTimestamp>
  <recSTARSSrcID>0</recSTARSSrcID>
  <recSTARSTimeSync>true</recSTARSTimeSync>
  <recSAFAReceiptTime>2026-06-24T16:39:56.264Z</recSAFAReceiptTime>
  <recSAFATimeSync>true</recSAFATimeSync>
  <track>
    <trackNum>344</trackNum>
    <mrtTime>2026-06-24T16:39:53.943Z</mrtTime>
    <status>active</status>
    <acAddress>000000</acAddress>
    <xPos>766123</xPos>
    <yPos>453486</yPos>
    <lat>41.45869</lat>
    <lon>-90.49692</lon>
    <vVert>-1777</vVert>
    <vx>-322</vx>
    <vy>154</vy>
    <vVertRaw>-1213</vVertRaw>
    <vxRaw>-1465</vxRaw>
    <vyRaw>700</vyRaw>
    <frozen>0</frozen>
    <new>0</new>
    <pseudo>0</pseudo>
    <adsb>0</adsb>
    <reportedBeaconCode>6504</reportedBeaconCode>
    <reportedAltitude>17700</reportedAltitude>
  </track>
  <flightPlan>
    <sfpn>626</sfpn>
    <ocr>pending</ocr>
    <rnav>0</rnav>
    <scratchPad1>CID</scratchPad1>
    <cps>1T</cps>
    <runway>CID</runway>
    <assignedBeaconCode>6504</assignedBeaconCode>
    <requestedAltitude>0</requestedAltitude>
    <assignedAltitude>29000</assignedAltitude>
    <category>G</category>
    <dbi></dbi>
    <acid>ENY3462</acid>
    <acType>E170</acType>
    <entryFix>MLI</entryFix>
    <exitFix>CID</exitFix>
    <airport>CID</airport>
    <flightRules>IFR</flightRules>
    <rawFlightRules></rawFlightRules>
    <type>A</type>
    <ptdTime>1647</ptdTime>
    <status>active</status>
    <delete>0</delete>
    <suspended>0</suspended>
    <lld>N</lld>
    <ECID>939</ECID>
    <eqptSuffix>unavailable</eqptSuffix>
  </flightPlan>
  <enhancedData>
    <eramGufi>KW489174kj</eramGufi>
    <sfdpsGufi>us.fdps.2026-06-24T13:35:17Z.000/22/4kj</sfdpsGufi>
    <departureAirport>KDCA</departureAirport>
    <destinationAirport>KCID</destinationAirport>
  </enhancedData>
</record>

=== 16:39:58.358 PCT DAL737 ===
<record>
  <recSeqNum>29777</recSeqNum>
  <recSrc>A</recSrc>
  <recType>210</recType>
  <recSTARSTimestamp>59997870</recSTARSTimestamp>
  <recSTARSSrcID>0</recSTARSSrcID>
  <recSTARSTimeSync>true</recSTARSTimeSync>
  <recSAFAReceiptTime>2026-06-24T16:39:57.890Z</recSAFAReceiptTime>
  <recSAFATimeSync>true</recSAFATimeSync>
  <track>
    <trackNum>2569</trackNum>
    <mrtTime>2026-06-24T16:39:57.587Z</mrtTime>
    <status>active</status>
    <acAddress>a41c69</acAddress>
    <xPos>1011299</xPos>
    <yPos>317633</yPos>
    <lat>38.77342</lat>
    <lon>-77.03583</lon>
    <vVert>-602</vVert>
    <vx>1</vx>
    <vy>141</vy>
    <vVertRaw>-411</vVertRaw>
    <vxRaw>6</vxRaw>
    <vyRaw>642</vyRaw>
    <frozen>0</frozen>
    <new>0</new>
    <pseudo>0</pseudo>
    <adsb>1</adsb>
    <reportedBeaconCode>3352</reportedBeaconCode>
    <reportedAltitude>1300</reportedAltitude>
  </track>
  <flightPlan>
    <sfpn>1041</sfpn>
    <ocr>normal handoff</ocr>
    <rnav>0</rnav>
    <cps>1J</cps>
    <assignedBeaconCode>3352</assignedBeaconCode>
    <requestedAltitude>0</requestedAltitude>
    <assignedAltitude>13000</assignedAltitude>
    <category>F</category>
    <dbi></dbi>
    <acid>DAL737</acid>
    <acType>A320</acType>
    <entryFix>CAP</entryFix>
    <exitFix>DCA</exitFix>
    <airport>DCA</airport>
    <flightRules>IFR</flightRules>
    <rawFlightRules></rawFlightRules>
    <type>A</type>
    <ptdTime>1628</ptdTime>
    <status>active</status>
    <delete>0</delete>
    <suspended>0</suspended>
    <lld>NE</lld>
    <ECID>175</ECID>
    <eqptSuffix>unavailable</eqptSuffix>
  </flightPlan>
  <enhancedData>
    <eramGufi>KT510614Pn</eramGufi>
    <sfdpsGufi>us.fdps.2026-06-24T14:11:01Z.000/19/4Pn</sfdpsGufi>
    <departureAirport>KATL</departureAirport>
    <destinationAirport>KDCA</destinationAirport>
  </enhancedData>
</record>

=== 16:40:01.595 T75 SWA733 ===
<record>
  <recSeqNum>8955</recSeqNum>
  <recSrc>A</recSrc>
  <recType>210</recType>
  <recSTARSTimestamp>60001290</recSTARSTimestamp>
  <recSTARSSrcID>0</recSTARSSrcID>
  <recSTARSTimeSync>true</recSTARSTimeSync>
  <recSAFAReceiptTime>2026-06-24T16:40:01.316Z</recSAFAReceiptTime>
  <recSAFATimeSync>true</recSAFATimeSync>
  <track>
    <trackNum>3303</trackNum>
    <mrtTime>2026-06-24T16:40:01.040Z</mrtTime>
    <status>active</status>
    <acAddress>a2bb10</acAddress>
    <xPos>775740</xPos>
    <yPos>399703</yPos>
    <lat>38.43061</lat>
    <lon>-90.1025</lon>
    <vVert>-1497</vVert>
    <vx>-24</vx>
    <vy>287</vy>
    <vVertRaw>-1022</vVertRaw>
    <vxRaw>-108</vxRaw>
    <vyRaw>1305</vyRaw>
    <frozen>0</frozen>
    <new>0</new>
    <pseudo>0</pseudo>
    <adsb>1</adsb>
    <reportedBeaconCode>1144</reportedBeaconCode>
    <reportedAltitude>7500</reportedAltitude>
  </track>
  <flightPlan>
    <sfpn>296</sfpn>
    <ocr>normal handoff</ocr>
    <rnav>1</rnav>
    <scratchPad1>VAR</scratchPad1>
    <cps>1N</cps>
    <runway>VAR</runway>
    <assignedBeaconCode>1144</assignedBeaconCode>
    <requestedAltitude>0</requestedAltitude>
    <assignedAltitude>10000</assignedAltitude>
    <category>F</category>
    <dbi></dbi>
    <acid>SWA733</acid>
    <acType>B737</acType>
    <entryFix>BOO</entryFix>
    <exitFix>STL</exitFix>
    <airport>STL</airport>
    <flightRules>IFR</flightRules>
    <rawFlightRules></rawFlightRules>
    <type>A</type>
    <ptdTime>1635</ptdTime>
    <status>active</status>
    <delete>0</delete>
    <suspended>0</suspended>
    <lld>NE</lld>
    <ECID>939</ECID>
    <eqptSuffix>unavailable</eqptSuffix>
  </flightPlan>
  <enhancedData>
    <eramGufi>KW461134Iw</eramGufi>
    <sfdpsGufi>us.fdps.2026-06-24T12:48:33Z.000/22/4Iw</sfdpsGufi>
    <departureAirport>KBWI</departureAirport>
    <destinationAirport>KSTL</destinationAirport>
  </enhancedData>
</record>

=== 16:40:16.071 MKE SWA1011 ===
<record>
  <recSeqNum>29213</recSeqNum>
  <recSrc>A</recSrc>
  <recType>210</recType>
  <recSTARSTimestamp>60015630</recSTARSTimestamp>
  <recSTARSSrcID>0</recSTARSSrcID>
  <recSTARSTimeSync>true</recSTARSTimeSync>
  <recSAFAReceiptTime>2026-06-24T16:40:15.645Z</recSAFAReceiptTime>
  <recSAFATimeSync>true</recSAFATimeSync>
  <flightPlan>
    <sfpn>1228</sfpn>
    <ocr>normal handoff</ocr>
    <rnav>0</rnav>
    <scratchPad1>I5L</scratchPad1>
    <cps>1E</cps>
    <runway>I5L</runway>
    <assignedBeaconCode>0000</assignedBeaconCode>
    <requestedAltitude>0</requestedAltitude>
    <assignedAltitude>14000</assignedAltitude>
    <category>F</category>
    <dbi></dbi>
    <acid>SWA1011</acid>
    <acType>B737</acType>
    <entryFix>SUD</entryFix>
    <exitFix>MKE</exitFix>
    <airport>MKE</airport>
    <flightRules>IFR</flightRules>
    <rawFlightRules></rawFlightRules>
    <type>A</type>
    <ptdTime>1627</ptdTime>
    <status>terminated</status>
    <delete>1</delete>
    <suspended>0</suspended>
    <lld>NW</lld>
    <ECID>440</ECID>
    <eqptSuffix>unavailable</eqptSuffix>
  </flightPlan>
  <enhancedData>
    <eramGufi>KW462664eL</eramGufi>
    <sfdpsGufi>us.fdps.2026-06-24T12:51:06Z.000/22/4eL</sfdpsGufi>
    <departureAirport>KBWI</departureAirport>
    <destinationAirport>KMKE</destinationAirport>
  </enhancedData>
</record>

=== 16:40:29.356 CID ENY3462 ===
<record>
  <recSeqNum>41003</recSeqNum>
  <recSrc>A</recSrc>
  <recType>210</recType>
  <recSTARSTimestamp>60028930</recSTARSTimestamp>
  <recSTARSSrcID>0</recSTARSSrcID>
  <recSTARSTimeSync>true</recSTARSTimeSync>
  <recSAFAReceiptTime>2026-06-24T16:40:28.957Z</recSAFAReceiptTime>
  <recSAFATimeSync>true</recSAFATimeSync>
  <track>
    <trackNum>344</trackNum>
    <mrtTime>2026-06-24T16:40:28.501Z</mrtTime>
    <status>active</status>
    <acAddress>a234ef</acAddress>
    <xPos>765313</xPos>
    <yPos>453836</yPos>
    <lat>41.48219</lat>
    <lon>-90.56664</lon>
    <vVert>-1651</vVert>
    <vx>-323</vx>
    <vy>149</vy>
    <vVertRaw>-1127</vVertRaw>
    <vxRaw>-1470</vxRaw>
    <vyRaw>676</vyRaw>
    <frozen>0</frozen>
    <new>0</new>
    <pseudo>0</pseudo>
    <adsb>1</adsb>
    <reportedBeaconCode>6504</reportedBeaconCode>
    <reportedAltitude>16900</reportedAltitude>
  </track>
  <flightPlan>
    <sfpn>626</sfpn>
    <ocr>pending</ocr>
    <rnav>0</rnav>
    <scratchPad1>CID</scratchPad1>
    <cps>1T</cps>
    <runway>CID</runway>
    <assignedBeaconCode>6504</assignedBeaconCode>
    <requestedAltitude>0</requestedAltitude>
    <assignedAltitude>29000</assignedAltitude>
    <category>G</category>
    <dbi></dbi>
    <acid>ENY3462</acid>
    <acType>E170</acType>
    <entryFix>MLI</entryFix>
    <exitFix>CID</exitFix>
    <airport>CID</airport>
    <flightRules>IFR</flightRules>
    <rawFlightRules></rawFlightRules>
    <type>A</type>
    <ptdTime>1647</ptdTime>
    <status>active</status>
    <delete>0</delete>
    <suspended>0</suspended>
    <lld>N</lld>
    <ECID>939</ECID>
    <eqptSuffix>unavailable</eqptSuffix>
  </flightPlan>
  <enhancedData>
    <eramGufi>KW489174kj</eramGufi>
    <sfdpsGufi>us.fdps.2026-06-24T13:35:17Z.000/22/4kj</sfdpsGufi>
    <departureAirport>KDCA</departureAirport>
    <destinationAirport>KCID</destinationAirport>
  </enhancedData>
</record>

=== 16:40:32.353 T75 SWA733 ===
<record>
  <recSeqNum>10014</recSeqNum>
  <recSrc>A</recSrc>
  <recType>210</recType>
  <recSTARSTimestamp>60032040</recSTARSTimestamp>
  <recSTARSSrcID>0</recSTARSSrcID>
  <recSTARSTimeSync>true</recSTARSTimeSync>
  <recSAFAReceiptTime>2026-06-24T16:40:32.046Z</recSAFAReceiptTime>
  <recSAFATimeSync>true</recSAFATimeSync>
  <track>
    <trackNum>3303</trackNum>
    <mrtTime>2026-06-24T16:40:31.759Z</mrtTime>
    <status>active</status>
    <acAddress>a2bb10</acAddress>
    <xPos>775685</xPos>
    <yPos>400330</yPos>
    <lat>38.47144</lat>
    <lon>-90.10719</lon>
    <vVert>-1418</vVert>
    <vx>-25</vx>
    <vy>288</vy>
    <vVertRaw>-968</vVertRaw>
    <vxRaw>-113</vxRaw>
    <vyRaw>1310</vyRaw>
    <frozen>0</frozen>
    <new>0</new>
    <pseudo>0</pseudo>
    <adsb>1</adsb>
    <reportedBeaconCode>1144</reportedBeaconCode>
    <reportedAltitude>6600</reportedAltitude>
  </track>
  <flightPlan>
    <sfpn>296</sfpn>
    <ocr>normal handoff</ocr>
    <rnav>1</rnav>
    <scratchPad1>VAR</scratchPad1>
    <cps>1N</cps>
    <runway>VAR</runway>
    <assignedBeaconCode>1144</assignedBeaconCode>
    <requestedAltitude>0</requestedAltitude>
    <assignedAltitude>10000</assignedAltitude>
    <category>F</category>
    <dbi></dbi>
    <acid>SWA733</acid>
    <acType>B737</acType>
    <entryFix>BOO</entryFix>
    <exitFix>STL</exitFix>
    <airport>STL</airport>
    <flightRules>IFR</flightRules>
    <rawFlightRules></rawFlightRules>
    <type>A</type>
    <ptdTime>1635</ptdTime>
    <status>active</status>
    <delete>0</delete>
    <suspended>0</suspended>
    <lld>NE</lld>
    <ECID>939</ECID>
    <eqptSuffix>unavailable</eqptSuffix>
  </flightPlan>
  <enhancedData>
    <eramGufi>KW461134Iw</eramGufi>
    <sfdpsGufi>us.fdps.2026-06-24T12:48:33Z.000/22/4Iw</sfdpsGufi>
    <departureAirport>KBWI</departureAirport>
    <destinationAirport>KSTL</destinationAirport>
  </enhancedData>
</record>

=== 16:40:32.489 CID ENY3462 ===
<record>
  <recSeqNum>41101</recSeqNum>
  <recSrc>A</recSrc>
  <recType>210</recType>
  <recSTARSTimestamp>60032070</recSTARSTimestamp>
  <recSTARSSrcID>0</recSTARSSrcID>
  <recSTARSTimeSync>true</recSTARSTimeSync>
  <recSAFAReceiptTime>2026-06-24T16:40:32.116Z</recSAFAReceiptTime>
  <recSAFATimeSync>true</recSAFATimeSync>
  <track>
    <trackNum>344</trackNum>
    <mrtTime>2026-06-24T16:40:31.360Z</mrtTime>
    <status>active</status>
    <acAddress>a234ef</acAddress>
    <xPos>765248</xPos>
    <yPos>453866</yPos>
    <lat>41.48422</lat>
    <lon>-90.57225</lon>
    <vVert>-1654</vVert>
    <vx>-322</vx>
    <vy>148</vy>
    <vVertRaw>-1129</vVertRaw>
    <vxRaw>-1466</vxRaw>
    <vyRaw>674</vyRaw>
    <frozen>0</frozen>
    <new>0</new>
    <pseudo>0</pseudo>
    <adsb>1</adsb>
    <reportedBeaconCode>6504</reportedBeaconCode>
    <reportedAltitude>16800</reportedAltitude>
  </track>
  <flightPlan>
    <sfpn>626</sfpn>
    <ocr>pending</ocr>
    <rnav>0</rnav>
    <scratchPad1>CID</scratchPad1>
    <cps>1T</cps>
    <runway>CID</runway>
    <assignedBeaconCode>6504</assignedBeaconCode>
    <requestedAltitude>0</requestedAltitude>
    <assignedAltitude>29000</assignedAltitude>
    <category>G</category>
    <dbi></dbi>
    <acid>ENY3462</acid>
    <acType>E170</acType>
    <entryFix>MLI</entryFix>
    <exitFix>CID</exitFix>
    <airport>CID</airport>
    <flightRules>IFR</flightRules>
    <rawFlightRules></rawFlightRules>
    <type>A</type>
    <ptdTime>1647</ptdTime>
    <status>active</status>
    <delete>0</delete>
    <suspended>0</suspended>
    <lld>N</lld>
    <ECID>939</ECID>
    <eqptSuffix>unavailable</eqptSuffix>
  </flightPlan>
  <enhancedData>
    <eramGufi>KW489174kj</eramGufi>
    <sfdpsGufi>us.fdps.2026-06-24T13:35:17Z.000/22/4kj</sfdpsGufi>
    <departureAirport>KDCA</departureAirport>
    <destinationAirport>KCID</destinationAirport>
  </enhancedData>
</record>

=== 16:40:32.656 PCT DAL737 ===
<record>
  <recSeqNum>34235</recSeqNum>
  <recSrc>A</recSrc>
  <recType>210</recType>
  <recSTARSTimestamp>60032210</recSTARSTimestamp>
  <recSTARSSrcID>0</recSTARSSrcID>
  <recSTARSTimeSync>true</recSTARSTimeSync>
  <recSAFAReceiptTime>2026-06-24T16:40:32.247Z</recSAFAReceiptTime>
  <recSAFATimeSync>true</recSAFATimeSync>
  <track>
    <trackNum>2569</trackNum>
    <mrtTime>2026-06-24T16:40:31.183Z</mrtTime>
    <status>active</status>
    <acAddress>a41c69</acAddress>
    <xPos>1011349</xPos>
    <yPos>317960</yPos>
    <lat>38.79472</lat>
    <lon>-77.03161</lon>
    <vVert>-914</vVert>
    <vx>-5</vx>
    <vy>138</vy>
    <vVertRaw>-624</vVertRaw>
    <vxRaw>-21</vxRaw>
    <vyRaw>628</vyRaw>
    <frozen>0</frozen>
    <new>0</new>
    <pseudo>0</pseudo>
    <adsb>1</adsb>
    <reportedBeaconCode>3352</reportedBeaconCode>
    <reportedAltitude>900</reportedAltitude>
  </track>
  <flightPlan>
    <sfpn>1041</sfpn>
    <ocr>normal handoff</ocr>
    <rnav>0</rnav>
    <cps>1J</cps>
    <assignedBeaconCode>3352</assignedBeaconCode>
    <requestedAltitude>0</requestedAltitude>
    <assignedAltitude>13000</assignedAltitude>
    <category>F</category>
    <dbi></dbi>
    <acid>DAL737</acid>
    <acType>A320</acType>
    <entryFix>CAP</entryFix>
    <exitFix>DCA</exitFix>
    <airport>DCA</airport>
    <flightRules>IFR</flightRules>
    <rawFlightRules></rawFlightRules>
    <type>A</type>
    <ptdTime>1628</ptdTime>
    <status>active</status>
    <delete>0</delete>
    <suspended>0</suspended>
    <lld>NE</lld>
    <ECID>175</ECID>
    <eqptSuffix>unavailable</eqptSuffix>
  </flightPlan>
  <enhancedData>
    <eramGufi>KT510614Pn</eramGufi>
    <sfdpsGufi>us.fdps.2026-06-24T14:11:01Z.000/19/4Pn</sfdpsGufi>
    <departureAirport>KATL</departureAirport>
    <destinationAirport>KDCA</destinationAirport>
  </enhancedData>
</record>

=== 16:40:33.902 CID ENY3462 ===
<record>
  <recSeqNum>41143</recSeqNum>
  <recSrc>A</recSrc>
  <recType>210</recType>
  <recSTARSTimestamp>60033730</recSTARSTimestamp>
  <recSTARSSrcID>0</recSTARSSrcID>
  <recSTARSTimeSync>true</recSTARSTimeSync>
  <recSAFAReceiptTime>2026-06-24T16:40:33.766Z</recSAFAReceiptTime>
  <recSAFATimeSync>true</recSAFATimeSync>
  <track>
    <trackNum>344</trackNum>
    <mrtTime>2026-06-24T16:40:33.297Z</mrtTime>
    <status>active</status>
    <acAddress>a234ef</acAddress>
    <xPos>765203</xPos>
    <yPos>453886</yPos>
    <lat>41.48556</lat>
    <lon>-90.57611</lon>
    <vVert>-1654</vVert>
    <vx>-322</vx>
    <vy>148</vy>
    <vVertRaw>-1129</vVertRaw>
    <vxRaw>-1465</vxRaw>
    <vyRaw>673</vyRaw>
    <frozen>0</frozen>
    <new>0</new>
    <pseudo>0</pseudo>
    <adsb>1</adsb>
    <reportedBeaconCode>6504</reportedBeaconCode>
    <reportedAltitude>16700</reportedAltitude>
  </track>
  <flightPlan>
    <sfpn>626</sfpn>
    <ocr>pending</ocr>
    <rnav>0</rnav>
    <scratchPad1>CID</scratchPad1>
    <cps>1T</cps>
    <runway>CID</runway>
    <assignedBeaconCode>6504</assignedBeaconCode>
    <requestedAltitude>0</requestedAltitude>
    <assignedAltitude>29000</assignedAltitude>
    <category>G</category>
    <dbi></dbi>
    <acid>ENY3462</acid>
    <acType>E170</acType>
    <entryFix>MLI</entryFix>
    <exitFix>CID</exitFix>
    <airport>CID</airport>
    <flightRules>IFR</flightRules>
    <rawFlightRules></rawFlightRules>
    <type>A</type>
    <ptdTime>1647</ptdTime>
    <status>active</status>
    <delete>0</delete>
    <suspended>0</suspended>
    <lld>N</lld>
    <ECID>939</ECID>
    <eqptSuffix>unavailable</eqptSuffix>
  </flightPlan>
  <enhancedData>
    <eramGufi>KW489174kj</eramGufi>
    <sfdpsGufi>us.fdps.2026-06-24T13:35:17Z.000/22/4kj</sfdpsGufi>
    <departureAirport>KDCA</departureAirport>
    <destinationAirport>KCID</destinationAirport>
  </enhancedData>
</record>

=== 16:40:37.211 PCT DAL737 ===
<record>
  <recSeqNum>34778</recSeqNum>
  <recSrc>A</recSrc>
  <recType>210</recType>
  <recSTARSTimestamp>60036740</recSTARSTimestamp>
  <recSTARSSrcID>0</recSTARSSrcID>
  <recSTARSTimeSync>true</recSTARSTimeSync>
  <recSAFAReceiptTime>2026-06-24T16:40:36.761Z</recSAFAReceiptTime>
  <recSAFATimeSync>true</recSAFATimeSync>
  <track>
    <trackNum>2569</trackNum>
    <mrtTime>2026-06-24T16:40:35.696Z</mrtTime>
    <status>active</status>
    <acAddress>a41c69</acAddress>
    <xPos>1011343</xPos>
    <yPos>318004</yPos>
    <lat>38.79758</lat>
    <lon>-77.03208</lon>
    <vVert>-921</vVert>
    <vx>-16</vx>
    <vy>138</vy>
    <vVertRaw>-629</vVertRaw>
    <vxRaw>-75</vxRaw>
    <vyRaw>626</vyRaw>
    <frozen>0</frozen>
    <new>0</new>
    <pseudo>0</pseudo>
    <adsb>1</adsb>
    <reportedBeaconCode>3352</reportedBeaconCode>
    <reportedAltitude>900</reportedAltitude>
  </track>
  <flightPlan>
    <sfpn>1041</sfpn>
    <ocr>normal handoff</ocr>
    <rnav>0</rnav>
    <cps>1J</cps>
    <assignedBeaconCode>3352</assignedBeaconCode>
    <requestedAltitude>0</requestedAltitude>
    <assignedAltitude>13000</assignedAltitude>
    <category>F</category>
    <dbi></dbi>
    <acid>DAL737</acid>
    <acType>A320</acType>
    <entryFix>CAP</entryFix>
    <exitFix>DCA</exitFix>
    <airport>DCA</airport>
    <flightRules>IFR</flightRules>
    <rawFlightRules></rawFlightRules>
    <type>A</type>
    <ptdTime>1628</ptdTime>
    <status>active</status>
    <delete>0</delete>
    <suspended>0</suspended>
    <lld>NE</lld>
    <ECID>175</ECID>
    <eqptSuffix>unavailable</eqptSuffix>
  </flightPlan>
  <enhancedData>
    <eramGufi>KT510614Pn</eramGufi>
    <sfdpsGufi>us.fdps.2026-06-24T14:11:01Z.000/19/4Pn</sfdpsGufi>
    <departureAirport>KATL</departureAirport>
    <destinationAirport>KDCA</destinationAirport>
  </enhancedData>
</record>

=== 16:40:38.834 CID ENY3462 ===
<record>
  <recSeqNum>41302</recSeqNum>
  <recSrc>A</recSrc>
  <recType>210</recType>
  <recSTARSTimestamp>60038530</recSTARSTimestamp>
  <recSTARSSrcID>0</recSTARSSrcID>
  <recSTARSTimeSync>true</recSTARSTimeSync>
  <recSAFAReceiptTime>2026-06-24T16:40:38.574Z</recSAFAReceiptTime>
  <recSAFATimeSync>true</recSAFATimeSync>
  <track>
    <trackNum>344</trackNum>
    <mrtTime>2026-06-24T16:40:38.123Z</mrtTime>
    <status>active</status>
    <acAddress>a234ef</acAddress>
    <xPos>765095</xPos>
    <yPos>453936</yPos>
    <lat>41.48892</lat>
    <lon>-90.58542</lon>
    <vVert>-1633</vVert>
    <vx>-319</vx>
    <vy>147</vy>
    <vVertRaw>-1115</vVertRaw>
    <vxRaw>-1454</vxRaw>
    <vyRaw>669</vyRaw>
    <frozen>0</frozen>
    <new>0</new>
    <pseudo>0</pseudo>
    <adsb>1</adsb>
    <reportedBeaconCode>6504</reportedBeaconCode>
    <reportedAltitude>16600</reportedAltitude>
  </track>
  <flightPlan>
    <sfpn>626</sfpn>
    <ocr>pending</ocr>
    <rnav>0</rnav>
    <scratchPad1>CID</scratchPad1>
    <cps>1T</cps>
    <runway>CID</runway>
    <assignedBeaconCode>6504</assignedBeaconCode>
    <requestedAltitude>0</requestedAltitude>
    <assignedAltitude>29000</assignedAltitude>
    <category>G</category>
    <dbi></dbi>
    <acid>ENY3462</acid>
    <acType>E170</acType>
    <entryFix>MLI</entryFix>
    <exitFix>CID</exitFix>
    <airport>CID</airport>
    <flightRules>IFR</flightRules>
    <rawFlightRules></rawFlightRules>
    <type>A</type>
    <ptdTime>1647</ptdTime>
    <status>active</status>
    <delete>0</delete>
    <suspended>0</suspended>
    <lld>N</lld>
    <ECID>939</ECID>
    <eqptSuffix>unavailable</eqptSuffix>
  </flightPlan>
  <enhancedData>
    <eramGufi>KW489174kj</eramGufi>
    <sfdpsGufi>us.fdps.2026-06-24T13:35:17Z.000/22/4kj</sfdpsGufi>
    <departureAirport>KDCA</departureAirport>
    <destinationAirport>KCID</destinationAirport>
  </enhancedData>
</record>

=== 16:40:41.494 T75 SWA733 ===
<record>
  <recSeqNum>10308</recSeqNum>
  <recSrc>A</recSrc>
  <recType>210</recType>
  <recSTARSTimestamp>60041030</recSTARSTimestamp>
  <recSTARSSrcID>0</recSTARSSrcID>
  <recSTARSTimeSync>true</recSTARSTimeSync>
  <recSAFAReceiptTime>2026-06-24T16:40:41.056Z</recSAFAReceiptTime>
  <recSAFATimeSync>true</recSAFATimeSync>
  <track>
    <trackNum>3303</trackNum>
    <mrtTime>2026-06-24T16:40:40.704Z</mrtTime>
    <status>active</status>
    <acAddress>a2bb10</acAddress>
    <xPos>775671</xPos>
    <yPos>400513</yPos>
    <lat>38.48336</lat>
    <lon>-90.10839</lon>
    <vVert>-1526</vVert>
    <vx>-23</vx>
    <vy>288</vy>
    <vVertRaw>-1042</vVertRaw>
    <vxRaw>-103</vxRaw>
    <vyRaw>1310</vyRaw>
    <frozen>0</frozen>
    <new>0</new>
    <pseudo>0</pseudo>
    <adsb>1</adsb>
    <reportedBeaconCode>1144</reportedBeaconCode>
    <reportedAltitude>6400</reportedAltitude>
  </track>
  <flightPlan>
    <sfpn>296</sfpn>
    <ocr>normal handoff</ocr>
    <rnav>1</rnav>
    <scratchPad1>VAR</scratchPad1>
    <cps>1N</cps>
    <runway>VAR</runway>
    <assignedBeaconCode>1144</assignedBeaconCode>
    <requestedAltitude>0</requestedAltitude>
    <assignedAltitude>10000</assignedAltitude>
    <category>F</category>
    <dbi></dbi>
    <acid>SWA733</acid>
    <acType>B737</acType>
    <entryFix>BOO</entryFix>
    <exitFix>STL</exitFix>
    <airport>STL</airport>
    <flightRules>IFR</flightRules>
    <rawFlightRules></rawFlightRules>
    <type>A</type>
    <ptdTime>1635</ptdTime>
    <status>active</status>
    <delete>0</delete>
    <suspended>0</suspended>
    <lld>NE</lld>
    <ECID>939</ECID>
    <eqptSuffix>unavailable</eqptSuffix>
  </flightPlan>
  <enhancedData>
    <eramGufi>KW461134Iw</eramGufi>
    <sfdpsGufi>us.fdps.2026-06-24T12:48:33Z.000/22/4Iw</sfdpsGufi>
    <departureAirport>KBWI</departureAirport>
    <destinationAirport>KSTL</destinationAirport>
  </enhancedData>
</record>

=== 16:40:43.013 CID ENY3462 ===
<record>
  <recSeqNum>41412</recSeqNum>
  <recSrc>A</recSrc>
  <recType>210</recType>
  <recSTARSTimestamp>60042570</recSTARSTimestamp>
  <recSTARSSrcID>0</recSTARSSrcID>
  <recSTARSTimeSync>true</recSTARSTimeSync>
  <recSAFAReceiptTime>2026-06-24T16:40:42.620Z</recSAFAReceiptTime>
  <recSAFATimeSync>true</recSAFATimeSync>
  <track>
    <trackNum>344</trackNum>
    <mrtTime>2026-06-24T16:40:42.166Z</mrtTime>
    <status>active</status>
    <acAddress>a234ef</acAddress>
    <xPos>765004</xPos>
    <yPos>453978</yPos>
    <lat>41.49172</lat>
    <lon>-90.59325</lon>
    <vVert>-1638</vVert>
    <vx>-318</vx>
    <vy>147</vy>
    <vVertRaw>-1118</vVertRaw>
    <vxRaw>-1449</vxRaw>
    <vyRaw>667</vyRaw>
    <frozen>0</frozen>
    <new>0</new>
    <pseudo>0</pseudo>
    <adsb>1</adsb>
    <reportedBeaconCode>6504</reportedBeaconCode>
    <reportedAltitude>16500</reportedAltitude>
  </track>
  <flightPlan>
    <sfpn>626</sfpn>
    <ocr>pending</ocr>
    <rnav>0</rnav>
    <scratchPad1>CID</scratchPad1>
    <cps>1T</cps>
    <runway>CID</runway>
    <assignedBeaconCode>6504</assignedBeaconCode>
    <requestedAltitude>0</requestedAltitude>
    <assignedAltitude>29000</assignedAltitude>
    <category>G</category>
    <dbi></dbi>
    <acid>ENY3462</acid>
    <acType>E170</acType>
    <entryFix>MLI</entryFix>
    <exitFix>CID</exitFix>
    <airport>CID</airport>
    <flightRules>IFR</flightRules>
    <rawFlightRules></rawFlightRules>
    <type>A</type>
    <ptdTime>1647</ptdTime>
    <status>active</status>
    <delete>0</delete>
    <suspended>0</suspended>
    <lld>N</lld>
    <ECID>939</ECID>
    <eqptSuffix>unavailable</eqptSuffix>
  </flightPlan>
  <enhancedData>
    <eramGufi>KW489174kj</eramGufi>
    <sfdpsGufi>us.fdps.2026-06-24T13:35:17Z.000/22/4kj</sfdpsGufi>
    <departureAirport>KDCA</departureAirport>
    <destinationAirport>KCID</destinationAirport>
  </enhancedData>
</record>

=== 16:40:44.416 CID ENY3462 ===
<record>
  <recSeqNum>41455</recSeqNum>
  <recSrc>A</recSrc>
  <recType>210</recType>
  <recSTARSTimestamp>60044080</recSTARSTimestamp>
  <recSTARSSrcID>0</recSTARSSrcID>
  <recSTARSTimeSync>true</recSTARSTimeSync>
  <recSAFAReceiptTime>2026-06-24T16:40:44.129Z</recSAFAReceiptTime>
  <recSAFATimeSync>true</recSAFATimeSync>
  <track>
    <trackNum>344</trackNum>
    <mrtTime>2026-06-24T16:40:43.189Z</mrtTime>
    <status>active</status>
    <acAddress>a234ef</acAddress>
    <xPos>764981</xPos>
    <yPos>453989</yPos>
    <lat>41.49244</lat>
    <lon>-90.59522</lon>
    <vVert>-1638</vVert>
    <vx>-318</vx>
    <vy>146</vy>
    <vVertRaw>-1118</vVertRaw>
    <vxRaw>-1447</vxRaw>
    <vyRaw>666</vyRaw>
    <frozen>0</frozen>
    <new>0</new>
    <pseudo>0</pseudo>
    <adsb>1</adsb>
    <reportedBeaconCode>6504</reportedBeaconCode>
    <reportedAltitude>16500</reportedAltitude>
  </track>
  <flightPlan>
    <sfpn>626</sfpn>
    <ocr>pending</ocr>
    <rnav>0</rnav>
    <scratchPad1>CID</scratchPad1>
    <cps>1T</cps>
    <runway>CID</runway>
    <assignedBeaconCode>6504</assignedBeaconCode>
    <requestedAltitude>0</requestedAltitude>
    <assignedAltitude>29000</assignedAltitude>
    <category>G</category>
    <dbi></dbi>
    <acid>ENY3462</acid>
    <acType>E170</acType>
    <entryFix>MLI</entryFix>
    <exitFix>CID</exitFix>
    <airport>CID</airport>
    <flightRules>IFR</flightRules>
    <rawFlightRules></rawFlightRules>
    <type>A</type>
    <ptdTime>1647</ptdTime>
    <status>active</status>
    <delete>0</delete>
    <suspended>0</suspended>
    <lld>N</lld>
    <ECID>939</ECID>
    <eqptSuffix>unavailable</eqptSuffix>
  </flightPlan>
  <enhancedData>
    <eramGufi>KW489174kj</eramGufi>
    <sfdpsGufi>us.fdps.2026-06-24T13:35:17Z.000/22/4kj</sfdpsGufi>
    <departureAirport>KDCA</departureAirport>
    <destinationAirport>KCID</destinationAirport>
  </enhancedData>
</record>

=== 16:40:46.328 PCT DAL737 ===
<record>
  <recSeqNum>35923</recSeqNum>
  <recSrc>A</recSrc>
  <recType>210</recType>
  <recSTARSTimestamp>60046040</recSTARSTimestamp>
  <recSTARSSrcID>0</recSTARSSrcID>
  <recSTARSTimeSync>true</recSTARSTimeSync>
  <recSAFAReceiptTime>2026-06-24T16:40:46.060Z</recSAFAReceiptTime>
  <recSAFATimeSync>true</recSAFATimeSync>
  <track>
    <trackNum>2569</trackNum>
    <mrtTime>2026-06-24T16:40:45.180Z</mrtTime>
    <status>active</status>
    <acAddress>a41c69</acAddress>
    <xPos>1011332</xPos>
    <yPos>318097</yPos>
    <lat>38.80367</lat>
    <lon>-77.033</lon>
    <vVert>-390</vVert>
    <vx>-17</vx>
    <vy>138</vy>
    <vVertRaw>-266</vVertRaw>
    <vxRaw>-76</vxRaw>
    <vyRaw>626</vyRaw>
    <frozen>0</frozen>
    <new>0</new>
    <pseudo>0</pseudo>
    <adsb>1</adsb>
    <reportedBeaconCode>3352</reportedBeaconCode>
    <reportedAltitude>800</reportedAltitude>
  </track>
  <flightPlan>
    <sfpn>1041</sfpn>
    <ocr>normal handoff</ocr>
    <rnav>0</rnav>
    <cps>1J</cps>
    <assignedBeaconCode>3352</assignedBeaconCode>
    <requestedAltitude>0</requestedAltitude>
    <assignedAltitude>13000</assignedAltitude>
    <category>F</category>
    <dbi></dbi>
    <acid>DAL737</acid>
    <acType>A320</acType>
    <entryFix>CAP</entryFix>
    <exitFix>DCA</exitFix>
    <airport>DCA</airport>
    <flightRules>IFR</flightRules>
    <rawFlightRules></rawFlightRules>
    <type>A</type>
    <ptdTime>1628</ptdTime>
    <status>active</status>
    <delete>0</delete>
    <suspended>0</suspended>
    <lld>NE</lld>
    <ECID>175</ECID>
    <eqptSuffix>unavailable</eqptSuffix>
  </flightPlan>
  <enhancedData>
    <eramGufi>KT510614Pn</eramGufi>
    <sfdpsGufi>us.fdps.2026-06-24T14:11:01Z.000/19/4Pn</sfdpsGufi>
    <departureAirport>KATL</departureAirport>
    <destinationAirport>KDCA</destinationAirport>
  </enhancedData>
</record>

=== 16:40:49.506 T75 SWA733 ===
<record>
  <recSeqNum>10597</recSeqNum>
  <recSrc>A</recSrc>
  <recType>210</recType>
  <recSTARSTimestamp>60049280</recSTARSTimestamp>
  <recSTARSSrcID>0</recSTARSSrcID>
  <recSTARSTimeSync>true</recSTARSTimeSync>
  <recSAFAReceiptTime>2026-06-24T16:40:49.311Z</recSAFAReceiptTime>
  <recSAFATimeSync>true</recSAFATimeSync>
  <track>
    <trackNum>3303</trackNum>
    <mrtTime>2026-06-24T16:40:48.876Z</mrtTime>
    <status>active</status>
    <acAddress>a2bb10</acAddress>
    <xPos>775658</xPos>
    <yPos>400679</yPos>
    <lat>38.49419</lat>
    <lon>-90.1095</lon>
    <vVert>-1512</vVert>
    <vx>-22</vx>
    <vy>287</vy>
    <vVertRaw>-1032</vVertRaw>
    <vxRaw>-100</vxRaw>
    <vyRaw>1304</vyRaw>
    <frozen>0</frozen>
    <new>0</new>
    <pseudo>0</pseudo>
    <adsb>1</adsb>
    <reportedBeaconCode>1144</reportedBeaconCode>
    <reportedAltitude>6200</reportedAltitude>
  </track>
  <flightPlan>
    <sfpn>296</sfpn>
    <ocr>normal handoff</ocr>
    <rnav>1</rnav>
    <scratchPad1>VAR</scratchPad1>
    <cps>1N</cps>
    <runway>VAR</runway>
    <assignedBeaconCode>1144</assignedBeaconCode>
    <requestedAltitude>0</requestedAltitude>
    <assignedAltitude>10000</assignedAltitude>
    <category>F</category>
    <dbi></dbi>
    <acid>SWA733</acid>
    <acType>B737</acType>
    <entryFix>BOO</entryFix>
    <exitFix>STL</exitFix>
    <airport>STL</airport>
    <flightRules>IFR</flightRules>
    <rawFlightRules></rawFlightRules>
    <type>A</type>
    <ptdTime>1635</ptdTime>
    <status>active</status>
    <delete>0</delete>
    <suspended>0</suspended>
    <lld>NE</lld>
    <ECID>939</ECID>
    <eqptSuffix>unavailable</eqptSuffix>
  </flightPlan>
  <enhancedData>
    <eramGufi>KW461134Iw</eramGufi>
    <sfdpsGufi>us.fdps.2026-06-24T12:48:33Z.000/22/4Iw</sfdpsGufi>
    <departureAirport>KBWI</departureAirport>
    <destinationAirport>KSTL</destinationAirport>
  </enhancedData>
</record>

=== 16:40:52.025 PCT DAL737 ===
<record>
  <recSeqNum>36627</recSeqNum>
  <recSrc>A</recSrc>
  <recType>210</recType>
  <recSTARSTimestamp>60051620</recSTARSTimestamp>
  <recSTARSSrcID>0</recSTARSSrcID>
  <recSTARSTimeSync>true</recSTARSTimeSync>
  <recSAFAReceiptTime>2026-06-24T16:40:51.630Z</recSAFAReceiptTime>
  <recSAFATimeSync>true</recSAFATimeSync>
  <track>
    <trackNum>2569</trackNum>
    <mrtTime>2026-06-24T16:40:50.907Z</mrtTime>
    <status>active</status>
    <acAddress>a41c69</acAddress>
    <xPos>1011326</xPos>
    <yPos>318153</yPos>
    <lat>38.80731</lat>
    <lon>-77.0335</lon>
    <vVert>-467</vVert>
    <vx>-15</vx>
    <vy>138</vy>
    <vVertRaw>-319</vVertRaw>
    <vxRaw>-67</vxRaw>
    <vyRaw>628</vyRaw>
    <frozen>0</frozen>
    <new>0</new>
    <pseudo>0</pseudo>
    <adsb>1</adsb>
    <reportedBeaconCode>3352</reportedBeaconCode>
    <reportedAltitude>700</reportedAltitude>
  </track>
  <flightPlan>
    <sfpn>1041</sfpn>
    <ocr>normal handoff</ocr>
    <rnav>0</rnav>
    <cps>1J</cps>
    <assignedBeaconCode>3352</assignedBeaconCode>
    <requestedAltitude>0</requestedAltitude>
    <assignedAltitude>13000</assignedAltitude>
    <category>F</category>
    <dbi></dbi>
    <acid>DAL737</acid>
    <acType>A320</acType>
    <entryFix>CAP</entryFix>
    <exitFix>DCA</exitFix>
    <airport>DCA</airport>
    <flightRules>IFR</flightRules>
    <rawFlightRules></rawFlightRules>
    <type>A</type>
    <ptdTime>1628</ptdTime>
    <status>active</status>
    <delete>0</delete>
    <suspended>0</suspended>
    <lld>E</lld>
    <ECID>175</ECID>
    <eqptSuffix>unavailable</eqptSuffix>
  </flightPlan>
  <enhancedData>
    <eramGufi>KT510614Pn</eramGufi>
    <sfdpsGufi>us.fdps.2026-06-24T14:11:01Z.000/19/4Pn</sfdpsGufi>
    <departureAirport>KATL</departureAirport>
    <destinationAirport>KDCA</destinationAirport>
  </enhancedData>
</record>

=== 16:40:52.030 T75 SWA733 ===
<record>
  <recSeqNum>10675</recSeqNum>
  <recSrc>A</recSrc>
  <recType>210</recType>
  <recSTARSTimestamp>60051490</recSTARSTimestamp>
  <recSTARSSrcID>0</recSTARSSrcID>
  <recSTARSTimeSync>true</recSTARSTimeSync>
  <recSAFAReceiptTime>2026-06-24T16:40:51.513Z</recSAFAReceiptTime>
  <recSAFATimeSync>true</recSAFATimeSync>
  <track>
    <trackNum>3303</trackNum>
    <mrtTime>2026-06-24T16:40:50.853Z</mrtTime>
    <status>active</status>
    <acAddress>a2bb10</acAddress>
    <xPos>775655</xPos>
    <yPos>400719</yPos>
    <lat>38.49681</lat>
    <lon>-90.10975</lon>
    <vVert>-1503</vVert>
    <vx>-22</vx>
    <vy>286</vy>
    <vVertRaw>-1026</vVertRaw>
    <vxRaw>-101</vxRaw>
    <vyRaw>1303</vyRaw>
    <frozen>0</frozen>
    <new>0</new>
    <pseudo>0</pseudo>
    <adsb>1</adsb>
    <reportedBeaconCode>1144</reportedBeaconCode>
    <reportedAltitude>6100</reportedAltitude>
  </track>
  <flightPlan>
    <sfpn>296</sfpn>
    <ocr>normal handoff</ocr>
    <rnav>1</rnav>
    <scratchPad1>VAR</scratchPad1>
    <cps>1N</cps>
    <runway>VAR</runway>
    <assignedBeaconCode>1144</assignedBeaconCode>
    <requestedAltitude>0</requestedAltitude>
    <assignedAltitude>10000</assignedAltitude>
    <category>F</category>
    <dbi></dbi>
    <acid>SWA733</acid>
    <acType>B737</acType>
    <entryFix>BOO</entryFix>
    <exitFix>STL</exitFix>
    <airport>STL</airport>
    <flightRules>IFR</flightRules>
    <rawFlightRules></rawFlightRules>
    <type>A</type>
    <ptdTime>1635</ptdTime>
    <status>active</status>
    <delete>0</delete>
    <suspended>0</suspended>
    <lld>NE</lld>
    <ECID>939</ECID>
    <eqptSuffix>unavailable</eqptSuffix>
  </flightPlan>
  <enhancedData>
    <eramGufi>KW461134Iw</eramGufi>
    <sfdpsGufi>us.fdps.2026-06-24T12:48:33Z.000/22/4Iw</sfdpsGufi>
    <departureAirport>KBWI</departureAirport>
    <destinationAirport>KSTL</destinationAirport>
  </enhancedData>
</record>

=== 16:40:58.887 PCT DAL737 ===
<record>
  <recSeqNum>37487</recSeqNum>
  <recSrc>A</recSrc>
  <recType>210</recType>
  <recSTARSTimestamp>60058490</recSTARSTimestamp>
  <recSTARSSrcID>0</recSTARSSrcID>
  <recSTARSTimeSync>true</recSTARSTimeSync>
  <recSAFAReceiptTime>2026-06-24T16:40:58.537Z</recSAFAReceiptTime>
  <recSAFATimeSync>true</recSAFATimeSync>
  <track>
    <trackNum>2569</trackNum>
    <mrtTime>2026-06-24T16:40:58.159Z</mrtTime>
    <status>active</status>
    <acAddress>a41c69</acAddress>
    <xPos>1011321</xPos>
    <yPos>318225</yPos>
    <lat>38.812</lat>
    <lon>-77.03389</lon>
    <vVert>-545</vVert>
    <vx>-11</vx>
    <vy>139</vy>
    <vVertRaw>-372</vVertRaw>
    <vxRaw>-52</vxRaw>
    <vyRaw>631</vyRaw>
    <frozen>0</frozen>
    <new>0</new>
    <pseudo>0</pseudo>
    <adsb>1</adsb>
    <reportedBeaconCode>3352</reportedBeaconCode>
    <reportedAltitude>700</reportedAltitude>
  </track>
  <flightPlan>
    <sfpn>1041</sfpn>
    <ocr>normal handoff</ocr>
    <rnav>0</rnav>
    <cps>1J</cps>
    <assignedBeaconCode>3352</assignedBeaconCode>
    <requestedAltitude>0</requestedAltitude>
    <assignedAltitude>13000</assignedAltitude>
    <category>F</category>
    <dbi></dbi>
    <acid>DAL737</acid>
    <acType>A320</acType>
    <entryFix>CAP</entryFix>
    <exitFix>DCA</exitFix>
    <airport>DCA</airport>
    <flightRules>IFR</flightRules>
    <rawFlightRules></rawFlightRules>
    <type>A</type>
    <ptdTime>1628</ptdTime>
    <status>active</status>
    <delete>0</delete>
    <suspended>0</suspended>
    <lld>E</lld>
    <ECID>175</ECID>
    <eqptSuffix>unavailable</eqptSuffix>
  </flightPlan>
  <enhancedData>
    <eramGufi>KT510614Pn</eramGufi>
    <sfdpsGufi>us.fdps.2026-06-24T14:11:01Z.000/19/4Pn</sfdpsGufi>
    <departureAirport>KATL</departureAirport>
    <destinationAirport>KDCA</destinationAirport>
  </enhancedData>
</record>

=== 16:41:02.399 PCT DAL737 ===
<record>
  <recSeqNum>37918</recSeqNum>
  <recSrc>A</recSrc>
  <recType>210</recType>
  <recSTARSTimestamp>60061990</recSTARSTimestamp>
  <recSTARSSrcID>0</recSTARSSrcID>
  <recSTARSTimeSync>true</recSTARSTimeSync>
  <recSAFAReceiptTime>2026-06-24T16:41:02.037Z</recSAFAReceiptTime>
  <recSAFATimeSync>true</recSAFATimeSync>
  <track>
    <trackNum>2569</trackNum>
    <mrtTime>2026-06-24T16:41:01.421Z</mrtTime>
    <status>active</status>
    <acAddress>a41c69</acAddress>
    <xPos>1011319</xPos>
    <yPos>318257</yPos>
    <lat>38.81408</lat>
    <lon>-77.03406</lon>
    <vVert>-570</vVert>
    <vx>-11</vx>
    <vy>139</vy>
    <vVertRaw>-389</vVertRaw>
    <vxRaw>-48</vxRaw>
    <vyRaw>632</vyRaw>
    <frozen>0</frozen>
    <new>0</new>
    <pseudo>0</pseudo>
    <adsb>1</adsb>
    <reportedBeaconCode>3352</reportedBeaconCode>
    <reportedAltitude>600</reportedAltitude>
  </track>
  <flightPlan>
    <sfpn>1041</sfpn>
    <ocr>normal handoff</ocr>
    <rnav>0</rnav>
    <cps>1J</cps>
    <assignedBeaconCode>3352</assignedBeaconCode>
    <requestedAltitude>0</requestedAltitude>
    <assignedAltitude>13000</assignedAltitude>
    <category>F</category>
    <dbi></dbi>
    <acid>DAL737</acid>
    <acType>A320</acType>
    <entryFix>CAP</entryFix>
    <exitFix>DCA</exitFix>
    <airport>DCA</airport>
    <flightRules>IFR</flightRules>
    <rawFlightRules></rawFlightRules>
    <type>A</type>
    <ptdTime>1628</ptdTime>
    <status>active</status>
    <delete>0</delete>
    <suspended>0</suspended>
    <lld>E</lld>
    <ECID>175</ECID>
    <eqptSuffix>unavailable</eqptSuffix>
  </flightPlan>
  <enhancedData>
    <eramGufi>KT510614Pn</eramGufi>
    <sfdpsGufi>us.fdps.2026-06-24T14:11:01Z.000/19/4Pn</sfdpsGufi>
    <departureAirport>KATL</departureAirport>
    <destinationAirport>KDCA</destinationAirport>
  </enhancedData>
</record>

=== 16:41:03.195 T75 SWA733 ===
<record>
  <recSeqNum>11028</recSeqNum>
  <recSrc>A</recSrc>
  <recType>210</recType>
  <recSTARSTimestamp>60062790</recSTARSTimestamp>
  <recSTARSSrcID>0</recSTARSSrcID>
  <recSTARSTimeSync>true</recSTARSTimeSync>
  <recSAFAReceiptTime>2026-06-24T16:41:02.825Z</recSAFAReceiptTime>
  <recSAFATimeSync>true</recSAFATimeSync>
  <track>
    <trackNum>3303</trackNum>
    <mrtTime>2026-06-24T16:41:02.438Z</mrtTime>
    <status>active</status>
    <acAddress>a2bb10</acAddress>
    <xPos>775636</xPos>
    <yPos>400952</yPos>
    <lat>38.51197</lat>
    <lon>-90.11139</lon>
    <vVert>-1488</vVert>
    <vx>-22</vx>
    <vy>284</vy>
    <vVertRaw>-1016</vVertRaw>
    <vxRaw>-102</vxRaw>
    <vyRaw>1292</vyRaw>
    <frozen>0</frozen>
    <new>0</new>
    <pseudo>0</pseudo>
    <adsb>1</adsb>
    <reportedBeaconCode>1144</reportedBeaconCode>
    <reportedAltitude>5900</reportedAltitude>
  </track>
  <flightPlan>
    <sfpn>296</sfpn>
    <ocr>normal handoff</ocr>
    <rnav>1</rnav>
    <scratchPad1>VAR</scratchPad1>
    <cps>1N</cps>
    <runway>VAR</runway>
    <assignedBeaconCode>1144</assignedBeaconCode>
    <requestedAltitude>0</requestedAltitude>
    <assignedAltitude>10000</assignedAltitude>
    <category>F</category>
    <dbi></dbi>
    <acid>SWA733</acid>
    <acType>B737</acType>
    <entryFix>BOO</entryFix>
    <exitFix>STL</exitFix>
    <airport>STL</airport>
    <flightRules>IFR</flightRules>
    <rawFlightRules></rawFlightRules>
    <type>A</type>
    <ptdTime>1635</ptdTime>
    <status>active</status>
    <delete>0</delete>
    <suspended>0</suspended>
    <lld>NE</lld>
    <ECID>939</ECID>
    <eqptSuffix>unavailable</eqptSuffix>
  </flightPlan>
  <enhancedData>
    <eramGufi>KW461134Iw</eramGufi>
    <sfdpsGufi>us.fdps.2026-06-24T12:48:33Z.000/22/4Iw</sfdpsGufi>
    <departureAirport>KBWI</departureAirport>
    <destinationAirport>KSTL</destinationAirport>
  </enhancedData>
</record>

=== 16:41:03.195 T75 SWA733 ===
<record>
  <recSeqNum>11030</recSeqNum>
  <recSrc>A</recSrc>
  <recType>210</recType>
  <recSTARSTimestamp>60062790</recSTARSTimestamp>
  <recSTARSSrcID>0</recSTARSSrcID>
  <recSTARSTimeSync>true</recSTARSTimeSync>
  <recSAFAReceiptTime>2026-06-24T16:41:02.825Z</recSAFAReceiptTime>
  <recSAFATimeSync>true</recSAFATimeSync>
  <track>
    <trackNum>3303</trackNum>
    <mrtTime>2026-06-24T16:41:02.438Z</mrtTime>
    <status>active</status>
    <acAddress>a2bb10</acAddress>
    <xPos>775636</xPos>
    <yPos>400952</yPos>
    <lat>38.51197</lat>
    <lon>-90.11139</lon>
    <vVert>-1488</vVert>
    <vx>-22</vx>
    <vy>284</vy>
    <vVertRaw>-1016</vVertRaw>
    <vxRaw>-102</vxRaw>
    <vyRaw>1292</vyRaw>
    <frozen>0</frozen>
    <new>0</new>
    <pseudo>0</pseudo>
    <adsb>1</adsb>
    <reportedBeaconCode>1144</reportedBeaconCode>
    <reportedAltitude>5900</reportedAltitude>
  </track>
  <flightPlan>
    <sfpn>296</sfpn>
    <ocr>normal handoff</ocr>
    <rnav>1</rnav>
    <scratchPad1>VAR</scratchPad1>
    <cps>1N</cps>
    <runway>VAR</runway>
    <assignedBeaconCode>1144</assignedBeaconCode>
    <requestedAltitude>0</requestedAltitude>
    <assignedAltitude>10000</assignedAltitude>
    <category>F</category>
    <dbi></dbi>
    <acid>SWA733</acid>
    <acType>B737</acType>
    <entryFix>BOO</entryFix>
    <exitFix>STL</exitFix>
    <airport>STL</airport>
    <flightRules>IFR</flightRules>
    <rawFlightRules></rawFlightRules>
    <type>A</type>
    <ptdTime>1635</ptdTime>
    <status>active</status>
    <delete>0</delete>
    <suspended>0</suspended>
    <lld>NE</lld>
    <ECID>939</ECID>
    <eqptSuffix>unavailable</eqptSuffix>
  </flightPlan>
  <enhancedData>
    <eramGufi>KW461134Iw</eramGufi>
    <sfdpsGufi>us.fdps.2026-06-24T12:48:33Z.000/22/4Iw</sfdpsGufi>
    <departureAirport>KBWI</departureAirport>
    <destinationAirport>KSTL</destinationAirport>
  </enhancedData>
</record>

=== 16:41:07.050 T75 SWA733 ===
<record>
  <recSeqNum>11163</recSeqNum>
  <recSrc>A</recSrc>
  <recType>210</recType>
  <recSTARSTimestamp>60066830</recSTARSTimestamp>
  <recSTARSSrcID>0</recSTARSSrcID>
  <recSTARSTimeSync>true</recSTARSTimeSync>
  <recSAFAReceiptTime>2026-06-24T16:41:06.837Z</recSAFAReceiptTime>
  <recSAFATimeSync>true</recSAFATimeSync>
  <track>
    <trackNum>3303</trackNum>
    <mrtTime>2026-06-24T16:41:05.752Z</mrtTime>
    <status>active</status>
    <acAddress>a2bb10</acAddress>
    <xPos>775631</xPos>
    <yPos>401019</yPos>
    <lat>38.51633</lat>
    <lon>-90.11181</lon>
    <vVert>-1482</vVert>
    <vx>-23</vx>
    <vy>283</vy>
    <vVertRaw>-1012</vVertRaw>
    <vxRaw>-103</vxRaw>
    <vyRaw>1287</vyRaw>
    <frozen>0</frozen>
    <new>0</new>
    <pseudo>0</pseudo>
    <adsb>1</adsb>
    <reportedBeaconCode>1144</reportedBeaconCode>
    <reportedAltitude>5700</reportedAltitude>
  </track>
  <flightPlan>
    <sfpn>296</sfpn>
    <ocr>normal handoff</ocr>
    <rnav>1</rnav>
    <scratchPad1>VAR</scratchPad1>
    <cps>1N</cps>
    <runway>VAR</runway>
    <assignedBeaconCode>1144</assignedBeaconCode>
    <requestedAltitude>0</requestedAltitude>
    <assignedAltitude>10000</assignedAltitude>
    <category>F</category>
    <dbi></dbi>
    <acid>SWA733</acid>
    <acType>B737</acType>
    <entryFix>BOO</entryFix>
    <exitFix>STL</exitFix>
    <airport>STL</airport>
    <flightRules>IFR</flightRules>
    <rawFlightRules></rawFlightRules>
    <type>A</type>
    <ptdTime>1635</ptdTime>
    <status>active</status>
    <delete>0</delete>
    <suspended>0</suspended>
    <lld>NE</lld>
    <ECID>939</ECID>
    <eqptSuffix>unavailable</eqptSuffix>
  </flightPlan>
  <enhancedData>
    <eramGufi>KW461134Iw</eramGufi>
    <sfdpsGufi>us.fdps.2026-06-24T12:48:33Z.000/22/4Iw</sfdpsGufi>
    <departureAirport>KBWI</departureAirport>
    <destinationAirport>KSTL</destinationAirport>
  </enhancedData>
</record>

=== 16:41:20.627 PCT DAL737 ===
<record>
  <recSeqNum>39954</recSeqNum>
  <recSrc>A</recSrc>
  <recType>210</recType>
  <recSTARSTimestamp>60076780</recSTARSTimestamp>
  <recSTARSSrcID>0</recSTARSSrcID>
  <recSTARSTimeSync>true</recSTARSTimeSync>
  <recSAFAReceiptTime>2026-06-24T16:41:16.801Z</recSAFAReceiptTime>
  <recSAFATimeSync>true</recSAFATimeSync>
  <track>
    <trackNum>2569</trackNum>
    <mrtTime>2026-06-24T16:41:16.428Z</mrtTime>
    <status>active</status>
    <acAddress>a41c69</acAddress>
    <xPos>1011307</xPos>
    <yPos>318407</yPos>
    <lat>38.82386</lat>
    <lon>-77.03503</lon>
    <vVert>-957</vVert>
    <vx>-12</vx>
    <vy>139</vy>
    <vVertRaw>-653</vVertRaw>
    <vxRaw>-53</vxRaw>
    <vyRaw>633</vyRaw>
    <frozen>0</frozen>
    <new>0</new>
    <pseudo>0</pseudo>
    <adsb>1</adsb>
    <reportedBeaconCode>3352</reportedBeaconCode>
    <reportedAltitude>400</reportedAltitude>
  </track>
  <flightPlan>
    <sfpn>1041</sfpn>
    <ocr>normal handoff</ocr>
    <rnav>0</rnav>
    <cps>1J</cps>
    <assignedBeaconCode>3352</assignedBeaconCode>
    <requestedAltitude>0</requestedAltitude>
    <assignedAltitude>13000</assignedAltitude>
    <category>F</category>
    <dbi></dbi>
    <acid>DAL737</acid>
    <acType>A320</acType>
    <entryFix>CAP</entryFix>
    <exitFix>DCA</exitFix>
    <airport>DCA</airport>
    <flightRules>IFR</flightRules>
    <rawFlightRules></rawFlightRules>
    <type>A</type>
    <ptdTime>1628</ptdTime>
    <status>active</status>
    <delete>0</delete>
    <suspended>0</suspended>
    <lld>S</lld>
    <ECID>175</ECID>
    <eqptSuffix>unavailable</eqptSuffix>
  </flightPlan>
  <enhancedData>
    <eramGufi>KT510614Pn</eramGufi>
    <sfdpsGufi>us.fdps.2026-06-24T14:11:01Z.000/19/4Pn</sfdpsGufi>
    <departureAirport>KATL</departureAirport>
    <destinationAirport>KDCA</destinationAirport>
  </enhancedData>
</record>

=== 16:41:21.988 PCT DAL737 ===
<record>
  <recSeqNum>40576</recSeqNum>
  <recSrc>A</recSrc>
  <recType>210</recType>
  <recSTARSTimestamp>60081730</recSTARSTimestamp>
  <recSTARSSrcID>0</recSTARSSrcID>
  <recSTARSTimeSync>true</recSTARSTimeSync>
  <recSAFAReceiptTime>2026-06-24T16:41:21.758Z</recSAFAReceiptTime>
  <recSAFATimeSync>true</recSAFATimeSync>
  <track>
    <trackNum>2569</trackNum>
    <mrtTime>2026-06-24T16:41:21.295Z</mrtTime>
    <status>active</status>
    <acAddress>a41c69</acAddress>
    <xPos>1011303</xPos>
    <yPos>318454</yPos>
    <lat>38.82692</lat>
    <lon>-77.03536</lon>
    <vVert>-892</vVert>
    <vx>-11</vx>
    <vy>137</vy>
    <vVertRaw>-609</vVertRaw>
    <vxRaw>-48</vxRaw>
    <vyRaw>625</vyRaw>
    <frozen>0</frozen>
    <new>0</new>
    <pseudo>0</pseudo>
    <adsb>1</adsb>
    <reportedBeaconCode>3352</reportedBeaconCode>
    <reportedAltitude>300</reportedAltitude>
  </track>
  <flightPlan>
    <sfpn>1041</sfpn>
    <ocr>normal handoff</ocr>
    <rnav>0</rnav>
    <cps>1J</cps>
    <assignedBeaconCode>3352</assignedBeaconCode>
    <requestedAltitude>0</requestedAltitude>
    <assignedAltitude>13000</assignedAltitude>
    <category>F</category>
    <dbi></dbi>
    <acid>DAL737</acid>
    <acType>A320</acType>
    <entryFix>CAP</entryFix>
    <exitFix>DCA</exitFix>
    <airport>DCA</airport>
    <flightRules>IFR</flightRules>
    <rawFlightRules></rawFlightRules>
    <type>A</type>
    <ptdTime>1628</ptdTime>
    <status>active</status>
    <delete>0</delete>
    <suspended>0</suspended>
    <lld>S</lld>
    <ECID>175</ECID>
    <eqptSuffix>unavailable</eqptSuffix>
  </flightPlan>
  <enhancedData>
    <eramGufi>KT510614Pn</eramGufi>
    <sfdpsGufi>us.fdps.2026-06-24T14:11:01Z.000/19/4Pn</sfdpsGufi>
    <departureAirport>KATL</departureAirport>
    <destinationAirport>KDCA</destinationAirport>
  </enhancedData>
</record>

=== 16:41:23.611 CID ENY3462 ===
<record>
  <recSeqNum>42665</recSeqNum>
  <recSrc>A</recSrc>
  <recType>210</recType>
  <recSTARSTimestamp>60083080</recSTARSTimestamp>
  <recSTARSSrcID>0</recSTARSSrcID>
  <recSTARSTimeSync>true</recSTARSTimeSync>
  <recSAFAReceiptTime>2026-06-24T16:41:23.121Z</recSAFAReceiptTime>
  <recSAFATimeSync>true</recSAFATimeSync>
  <track>
    <trackNum>344</trackNum>
    <mrtTime>2026-06-24T16:41:22.628Z</mrtTime>
    <status>active</status>
    <acAddress>a234ef</acAddress>
    <xPos>764138</xPos>
    <yPos>454378</yPos>
    <lat>41.51847</lat>
    <lon>-90.66783</lon>
    <vVert>-1537</vVert>
    <vx>-290</vx>
    <vy>135</vy>
    <vVertRaw>-1049</vVertRaw>
    <vxRaw>-1321</vxRaw>
    <vyRaw>614</vyRaw>
    <frozen>0</frozen>
    <new>0</new>
    <pseudo>0</pseudo>
    <adsb>1</adsb>
    <reportedBeaconCode>6504</reportedBeaconCode>
    <reportedAltitude>15400</reportedAltitude>
  </track>
  <flightPlan>
    <sfpn>626</sfpn>
    <ocr>pending</ocr>
    <rnav>0</rnav>
    <scratchPad1>CID</scratchPad1>
    <cps>1T</cps>
    <runway>CID</runway>
    <assignedBeaconCode>6504</assignedBeaconCode>
    <requestedAltitude>0</requestedAltitude>
    <assignedAltitude>29000</assignedAltitude>
    <category>G</category>
    <dbi></dbi>
    <acid>ENY3462</acid>
    <acType>E170</acType>
    <entryFix>MLI</entryFix>
    <exitFix>CID</exitFix>
    <airport>CID</airport>
    <flightRules>IFR</flightRules>
    <rawFlightRules></rawFlightRules>
    <type>A</type>
    <ptdTime>1647</ptdTime>
    <status>active</status>
    <delete>0</delete>
    <suspended>0</suspended>
    <lld>N</lld>
    <ECID>939</ECID>
    <eqptSuffix>unavailable</eqptSuffix>
  </flightPlan>
  <enhancedData>
    <eramGufi>KW489174kj</eramGufi>
    <sfdpsGufi>us.fdps.2026-06-24T13:35:17Z.000/22/4kj</sfdpsGufi>
    <departureAirport>KDCA</departureAirport>
    <destinationAirport>KCID</destinationAirport>
  </enhancedData>
</record>

=== 16:41:26.302 PCT DAL737 ===
<record>
  <recSeqNum>41082</recSeqNum>
  <recSrc>A</recSrc>
  <recType>210</recType>
  <recSTARSTimestamp>60085800</recSTARSTimestamp>
  <recSTARSSrcID>0</recSTARSSrcID>
  <recSTARSTimeSync>true</recSTARSTimeSync>
  <recSAFAReceiptTime>2026-06-24T16:41:25.810Z</recSAFAReceiptTime>
  <recSAFATimeSync>true</recSAFATimeSync>
  <track>
    <trackNum>2569</trackNum>
    <mrtTime>2026-06-24T16:41:25.487Z</mrtTime>
    <status>active</status>
    <acAddress>a41c69</acAddress>
    <xPos>1011301</xPos>
    <yPos>318493</yPos>
    <lat>38.82947</lat>
    <lon>-77.0355</lon>
    <vVert>-642</vVert>
    <vx>-10</vx>
    <vy>136</vy>
    <vVertRaw>-438</vVertRaw>
    <vxRaw>-46</vxRaw>
    <vyRaw>618</vyRaw>
    <frozen>0</frozen>
    <new>0</new>
    <pseudo>0</pseudo>
    <adsb>1</adsb>
    <reportedBeaconCode>3352</reportedBeaconCode>
    <reportedAltitude>300</reportedAltitude>
  </track>
  <flightPlan>
    <sfpn>1041</sfpn>
    <ocr>normal handoff</ocr>
    <rnav>0</rnav>
    <cps>1J</cps>
    <assignedBeaconCode>3352</assignedBeaconCode>
    <requestedAltitude>0</requestedAltitude>
    <assignedAltitude>13000</assignedAltitude>
    <category>F</category>
    <dbi></dbi>
    <acid>DAL737</acid>
    <acType>A320</acType>
    <entryFix>CAP</entryFix>
    <exitFix>DCA</exitFix>
    <airport>DCA</airport>
    <flightRules>IFR</flightRules>
    <rawFlightRules></rawFlightRules>
    <type>A</type>
    <ptdTime>1628</ptdTime>
    <status>active</status>
    <delete>0</delete>
    <suspended>0</suspended>
    <lld>S</lld>
    <ECID>175</ECID>
    <eqptSuffix>unavailable</eqptSuffix>
  </flightPlan>
  <enhancedData>
    <eramGufi>KT510614Pn</eramGufi>
    <sfdpsGufi>us.fdps.2026-06-24T14:11:01Z.000/19/4Pn</sfdpsGufi>
    <departureAirport>KATL</departureAirport>
    <destinationAirport>KDCA</destinationAirport>
  </enhancedData>
</record>

=== 16:41:27.450 CID ENY3462 ===
<record>
  <recSeqNum>42805</recSeqNum>
  <recSrc>A</recSrc>
  <recType>210</recType>
  <recSTARSTimestamp>60087120</recSTARSTimestamp>
  <recSTARSSrcID>0</recSTARSSrcID>
  <recSTARSTimeSync>true</recSTARSTimeSync>
  <recSAFAReceiptTime>2026-06-24T16:41:27.128Z</recSAFAReceiptTime>
  <recSAFATimeSync>true</recSAFATimeSync>
  <track>
    <trackNum>344</trackNum>
    <mrtTime>2026-06-24T16:41:26.721Z</mrtTime>
    <status>active</status>
    <acAddress>a234ef</acAddress>
    <xPos>764054</xPos>
    <yPos>454417</yPos>
    <lat>41.52108</lat>
    <lon>-90.67508</lon>
    <vVert>-1541</vVert>
    <vx>-289</vx>
    <vy>134</vy>
    <vVertRaw>-1052</vVertRaw>
    <vxRaw>-1316</vxRaw>
    <vyRaw>612</vyRaw>
    <frozen>0</frozen>
    <new>0</new>
    <pseudo>0</pseudo>
    <adsb>1</adsb>
    <reportedBeaconCode>6504</reportedBeaconCode>
    <reportedAltitude>15300</reportedAltitude>
  </track>
  <flightPlan>
    <sfpn>626</sfpn>
    <ocr>pending</ocr>
    <rnav>0</rnav>
    <scratchPad1>CID</scratchPad1>
    <cps>1T</cps>
    <runway>CID</runway>
    <assignedBeaconCode>6504</assignedBeaconCode>
    <requestedAltitude>0</requestedAltitude>
    <assignedAltitude>29000</assignedAltitude>
    <category>G</category>
    <dbi></dbi>
    <acid>ENY3462</acid>
    <acType>E170</acType>
    <entryFix>MLI</entryFix>
    <exitFix>CID</exitFix>
    <airport>CID</airport>
    <flightRules>IFR</flightRules>
    <rawFlightRules></rawFlightRules>
    <type>A</type>
    <ptdTime>1647</ptdTime>
    <status>active</status>
    <delete>0</delete>
    <suspended>0</suspended>
    <lld>N</lld>
    <ECID>939</ECID>
    <eqptSuffix>unavailable</eqptSuffix>
  </flightPlan>
  <enhancedData>
    <eramGufi>KW489174kj</eramGufi>
    <sfdpsGufi>us.fdps.2026-06-24T13:35:17Z.000/22/4kj</sfdpsGufi>
    <departureAirport>KDCA</departureAirport>
    <destinationAirport>KCID</destinationAirport>
  </enhancedData>
</record>

=== 16:41:28.352 T75 SWA733 ===
<record>
  <recSeqNum>11848</recSeqNum>
  <recSrc>A</recSrc>
  <recType>210</recType>
  <recSTARSTimestamp>60087830</recSTARSTimestamp>
  <recSTARSSrcID>0</recSTARSSrcID>
  <recSTARSTimeSync>true</recSTARSTimeSync>
  <recSAFAReceiptTime>2026-06-24T16:41:27.853Z</recSAFAReceiptTime>
  <recSAFATimeSync>true</recSAFATimeSync>
  <track>
    <trackNum>3303</trackNum>
    <mrtTime>2026-06-24T16:41:26.782Z</mrtTime>
    <status>active</status>
    <acAddress>a2bb10</acAddress>
    <xPos>775592</xPos>
    <yPos>401435</yPos>
    <lat>38.54344</lat>
    <lon>-90.11514</lon>
    <vVert>-1920</vVert>
    <vx>-27</vx>
    <vy>278</vy>
    <vVertRaw>-1311</vVertRaw>
    <vxRaw>-121</vxRaw>
    <vyRaw>1267</vyRaw>
    <frozen>0</frozen>
    <new>0</new>
    <pseudo>0</pseudo>
    <adsb>1</adsb>
    <reportedBeaconCode>1144</reportedBeaconCode>
    <reportedAltitude>5200</reportedAltitude>
  </track>
  <flightPlan>
    <sfpn>296</sfpn>
    <ocr>normal handoff</ocr>
    <rnav>1</rnav>
    <scratchPad1>VAR</scratchPad1>
    <cps>1N</cps>
    <runway>VAR</runway>
    <assignedBeaconCode>1144</assignedBeaconCode>
    <requestedAltitude>0</requestedAltitude>
    <assignedAltitude>10000</assignedAltitude>
    <category>F</category>
    <dbi></dbi>
    <acid>SWA733</acid>
    <acType>B737</acType>
    <entryFix>BOO</entryFix>
    <exitFix>STL</exitFix>
    <airport>STL</airport>
    <flightRules>IFR</flightRules>
    <rawFlightRules></rawFlightRules>
    <type>A</type>
    <ptdTime>1635</ptdTime>
    <status>active</status>
    <delete>0</delete>
    <suspended>0</suspended>
    <lld>NE</lld>
    <ECID>939</ECID>
    <eqptSuffix>unavailable</eqptSuffix>
  </flightPlan>
  <enhancedData>
    <eramGufi>KW461134Iw</eramGufi>
    <sfdpsGufi>us.fdps.2026-06-24T12:48:33Z.000/22/4Iw</sfdpsGufi>
    <departureAirport>KBWI</departureAirport>
    <destinationAirport>KSTL</destinationAirport>
  </enhancedData>
</record>

=== 16:41:32.590 T75 SWA733 ===
<record>
  <recSeqNum>12005</recSeqNum>
  <recSrc>A</recSrc>
  <recType>210</recType>
  <recSTARSTimestamp>60092040</recSTARSTimestamp>
  <recSTARSSrcID>0</recSTARSSrcID>
  <recSTARSTimeSync>true</recSTARSTimeSync>
  <recSAFAReceiptTime>2026-06-24T16:41:32.058Z</recSAFAReceiptTime>
  <recSAFATimeSync>true</recSAFATimeSync>
  <track>
    <trackNum>3303</trackNum>
    <mrtTime>2026-06-24T16:41:31.712Z</mrtTime>
    <status>active</status>
    <acAddress>a2bb10</acAddress>
    <xPos>775582</xPos>
    <yPos>401532</yPos>
    <lat>38.54975</lat>
    <lon>-90.116</lon>
    <vVert>-1891</vVert>
    <vx>-27</vx>
    <vy>278</vy>
    <vVertRaw>-1291</vVertRaw>
    <vxRaw>-125</vxRaw>
    <vyRaw>1266</vyRaw>
    <frozen>0</frozen>
    <new>0</new>
    <pseudo>0</pseudo>
    <adsb>1</adsb>
    <reportedBeaconCode>1144</reportedBeaconCode>
    <reportedAltitude>5000</reportedAltitude>
  </track>
  <flightPlan>
    <sfpn>296</sfpn>
    <ocr>normal handoff</ocr>
    <rnav>1</rnav>
    <scratchPad1>VAR</scratchPad1>
    <cps>1N</cps>
    <runway>VAR</runway>
    <assignedBeaconCode>1144</assignedBeaconCode>
    <requestedAltitude>0</requestedAltitude>
    <assignedAltitude>10000</assignedAltitude>
    <category>F</category>
    <dbi></dbi>
    <acid>SWA733</acid>
    <acType>B737</acType>
    <entryFix>BOO</entryFix>
    <exitFix>STL</exitFix>
    <airport>STL</airport>
    <flightRules>IFR</flightRules>
    <rawFlightRules></rawFlightRules>
    <type>A</type>
    <ptdTime>1635</ptdTime>
    <status>active</status>
    <delete>0</delete>
    <suspended>0</suspended>
    <lld>NE</lld>
    <ECID>939</ECID>
    <eqptSuffix>unavailable</eqptSuffix>
  </flightPlan>
  <enhancedData>
    <eramGufi>KW461134Iw</eramGufi>
    <sfdpsGufi>us.fdps.2026-06-24T12:48:33Z.000/22/4Iw</sfdpsGufi>
    <departureAirport>KBWI</departureAirport>
    <destinationAirport>KSTL</destinationAirport>
  </enhancedData>
</record>

=== 16:41:36.457 T75 SWA733 ===
<record>
  <recSeqNum>12140</recSeqNum>
  <recSrc>A</recSrc>
  <recType>210</recType>
  <recSTARSTimestamp>60096090</recSTARSTimestamp>
  <recSTARSSrcID>0</recSTARSSrcID>
  <recSTARSTimeSync>true</recSTARSTimeSync>
  <recSAFAReceiptTime>2026-06-24T16:41:36.108Z</recSAFAReceiptTime>
  <recSAFATimeSync>true</recSAFATimeSync>
  <track>
    <trackNum>3303</trackNum>
    <mrtTime>2026-06-24T16:41:35.758Z</mrtTime>
    <status>active</status>
    <acAddress>a2bb10</acAddress>
    <xPos>775574</xPos>
    <yPos>401612</yPos>
    <lat>38.55497</lat>
    <lon>-90.11667</lon>
    <vVert>-1857</vVert>
    <vx>-28</vx>
    <vy>278</vy>
    <vVertRaw>-1268</vVertRaw>
    <vxRaw>-126</vxRaw>
    <vyRaw>1265</vyRaw>
    <frozen>0</frozen>
    <new>0</new>
    <pseudo>0</pseudo>
    <adsb>1</adsb>
    <reportedBeaconCode>1144</reportedBeaconCode>
    <reportedAltitude>4900</reportedAltitude>
  </track>
  <flightPlan>
    <sfpn>296</sfpn>
    <ocr>normal handoff</ocr>
    <rnav>1</rnav>
    <scratchPad1>VAR</scratchPad1>
    <cps>1N</cps>
    <runway>VAR</runway>
    <assignedBeaconCode>1144</assignedBeaconCode>
    <requestedAltitude>0</requestedAltitude>
    <assignedAltitude>10000</assignedAltitude>
    <category>F</category>
    <dbi></dbi>
    <acid>SWA733</acid>
    <acType>B737</acType>
    <entryFix>BOO</entryFix>
    <exitFix>STL</exitFix>
    <airport>STL</airport>
    <flightRules>IFR</flightRules>
    <rawFlightRules></rawFlightRules>
    <type>A</type>
    <ptdTime>1635</ptdTime>
    <status>active</status>
    <delete>0</delete>
    <suspended>0</suspended>
    <lld>NE</lld>
    <ECID>939</ECID>
    <eqptSuffix>unavailable</eqptSuffix>
  </flightPlan>
  <enhancedData>
    <eramGufi>KW461134Iw</eramGufi>
    <sfdpsGufi>us.fdps.2026-06-24T12:48:33Z.000/22/4Iw</sfdpsGufi>
    <departureAirport>KBWI</departureAirport>
    <destinationAirport>KSTL</destinationAirport>
  </enhancedData>
</record>

=== 16:41:39.139 PCT DAL737 ===
<record>
  <recSeqNum>42737</recSeqNum>
  <recSrc>A</recSrc>
  <recType>210</recType>
  <recSTARSTimestamp>60098850</recSTARSTimestamp>
  <recSTARSSrcID>0</recSTARSSrcID>
  <recSTARSTimeSync>true</recSTARSTimeSync>
  <recSAFAReceiptTime>2026-06-24T16:41:38.880Z</recSAFAReceiptTime>
  <recSAFATimeSync>true</recSAFATimeSync>
  <track>
    <trackNum>2569</trackNum>
    <mrtTime>2026-06-24T16:41:38.363Z</mrtTime>
    <status>active</status>
    <acAddress>a41c69</acAddress>
    <xPos>1011291</xPos>
    <yPos>318617</yPos>
    <lat>38.83756</lat>
    <lon>-77.03633</lon>
    <vVert>-688</vVert>
    <vx>-11</vx>
    <vy>136</vy>
    <vVertRaw>-470</vVertRaw>
    <vxRaw>-48</vxRaw>
    <vyRaw>617</vyRaw>
    <frozen>0</frozen>
    <new>0</new>
    <pseudo>0</pseudo>
    <adsb>1</adsb>
    <reportedBeaconCode>3352</reportedBeaconCode>
    <reportedAltitude>100</reportedAltitude>
  </track>
  <flightPlan>
    <sfpn>1041</sfpn>
    <ocr>normal handoff</ocr>
    <rnav>0</rnav>
    <cps>1J</cps>
    <assignedBeaconCode>3352</assignedBeaconCode>
    <requestedAltitude>0</requestedAltitude>
    <assignedAltitude>13000</assignedAltitude>
    <category>F</category>
    <dbi></dbi>
    <acid>DAL737</acid>
    <acType>A320</acType>
    <entryFix>CAP</entryFix>
    <exitFix>DCA</exitFix>
    <airport>DCA</airport>
    <flightRules>IFR</flightRules>
    <rawFlightRules></rawFlightRules>
    <type>A</type>
    <ptdTime>1628</ptdTime>
    <status>active</status>
    <delete>0</delete>
    <suspended>0</suspended>
    <lld>S</lld>
    <ECID>175</ECID>
    <eqptSuffix>unavailable</eqptSuffix>
  </flightPlan>
  <enhancedData>
    <eramGufi>KT510614Pn</eramGufi>
    <sfdpsGufi>us.fdps.2026-06-24T14:11:01Z.000/19/4Pn</sfdpsGufi>
    <departureAirport>KATL</departureAirport>
    <destinationAirport>KDCA</destinationAirport>
  </enhancedData>
</record>

=== 16:41:39.140 PCT DAL737 ===
<record>
  <recSeqNum>42739</recSeqNum>
  <recSrc>A</recSrc>
  <recType>210</recType>
  <recSTARSTimestamp>60098910</recSTARSTimestamp>
  <recSTARSSrcID>0</recSTARSSrcID>
  <recSTARSTimeSync>true</recSTARSTimeSync>
  <recSAFAReceiptTime>2026-06-24T16:41:38.930Z</recSAFAReceiptTime>
  <recSAFATimeSync>true</recSAFATimeSync>
  <flightPlan>
    <sfpn>1041</sfpn>
    <ocr>normal handoff</ocr>
    <rnav>0</rnav>
    <cps>1J</cps>
    <assignedBeaconCode>3352</assignedBeaconCode>
    <requestedAltitude>0</requestedAltitude>
    <assignedAltitude>13000</assignedAltitude>
    <category>F</category>
    <dbi></dbi>
    <acid>DAL737</acid>
    <acType>A320</acType>
    <entryFix>CAP</entryFix>
    <exitFix>DCA</exitFix>
    <airport>DCA</airport>
    <flightRules>IFR</flightRules>
    <rawFlightRules></rawFlightRules>
    <type>A</type>
    <ptdTime>1628</ptdTime>
    <status>active</status>
    <delete>0</delete>
    <suspended>0</suspended>
    <lld>S</lld>
    <ECID>175</ECID>
    <eqptSuffix>unavailable</eqptSuffix>
  </flightPlan>
  <enhancedData>
    <eramGufi>KT510614Pn</eramGufi>
    <sfdpsGufi>us.fdps.2026-06-24T14:11:01Z.000/19/4Pn</sfdpsGufi>
    <departureAirport>KATL</departureAirport>
    <destinationAirport>KDCA</destinationAirport>
  </enhancedData>
</record>

=== 16:41:39.140 PCT DAL737 ===
<record>
  <recSeqNum>42740</recSeqNum>
  <recSrc>A</recSrc>
  <recType>210</recType>
  <recSTARSTimestamp>60098910</recSTARSTimestamp>
  <recSTARSSrcID>0</recSTARSSrcID>
  <recSTARSTimeSync>true</recSTARSTimeSync>
  <recSAFAReceiptTime>2026-06-24T16:41:38.930Z</recSAFAReceiptTime>
  <recSAFATimeSync>true</recSAFATimeSync>
  <track>
    <trackNum>2569</trackNum>
    <mrtTime>2026-06-24T16:41:38.363Z</mrtTime>
    <status>active</status>
    <acAddress>a41c69</acAddress>
    <xPos>1011291</xPos>
    <yPos>318617</yPos>
    <lat>38.83756</lat>
    <lon>-77.03633</lon>
    <vVert>-688</vVert>
    <vx>-11</vx>
    <vy>136</vy>
    <vVertRaw>-470</vVertRaw>
    <vxRaw>-48</vxRaw>
    <vyRaw>617</vyRaw>
    <frozen>0</frozen>
    <new>0</new>
    <pseudo>0</pseudo>
    <adsb>1</adsb>
    <reportedBeaconCode>3352</reportedBeaconCode>
    <reportedAltitude>100</reportedAltitude>
  </track>
  <flightPlan>
    <sfpn>1041</sfpn>
    <ocr>normal handoff</ocr>
    <rnav>0</rnav>
    <cps>1J</cps>
    <assignedBeaconCode>3352</assignedBeaconCode>
    <requestedAltitude>0</requestedAltitude>
    <assignedAltitude>13000</assignedAltitude>
    <category>F</category>
    <dbi></dbi>
    <acid>DAL737</acid>
    <acType>A320</acType>
    <entryFix>CAP</entryFix>
    <exitFix>DCA</exitFix>
    <airport>DCA</airport>
    <flightRules>IFR</flightRules>
    <rawFlightRules></rawFlightRules>
    <type>A</type>
    <ptdTime>1628</ptdTime>
    <status>active</status>
    <delete>0</delete>
    <suspended>0</suspended>
    <lld>S</lld>
    <ECID>175</ECID>
    <eqptSuffix>unavailable</eqptSuffix>
  </flightPlan>
  <enhancedData>
    <eramGufi>KT510614Pn</eramGufi>
    <sfdpsGufi>us.fdps.2026-06-24T14:11:01Z.000/19/4Pn</sfdpsGufi>
    <departureAirport>KATL</departureAirport>
    <destinationAirport>KDCA</destinationAirport>
  </enhancedData>
</record>

=== 16:41:40.633 T75 SWA733 ===
<record>
  <recSeqNum>12284</recSeqNum>
  <recSrc>A</recSrc>
  <recType>210</recType>
  <recSTARSTimestamp>60100280</recSTARSTimestamp>
  <recSTARSSrcID>0</recSTARSSrcID>
  <recSTARSTimeSync>true</recSTARSTimeSync>
  <recSAFAReceiptTime>2026-06-24T16:41:40.322Z</recSAFAReceiptTime>
  <recSAFATimeSync>true</recSAFATimeSync>
  <track>
    <trackNum>3303</trackNum>
    <mrtTime>2026-06-24T16:41:39.884Z</mrtTime>
    <status>active</status>
    <acAddress>a2bb10</acAddress>
    <xPos>775566</xPos>
    <yPos>401694</yPos>
    <lat>38.56031</lat>
    <lon>-90.11736</lon>
    <vVert>-1821</vVert>
    <vx>-27</vx>
    <vy>278</vy>
    <vVertRaw>-1243</vVertRaw>
    <vxRaw>-122</vxRaw>
    <vyRaw>1265</vyRaw>
    <frozen>0</frozen>
    <new>0</new>
    <pseudo>0</pseudo>
    <adsb>1</adsb>
    <reportedBeaconCode>1144</reportedBeaconCode>
    <reportedAltitude>4800</reportedAltitude>
  </track>
  <flightPlan>
    <sfpn>296</sfpn>
    <ocr>normal handoff</ocr>
    <rnav>1</rnav>
    <scratchPad1>VAR</scratchPad1>
    <cps>1N</cps>
    <runway>VAR</runway>
    <assignedBeaconCode>1144</assignedBeaconCode>
    <requestedAltitude>0</requestedAltitude>
    <assignedAltitude>10000</assignedAltitude>
    <category>F</category>
    <dbi></dbi>
    <acid>SWA733</acid>
    <acType>B737</acType>
    <entryFix>BOO</entryFix>
    <exitFix>STL</exitFix>
    <airport>STL</airport>
    <flightRules>IFR</flightRules>
    <rawFlightRules></rawFlightRules>
    <type>A</type>
    <ptdTime>1635</ptdTime>
    <status>active</status>
    <delete>0</delete>
    <suspended>0</suspended>
    <lld>NE</lld>
    <ECID>939</ECID>
    <eqptSuffix>unavailable</eqptSuffix>
  </flightPlan>
  <enhancedData>
    <eramGufi>KW461134Iw</eramGufi>
    <sfdpsGufi>us.fdps.2026-06-24T12:48:33Z.000/22/4Iw</sfdpsGufi>
    <departureAirport>KBWI</departureAirport>
    <destinationAirport>KSTL</destinationAirport>
  </enhancedData>
</record>

=== 16:41:41.480 CID ENY3462 ===
<record>
  <recSeqNum>43226</recSeqNum>
  <recSrc>A</recSrc>
  <recType>210</recType>
  <recSTARSTimestamp>60101090</recSTARSTimestamp>
  <recSTARSSrcID>0</recSTARSSrcID>
  <recSTARSTimeSync>true</recSTARSTimeSync>
  <recSAFAReceiptTime>2026-06-24T16:41:41.092Z</recSAFAReceiptTime>
  <recSAFATimeSync>true</recSAFATimeSync>
  <track>
    <trackNum>344</trackNum>
    <mrtTime>2026-06-24T16:41:40.727Z</mrtTime>
    <status>active</status>
    <acAddress>a234ef</acAddress>
    <xPos>763772</xPos>
    <yPos>454547</yPos>
    <lat>41.52978</lat>
    <lon>-90.69939</lon>
    <vVert>-1397</vVert>
    <vx>-282</vx>
    <vy>129</vy>
    <vVertRaw>-954</vVertRaw>
    <vxRaw>-1285</vxRaw>
    <vyRaw>588</vyRaw>
    <frozen>0</frozen>
    <new>0</new>
    <pseudo>0</pseudo>
    <adsb>1</adsb>
    <reportedBeaconCode>6504</reportedBeaconCode>
    <reportedAltitude>15000</reportedAltitude>
  </track>
  <flightPlan>
    <sfpn>626</sfpn>
    <ocr>pending</ocr>
    <rnav>0</rnav>
    <scratchPad1>CID</scratchPad1>
    <cps>1T</cps>
    <runway>CID</runway>
    <assignedBeaconCode>6504</assignedBeaconCode>
    <requestedAltitude>0</requestedAltitude>
    <assignedAltitude>29000</assignedAltitude>
    <category>G</category>
    <dbi></dbi>
    <acid>ENY3462</acid>
    <acType>E170</acType>
    <entryFix>MLI</entryFix>
    <exitFix>CID</exitFix>
    <airport>CID</airport>
    <flightRules>IFR</flightRules>
    <rawFlightRules></rawFlightRules>
    <type>A</type>
    <ptdTime>1647</ptdTime>
    <status>active</status>
    <delete>0</delete>
    <suspended>0</suspended>
    <lld>N</lld>
    <ECID>939</ECID>
    <eqptSuffix>unavailable</eqptSuffix>
  </flightPlan>
  <enhancedData>
    <eramGufi>KW489174kj</eramGufi>
    <sfdpsGufi>us.fdps.2026-06-24T13:35:17Z.000/22/4kj</sfdpsGufi>
    <departureAirport>KDCA</departureAirport>
    <destinationAirport>KCID</destinationAirport>
  </enhancedData>
</record>

=== 16:41:44.266 CID ENY3462 ===
<record>
  <recSeqNum>43312</recSeqNum>
  <recSrc>A</recSrc>
  <recType>210</recType>
  <recSTARSTimestamp>60104070</recSTARSTimestamp>
  <recSTARSSrcID>0</recSTARSSrcID>
  <recSTARSTimeSync>true</recSTARSTimeSync>
  <recSAFAReceiptTime>2026-06-24T16:41:44.092Z</recSAFAReceiptTime>
  <recSAFATimeSync>true</recSAFATimeSync>
  <track>
    <trackNum>344</trackNum>
    <mrtTime>2026-06-24T16:41:42.764Z</mrtTime>
    <status>active</status>
    <acAddress>a234ef</acAddress>
    <xPos>763731</xPos>
    <yPos>454565</yPos>
    <lat>41.53097</lat>
    <lon>-90.70292</lon>
    <vVert>-1323</vVert>
    <vx>-282</vx>
    <vy>129</vy>
    <vVertRaw>-903</vVertRaw>
    <vxRaw>-1285</vxRaw>
    <vyRaw>589</vyRaw>
    <frozen>0</frozen>
    <new>0</new>
    <pseudo>0</pseudo>
    <adsb>1</adsb>
    <reportedBeaconCode>6504</reportedBeaconCode>
    <reportedAltitude>15000</reportedAltitude>
  </track>
  <flightPlan>
    <sfpn>626</sfpn>
    <ocr>pending</ocr>
    <rnav>0</rnav>
    <scratchPad1>CID</scratchPad1>
    <cps>1T</cps>
    <runway>CID</runway>
    <assignedBeaconCode>6504</assignedBeaconCode>
    <requestedAltitude>0</requestedAltitude>
    <assignedAltitude>29000</assignedAltitude>
    <category>G</category>
    <dbi></dbi>
    <acid>ENY3462</acid>
    <acType>E170</acType>
    <entryFix>MLI</entryFix>
    <exitFix>CID</exitFix>
    <airport>CID</airport>
    <flightRules>IFR</flightRules>
    <rawFlightRules></rawFlightRules>
    <type>A</type>
    <ptdTime>1647</ptdTime>
    <status>active</status>
    <delete>0</delete>
    <suspended>0</suspended>
    <lld>N</lld>
    <ECID>939</ECID>
    <eqptSuffix>unavailable</eqptSuffix>
  </flightPlan>
  <enhancedData>
    <eramGufi>KW489174kj</eramGufi>
    <sfdpsGufi>us.fdps.2026-06-24T13:35:17Z.000/22/4kj</sfdpsGufi>
    <departureAirport>KDCA</departureAirport>
    <destinationAirport>KCID</destinationAirport>
  </enhancedData>
</record>

=== 16:41:45.514 T75 SWA733 ===
<record>
  <recSeqNum>12445</recSeqNum>
  <recSrc>A</recSrc>
  <recType>210</recType>
  <recSTARSTimestamp>60105230</recSTARSTimestamp>
  <recSTARSSrcID>0</recSTARSSrcID>
  <recSTARSTimeSync>true</recSTARSTimeSync>
  <recSAFAReceiptTime>2026-06-24T16:41:45.269Z</recSAFAReceiptTime>
  <recSAFATimeSync>true</recSAFATimeSync>
  <track>
    <trackNum>3303</trackNum>
    <mrtTime>2026-06-24T16:41:44.954Z</mrtTime>
    <status>active</status>
    <acAddress>a2bb10</acAddress>
    <xPos>775558</xPos>
    <yPos>401794</yPos>
    <lat>38.56683</lat>
    <lon>-90.11806</lon>
    <vVert>-1509</vVert>
    <vx>-25</vx>
    <vy>278</vy>
    <vVertRaw>-1030</vVertRaw>
    <vxRaw>-113</vxRaw>
    <vyRaw>1266</vyRaw>
    <frozen>0</frozen>
    <new>0</new>
    <pseudo>0</pseudo>
    <adsb>1</adsb>
    <reportedBeaconCode>1144</reportedBeaconCode>
    <reportedAltitude>4700</reportedAltitude>
  </track>
  <flightPlan>
    <sfpn>296</sfpn>
    <ocr>normal handoff</ocr>
    <rnav>1</rnav>
    <scratchPad1>VAR</scratchPad1>
    <cps>1N</cps>
    <runway>VAR</runway>
    <assignedBeaconCode>1144</assignedBeaconCode>
    <requestedAltitude>0</requestedAltitude>
    <assignedAltitude>10000</assignedAltitude>
    <category>F</category>
    <dbi></dbi>
    <acid>SWA733</acid>
    <acType>B737</acType>
    <entryFix>BOO</entryFix>
    <exitFix>STL</exitFix>
    <airport>STL</airport>
    <flightRules>IFR</flightRules>
    <rawFlightRules></rawFlightRules>
    <type>A</type>
    <ptdTime>1635</ptdTime>
    <status>active</status>
    <delete>0</delete>
    <suspended>0</suspended>
    <lld>NE</lld>
    <ECID>939</ECID>
    <eqptSuffix>unavailable</eqptSuffix>
  </flightPlan>
  <enhancedData>
    <eramGufi>KW461134Iw</eramGufi>
    <sfdpsGufi>us.fdps.2026-06-24T12:48:33Z.000/22/4Iw</sfdpsGufi>
    <departureAirport>KBWI</departureAirport>
    <destinationAirport>KSTL</destinationAirport>
  </enhancedData>
</record>

=== 16:41:45.690 CID ENY3462 ===
<record>
  <recSeqNum>43362</recSeqNum>
  <recSrc>A</recSrc>
  <recType>210</recType>
  <recSTARSTimestamp>60105280</recSTARSTimestamp>
  <recSTARSSrcID>0</recSTARSSrcID>
  <recSTARSTimeSync>true</recSTARSTimeSync>
  <recSAFAReceiptTime>2026-06-24T16:41:45.289Z</recSAFAReceiptTime>
  <recSAFATimeSync>true</recSAFATimeSync>
  <track>
    <trackNum>344</trackNum>
    <mrtTime>2026-06-24T16:41:44.961Z</mrtTime>
    <status>active</status>
    <acAddress>a234ef</acAddress>
    <xPos>763688</xPos>
    <yPos>454585</yPos>
    <lat>41.53231</lat>
    <lon>-90.70664</lon>
    <vVert>-1315</vVert>
    <vx>-281</vx>
    <vy>129</vy>
    <vVertRaw>-898</vVertRaw>
    <vxRaw>-1278</vxRaw>
    <vyRaw>585</vyRaw>
    <frozen>0</frozen>
    <new>0</new>
    <pseudo>0</pseudo>
    <adsb>1</adsb>
    <reportedBeaconCode>6504</reportedBeaconCode>
    <reportedAltitude>14900</reportedAltitude>
  </track>
  <flightPlan>
    <sfpn>626</sfpn>
    <ocr>pending</ocr>
    <rnav>0</rnav>
    <scratchPad1>CID</scratchPad1>
    <cps>1T</cps>
    <runway>CID</runway>
    <assignedBeaconCode>6504</assignedBeaconCode>
    <requestedAltitude>0</requestedAltitude>
    <assignedAltitude>29000</assignedAltitude>
    <category>G</category>
    <dbi></dbi>
    <acid>ENY3462</acid>
    <acType>E170</acType>
    <entryFix>MLI</entryFix>
    <exitFix>CID</exitFix>
    <airport>CID</airport>
    <flightRules>IFR</flightRules>
    <rawFlightRules></rawFlightRules>
    <type>A</type>
    <ptdTime>1647</ptdTime>
    <status>active</status>
    <delete>0</delete>
    <suspended>0</suspended>
    <lld>N</lld>
    <ECID>939</ECID>
    <eqptSuffix>unavailable</eqptSuffix>
  </flightPlan>
  <enhancedData>
    <eramGufi>KW489174kj</eramGufi>
    <sfdpsGufi>us.fdps.2026-06-24T13:35:17Z.000/22/4kj</sfdpsGufi>
    <departureAirport>KDCA</departureAirport>
    <destinationAirport>KCID</destinationAirport>
  </enhancedData>
</record>

=== 16:41:58.483 T75 SWA733 ===
<record>
  <recSeqNum>12871</recSeqNum>
  <recSrc>A</recSrc>
  <recType>210</recType>
  <recSTARSTimestamp>60118130</recSTARSTimestamp>
  <recSTARSSrcID>0</recSTARSSrcID>
  <recSTARSTimeSync>true</recSTARSTimeSync>
  <recSAFAReceiptTime>2026-06-24T16:41:58.140Z</recSAFAReceiptTime>
  <recSAFATimeSync>true</recSAFATimeSync>
  <track>
    <trackNum>3303</trackNum>
    <mrtTime>2026-06-24T16:41:57.813Z</mrtTime>
    <status>active</status>
    <acAddress>a2bb10</acAddress>
    <xPos>775529</xPos>
    <yPos>402045</yPos>
    <lat>38.58319</lat>
    <lon>-90.1205</lon>
    <vVert>-1649</vVert>
    <vx>-58</vx>
    <vy>269</vy>
    <vVertRaw>-1126</vVertRaw>
    <vxRaw>-266</vxRaw>
    <vyRaw>1223</vyRaw>
    <frozen>0</frozen>
    <new>0</new>
    <pseudo>0</pseudo>
    <adsb>1</adsb>
    <reportedBeaconCode>1144</reportedBeaconCode>
    <reportedAltitude>4300</reportedAltitude>
  </track>
  <flightPlan>
    <sfpn>296</sfpn>
    <ocr>normal handoff</ocr>
    <rnav>1</rnav>
    <scratchPad1>VAR</scratchPad1>
    <cps>1N</cps>
    <runway>VAR</runway>
    <assignedBeaconCode>1144</assignedBeaconCode>
    <requestedAltitude>0</requestedAltitude>
    <assignedAltitude>10000</assignedAltitude>
    <category>F</category>
    <dbi></dbi>
    <acid>SWA733</acid>
    <acType>B737</acType>
    <entryFix>BOO</entryFix>
    <exitFix>STL</exitFix>
    <airport>STL</airport>
    <flightRules>IFR</flightRules>
    <rawFlightRules></rawFlightRules>
    <type>A</type>
    <ptdTime>1635</ptdTime>
    <status>active</status>
    <delete>0</delete>
    <suspended>0</suspended>
    <lld>NE</lld>
    <ECID>939</ECID>
    <eqptSuffix>unavailable</eqptSuffix>
  </flightPlan>
  <enhancedData>
    <eramGufi>KW461134Iw</eramGufi>
    <sfdpsGufi>us.fdps.2026-06-24T12:48:33Z.000/22/4Iw</sfdpsGufi>
    <departureAirport>KBWI</departureAirport>
    <destinationAirport>KSTL</destinationAirport>
  </enhancedData>
</record>

=== 16:41:59.672 CID ENY3462 ===
<record>
  <recSeqNum>43792</recSeqNum>
  <recSrc>A</recSrc>
  <recType>210</recType>
  <recSTARSTimestamp>60119230</recSTARSTimestamp>
  <recSTARSSrcID>0</recSTARSSrcID>
  <recSTARSTimeSync>true</recSTARSTimeSync>
  <recSAFAReceiptTime>2026-06-24T16:41:59.263Z</recSAFAReceiptTime>
  <recSAFATimeSync>true</recSAFATimeSync>
  <track>
    <trackNum>344</trackNum>
    <mrtTime>2026-06-24T16:41:58.807Z</mrtTime>
    <status>active</status>
    <acAddress>a234ef</acAddress>
    <xPos>763418</xPos>
    <yPos>454709</yPos>
    <lat>41.54058</lat>
    <lon>-90.72992</lon>
    <vVert>-1402</vVert>
    <vx>-275</vx>
    <vy>126</vy>
    <vVertRaw>-957</vVertRaw>
    <vxRaw>-1251</vxRaw>
    <vyRaw>575</vyRaw>
    <frozen>0</frozen>
    <new>0</new>
    <pseudo>0</pseudo>
    <adsb>1</adsb>
    <reportedBeaconCode>6504</reportedBeaconCode>
    <reportedAltitude>14600</reportedAltitude>
  </track>
  <flightPlan>
    <sfpn>626</sfpn>
    <ocr>pending</ocr>
    <rnav>0</rnav>
    <scratchPad1>CID</scratchPad1>
    <cps>1T</cps>
    <runway>CID</runway>
    <assignedBeaconCode>6504</assignedBeaconCode>
    <requestedAltitude>0</requestedAltitude>
    <assignedAltitude>29000</assignedAltitude>
    <category>G</category>
    <dbi></dbi>
    <acid>ENY3462</acid>
    <acType>E170</acType>
    <entryFix>MLI</entryFix>
    <exitFix>CID</exitFix>
    <airport>CID</airport>
    <flightRules>IFR</flightRules>
    <rawFlightRules></rawFlightRules>
    <type>A</type>
    <ptdTime>1647</ptdTime>
    <status>active</status>
    <delete>0</delete>
    <suspended>0</suspended>
    <lld>N</lld>
    <ECID>939</ECID>
    <eqptSuffix>unavailable</eqptSuffix>
  </flightPlan>
  <enhancedData>
    <eramGufi>KW489174kj</eramGufi>
    <sfdpsGufi>us.fdps.2026-06-24T13:35:17Z.000/22/4kj</sfdpsGufi>
    <departureAirport>KDCA</departureAirport>
    <destinationAirport>KCID</destinationAirport>
  </enhancedData>
</record>

=== 16:42:03.872 CID ENY3462 ===
<record>
  <recSeqNum>43926</recSeqNum>
  <recSrc>A</recSrc>
  <recType>210</recType>
  <recSTARSTimestamp>60123420</recSTARSTimestamp>
  <recSTARSSrcID>0</recSTARSSrcID>
  <recSTARSTimeSync>true</recSTARSTimeSync>
  <recSAFAReceiptTime>2026-06-24T16:42:03.467Z</recSAFAReceiptTime>
  <recSAFATimeSync>true</recSAFATimeSync>
  <track>
    <trackNum>344</trackNum>
    <mrtTime>2026-06-24T16:42:03.070Z</mrtTime>
    <status>active</status>
    <acAddress>a234ef</acAddress>
    <xPos>763337</xPos>
    <yPos>454747</yPos>
    <lat>41.54311</lat>
    <lon>-90.73689</lon>
    <vVert>-1389</vVert>
    <vx>-271</vx>
    <vy>125</vy>
    <vVertRaw>-948</vVertRaw>
    <vxRaw>-1234</vxRaw>
    <vyRaw>569</vyRaw>
    <frozen>0</frozen>
    <new>0</new>
    <pseudo>0</pseudo>
    <adsb>1</adsb>
    <reportedBeaconCode>6504</reportedBeaconCode>
    <reportedAltitude>14500</reportedAltitude>
  </track>
  <flightPlan>
    <sfpn>626</sfpn>
    <ocr>pending</ocr>
    <rnav>0</rnav>
    <scratchPad1>CID</scratchPad1>
    <cps>1T</cps>
    <runway>CID</runway>
    <assignedBeaconCode>6504</assignedBeaconCode>
    <requestedAltitude>0</requestedAltitude>
    <assignedAltitude>29000</assignedAltitude>
    <category>G</category>
    <dbi></dbi>
    <acid>ENY3462</acid>
    <acType>E170</acType>
    <entryFix>MLI</entryFix>
    <exitFix>CID</exitFix>
    <airport>CID</airport>
    <flightRules>IFR</flightRules>
    <rawFlightRules></rawFlightRules>
    <type>A</type>
    <ptdTime>1647</ptdTime>
    <status>active</status>
    <delete>0</delete>
    <suspended>0</suspended>
    <lld>N</lld>
    <ECID>939</ECID>
    <eqptSuffix>unavailable</eqptSuffix>
  </flightPlan>
  <enhancedData>
    <eramGufi>KW489174kj</eramGufi>
    <sfdpsGufi>us.fdps.2026-06-24T13:35:17Z.000/22/4kj</sfdpsGufi>
    <departureAirport>KDCA</departureAirport>
    <destinationAirport>KCID</destinationAirport>
  </enhancedData>
</record>

=== 16:42:07.210 T75 SWA733 ===
<record>
  <recSeqNum>13167</recSeqNum>
  <recSrc>A</recSrc>
  <recType>210</recType>
  <recSTARSTimestamp>60126990</recSTARSTimestamp>
  <recSTARSSrcID>0</recSTARSSrcID>
  <recSTARSTimeSync>true</recSTARSTimeSync>
  <recSAFAReceiptTime>2026-06-24T16:42:06.999Z</recSAFAReceiptTime>
  <recSAFATimeSync>true</recSAFATimeSync>
  <track>
    <trackNum>3303</trackNum>
    <mrtTime>2026-06-24T16:42:05.904Z</mrtTime>
    <status>active</status>
    <acAddress>a2bb10</acAddress>
    <xPos>775469</xPos>
    <yPos>402191</yPos>
    <lat>38.59269</lat>
    <lon>-90.12553</lon>
    <vVert>-1636</vVert>
    <vx>-123</vx>
    <vy>243</vy>
    <vVertRaw>-1117</vVertRaw>
    <vxRaw>-558</vxRaw>
    <vyRaw>1107</vyRaw>
    <frozen>0</frozen>
    <new>0</new>
    <pseudo>0</pseudo>
    <adsb>1</adsb>
    <reportedBeaconCode>1144</reportedBeaconCode>
    <reportedAltitude>4100</reportedAltitude>
  </track>
  <flightPlan>
    <sfpn>296</sfpn>
    <ocr>normal handoff</ocr>
    <rnav>1</rnav>
    <scratchPad1>VAR</scratchPad1>
    <cps>1N</cps>
    <runway>VAR</runway>
    <assignedBeaconCode>1144</assignedBeaconCode>
    <requestedAltitude>0</requestedAltitude>
    <assignedAltitude>10000</assignedAltitude>
    <category>F</category>
    <dbi></dbi>
    <acid>SWA733</acid>
    <acType>B737</acType>
    <entryFix>BOO</entryFix>
    <exitFix>STL</exitFix>
    <airport>STL</airport>
    <flightRules>IFR</flightRules>
    <rawFlightRules></rawFlightRules>
    <type>A</type>
    <ptdTime>1635</ptdTime>
    <status>active</status>
    <delete>0</delete>
    <suspended>0</suspended>
    <lld>NE</lld>
    <ECID>939</ECID>
    <eqptSuffix>unavailable</eqptSuffix>
  </flightPlan>
  <enhancedData>
    <eramGufi>KW461134Iw</eramGufi>
    <sfdpsGufi>us.fdps.2026-06-24T12:48:33Z.000/22/4Iw</sfdpsGufi>
    <departureAirport>KBWI</departureAirport>
    <destinationAirport>KSTL</destinationAirport>
  </enhancedData>
</record>

=== 16:42:08.420 CID ENY3462 ===
<record>
  <recSeqNum>44056</recSeqNum>
  <recSrc>A</recSrc>
  <recType>210</recType>
  <recSTARSTimestamp>60128120</recSTARSTimestamp>
  <recSTARSSrcID>0</recSTARSSrcID>
  <recSTARSTimeSync>true</recSTARSTimeSync>
  <recSAFAReceiptTime>2026-06-24T16:42:08.165Z</recSAFAReceiptTime>
  <recSAFATimeSync>true</recSAFATimeSync>
  <track>
    <trackNum>344</trackNum>
    <mrtTime>2026-06-24T16:42:06.883Z</mrtTime>
    <status>active</status>
    <acAddress>a234ef</acAddress>
    <xPos>763264</xPos>
    <yPos>454781</yPos>
    <lat>41.54539</lat>
    <lon>-90.74319</lon>
    <vVert>-1396</vVert>
    <vx>-270</vx>
    <vy>124</vy>
    <vVertRaw>-953</vVertRaw>
    <vxRaw>-1228</vxRaw>
    <vyRaw>565</vyRaw>
    <frozen>0</frozen>
    <new>0</new>
    <pseudo>0</pseudo>
    <adsb>1</adsb>
    <reportedBeaconCode>6504</reportedBeaconCode>
    <reportedAltitude>14400</reportedAltitude>
  </track>
  <flightPlan>
    <sfpn>626</sfpn>
    <ocr>pending</ocr>
    <rnav>0</rnav>
    <scratchPad1>CID</scratchPad1>
    <cps>1T</cps>
    <runway>CID</runway>
    <assignedBeaconCode>6504</assignedBeaconCode>
    <requestedAltitude>0</requestedAltitude>
    <assignedAltitude>29000</assignedAltitude>
    <category>G</category>
    <dbi></dbi>
    <acid>ENY3462</acid>
    <acType>E170</acType>
    <entryFix>MLI</entryFix>
    <exitFix>CID</exitFix>
    <airport>CID</airport>
    <flightRules>IFR</flightRules>
    <rawFlightRules></rawFlightRules>
    <type>A</type>
    <ptdTime>1647</ptdTime>
    <status>active</status>
    <delete>0</delete>
    <suspended>0</suspended>
    <lld>N</lld>
    <ECID>939</ECID>
    <eqptSuffix>unavailable</eqptSuffix>
  </flightPlan>
  <enhancedData>
    <eramGufi>KW489174kj</eramGufi>
    <sfdpsGufi>us.fdps.2026-06-24T13:35:17Z.000/22/4kj</sfdpsGufi>
    <departureAirport>KDCA</departureAirport>
    <destinationAirport>KCID</destinationAirport>
  </enhancedData>
</record>

=== 16:42:11.761 T75 SWA733 ===
<record>
  <recSeqNum>13312</recSeqNum>
  <recSrc>A</recSrc>
  <recType>210</recType>
  <recSTARSTimestamp>60131310</recSTARSTimestamp>
  <recSTARSSrcID>0</recSTARSSrcID>
  <recSTARSTimeSync>true</recSTARSTimeSync>
  <recSAFAReceiptTime>2026-06-24T16:42:11.353Z</recSAFAReceiptTime>
  <recSAFATimeSync>true</recSAFATimeSync>
  <track>
    <trackNum>3303</trackNum>
    <mrtTime>2026-06-24T16:42:11.035Z</mrtTime>
    <status>active</status>
    <acAddress>a2bb10</acAddress>
    <xPos>775421</xPos>
    <yPos>402278</yPos>
    <lat>38.59833</lat>
    <lon>-90.12953</lon>
    <vVert>-1638</vVert>
    <vx>-131</vx>
    <vy>238</vy>
    <vVertRaw>-1118</vVertRaw>
    <vxRaw>-596</vxRaw>
    <vyRaw>1082</vyRaw>
    <frozen>0</frozen>
    <new>0</new>
    <pseudo>0</pseudo>
    <adsb>1</adsb>
    <reportedBeaconCode>1144</reportedBeaconCode>
    <reportedAltitude>3900</reportedAltitude>
  </track>
  <flightPlan>
    <sfpn>296</sfpn>
    <ocr>normal handoff</ocr>
    <rnav>1</rnav>
    <scratchPad1>VAR</scratchPad1>
    <cps>1N</cps>
    <runway>VAR</runway>
    <assignedBeaconCode>1144</assignedBeaconCode>
    <requestedAltitude>0</requestedAltitude>
    <assignedAltitude>10000</assignedAltitude>
    <category>F</category>
    <dbi></dbi>
    <acid>SWA733</acid>
    <acType>B737</acType>
    <entryFix>BOO</entryFix>
    <exitFix>STL</exitFix>
    <airport>STL</airport>
    <flightRules>IFR</flightRules>
    <rawFlightRules></rawFlightRules>
    <type>A</type>
    <ptdTime>1635</ptdTime>
    <status>active</status>
    <delete>0</delete>
    <suspended>0</suspended>
    <lld>NE</lld>
    <ECID>939</ECID>
    <eqptSuffix>unavailable</eqptSuffix>
  </flightPlan>
  <enhancedData>
    <eramGufi>KW461134Iw</eramGufi>
    <sfdpsGufi>us.fdps.2026-06-24T12:48:33Z.000/22/4Iw</sfdpsGufi>
    <departureAirport>KBWI</departureAirport>
    <destinationAirport>KSTL</destinationAirport>
  </enhancedData>
</record>

=== 16:42:13.638 CID ENY3462 ===
<record>
  <recSeqNum>44221</recSeqNum>
  <recSrc>A</recSrc>
  <recType>210</recType>
  <recSTARSTimestamp>60133170</recSTARSTimestamp>
  <recSTARSSrcID>0</recSTARSSrcID>
  <recSTARSTimeSync>true</recSTARSTimeSync>
  <recSAFAReceiptTime>2026-06-24T16:42:13.177Z</recSAFAReceiptTime>
  <recSAFATimeSync>true</recSAFATimeSync>
  <track>
    <trackNum>344</trackNum>
    <mrtTime>2026-06-24T16:42:12.813Z</mrtTime>
    <status>active</status>
    <acAddress>a234ef</acAddress>
    <xPos>763152</xPos>
    <yPos>454832</yPos>
    <lat>41.54878</lat>
    <lon>-90.75286</lon>
    <vVert>-1387</vVert>
    <vx>-267</vx>
    <vy>123</vy>
    <vVertRaw>-947</vVertRaw>
    <vxRaw>-1217</vxRaw>
    <vyRaw>560</vyRaw>
    <frozen>0</frozen>
    <new>0</new>
    <pseudo>0</pseudo>
    <adsb>1</adsb>
    <reportedBeaconCode>6504</reportedBeaconCode>
    <reportedAltitude>14300</reportedAltitude>
  </track>
  <flightPlan>
    <sfpn>626</sfpn>
    <ocr>pending</ocr>
    <rnav>0</rnav>
    <scratchPad1>CID</scratchPad1>
    <cps>1T</cps>
    <runway>CID</runway>
    <assignedBeaconCode>6504</assignedBeaconCode>
    <requestedAltitude>0</requestedAltitude>
    <assignedAltitude>29000</assignedAltitude>
    <category>G</category>
    <dbi></dbi>
    <acid>ENY3462</acid>
    <acType>E170</acType>
    <entryFix>MLI</entryFix>
    <exitFix>CID</exitFix>
    <airport>CID</airport>
    <flightRules>IFR</flightRules>
    <rawFlightRules></rawFlightRules>
    <type>A</type>
    <ptdTime>1647</ptdTime>
    <status>active</status>
    <delete>0</delete>
    <suspended>0</suspended>
    <lld>N</lld>
    <ECID>939</ECID>
    <eqptSuffix>unavailable</eqptSuffix>
  </flightPlan>
  <enhancedData>
    <eramGufi>KW489174kj</eramGufi>
    <sfdpsGufi>us.fdps.2026-06-24T13:35:17Z.000/22/4kj</sfdpsGufi>
    <departureAirport>KDCA</departureAirport>
    <destinationAirport>KCID</destinationAirport>
  </enhancedData>
</record>

=== 16:42:14.355 CID ENY3462 ===
<record>
  <recSeqNum>44246</recSeqNum>
  <recSrc>A</recSrc>
  <recType>210</recType>
  <recSTARSTimestamp>60134060</recSTARSTimestamp>
  <recSTARSSrcID>0</recSTARSSrcID>
  <recSTARSTimeSync>true</recSTARSTimeSync>
  <recSAFAReceiptTime>2026-06-24T16:42:14.072Z</recSAFAReceiptTime>
  <recSAFATimeSync>true</recSAFATimeSync>
  <track>
    <trackNum>344</trackNum>
    <mrtTime>2026-06-24T16:42:12.813Z</mrtTime>
    <status>active</status>
    <acAddress>a234ef</acAddress>
    <xPos>763152</xPos>
    <yPos>454832</yPos>
    <lat>41.54878</lat>
    <lon>-90.75286</lon>
    <vVert>-1387</vVert>
    <vx>-267</vx>
    <vy>123</vy>
    <vVertRaw>-947</vVertRaw>
    <vxRaw>-1217</vxRaw>
    <vyRaw>560</vyRaw>
    <frozen>0</frozen>
    <new>0</new>
    <pseudo>0</pseudo>
    <adsb>1</adsb>
    <reportedBeaconCode>6504</reportedBeaconCode>
    <reportedAltitude>14300</reportedAltitude>
  </track>
  <flightPlan>
    <sfpn>626</sfpn>
    <ocr>pending</ocr>
    <rnav>0</rnav>
    <scratchPad1>CID</scratchPad1>
    <cps>1T</cps>
    <runway>CID</runway>
    <assignedBeaconCode>6504</assignedBeaconCode>
    <requestedAltitude>0</requestedAltitude>
    <assignedAltitude>29000</assignedAltitude>
    <category>G</category>
    <dbi></dbi>
    <acid>ENY3462</acid>
    <acType>E170</acType>
    <entryFix>MLI</entryFix>
    <exitFix>CID</exitFix>
    <airport>CID</airport>
    <flightRules>IFR</flightRules>
    <rawFlightRules></rawFlightRules>
    <type>A</type>
    <ptdTime>1647</ptdTime>
    <status>active</status>
    <delete>0</delete>
    <suspended>0</suspended>
    <lld>N</lld>
    <ECID>939</ECID>
    <eqptSuffix>unavailable</eqptSuffix>
  </flightPlan>
  <enhancedData>
    <eramGufi>KW489174kj</eramGufi>
    <sfdpsGufi>us.fdps.2026-06-24T13:35:17Z.000/22/4kj</sfdpsGufi>
    <departureAirport>KDCA</departureAirport>
    <destinationAirport>KCID</destinationAirport>
  </enhancedData>
</record>

=== 16:42:15.964 T75 SWA733 ===
<record>
  <recSeqNum>13450</recSeqNum>
  <recSrc>A</recSrc>
  <recType>210</recType>
  <recSTARSTimestamp>60135540</recSTARSTimestamp>
  <recSTARSSrcID>0</recSTARSSrcID>
  <recSTARSTimeSync>true</recSTARSTimeSync>
  <recSAFAReceiptTime>2026-06-24T16:42:15.556Z</recSAFAReceiptTime>
  <recSAFATimeSync>true</recSAFATimeSync>
  <track>
    <trackNum>3303</trackNum>
    <mrtTime>2026-06-24T16:42:15.221Z</mrtTime>
    <status>active</status>
    <acAddress>a2bb10</acAddress>
    <xPos>775382</xPos>
    <yPos>402349</yPos>
    <lat>38.60297</lat>
    <lon>-90.13278</lon>
    <vVert>-1477</vVert>
    <vx>-131</vx>
    <vy>238</vy>
    <vVertRaw>-1008</vVertRaw>
    <vxRaw>-598</vxRaw>
    <vyRaw>1082</vyRaw>
    <frozen>0</frozen>
    <new>0</new>
    <pseudo>0</pseudo>
    <adsb>1</adsb>
    <reportedBeaconCode>1144</reportedBeaconCode>
    <reportedAltitude>3900</reportedAltitude>
  </track>
  <flightPlan>
    <sfpn>296</sfpn>
    <ocr>normal handoff</ocr>
    <rnav>1</rnav>
    <scratchPad1>VAR</scratchPad1>
    <cps>1N</cps>
    <runway>VAR</runway>
    <assignedBeaconCode>1144</assignedBeaconCode>
    <requestedAltitude>0</requestedAltitude>
    <assignedAltitude>10000</assignedAltitude>
    <category>F</category>
    <dbi></dbi>
    <acid>SWA733</acid>
    <acType>B737</acType>
    <entryFix>BOO</entryFix>
    <exitFix>STL</exitFix>
    <airport>STL</airport>
    <flightRules>IFR</flightRules>
    <rawFlightRules></rawFlightRules>
    <type>A</type>
    <ptdTime>1635</ptdTime>
    <status>active</status>
    <delete>0</delete>
    <suspended>0</suspended>
    <lld>NE</lld>
    <ECID>939</ECID>
    <eqptSuffix>unavailable</eqptSuffix>
  </flightPlan>
  <enhancedData>
    <eramGufi>KW461134Iw</eramGufi>
    <sfdpsGufi>us.fdps.2026-06-24T12:48:33Z.000/22/4Iw</sfdpsGufi>
    <departureAirport>KBWI</departureAirport>
    <destinationAirport>KSTL</destinationAirport>
  </enhancedData>
</record>

=== 16:42:17.521 CID ENY3462 ===
<record>
  <recSeqNum>44338</recSeqNum>
  <recSrc>A</recSrc>
  <recType>210</recType>
  <recSTARSTimestamp>60137240</recSTARSTimestamp>
  <recSTARSSrcID>0</recSTARSSrcID>
  <recSTARSTimeSync>true</recSTARSTimeSync>
  <recSAFAReceiptTime>2026-06-24T16:42:17.281Z</recSAFAReceiptTime>
  <recSAFATimeSync>true</recSAFATimeSync>
  <track>
    <trackNum>344</trackNum>
    <mrtTime>2026-06-24T16:42:16.836Z</mrtTime>
    <status>active</status>
    <acAddress>a234ef</acAddress>
    <xPos>763077</xPos>
    <yPos>454867</yPos>
    <lat>41.55111</lat>
    <lon>-90.75931</lon>
    <vVert>-1390</vVert>
    <vx>-266</vx>
    <vy>122</vy>
    <vVertRaw>-949</vVertRaw>
    <vxRaw>-1209</vxRaw>
    <vyRaw>557</vyRaw>
    <frozen>0</frozen>
    <new>0</new>
    <pseudo>0</pseudo>
    <adsb>1</adsb>
    <reportedBeaconCode>6504</reportedBeaconCode>
    <reportedAltitude>14200</reportedAltitude>
  </track>
  <flightPlan>
    <sfpn>626</sfpn>
    <ocr>pending</ocr>
    <rnav>0</rnav>
    <scratchPad1>CID</scratchPad1>
    <cps>1T</cps>
    <runway>CID</runway>
    <assignedBeaconCode>6504</assignedBeaconCode>
    <requestedAltitude>0</requestedAltitude>
    <assignedAltitude>29000</assignedAltitude>
    <category>G</category>
    <dbi></dbi>
    <acid>ENY3462</acid>
    <acType>E170</acType>
    <entryFix>MLI</entryFix>
    <exitFix>CID</exitFix>
    <airport>CID</airport>
    <flightRules>IFR</flightRules>
    <rawFlightRules></rawFlightRules>
    <type>A</type>
    <ptdTime>1647</ptdTime>
    <status>active</status>
    <delete>0</delete>
    <suspended>0</suspended>
    <lld>N</lld>
    <ECID>939</ECID>
    <eqptSuffix>unavailable</eqptSuffix>
  </flightPlan>
  <enhancedData>
    <eramGufi>KW489174kj</eramGufi>
    <sfdpsGufi>us.fdps.2026-06-24T13:35:17Z.000/22/4kj</sfdpsGufi>
    <departureAirport>KDCA</departureAirport>
    <destinationAirport>KCID</destinationAirport>
  </enhancedData>
</record>

=== 16:42:22.436 CID ENY3462 ===
<record>
  <recSeqNum>44490</recSeqNum>
  <recSrc>A</recSrc>
  <recType>210</recType>
  <recSTARSTimestamp>60142170</recSTARSTimestamp>
  <recSTARSSrcID>0</recSTARSSrcID>
  <recSTARSTimeSync>true</recSTARSTimeSync>
  <recSAFAReceiptTime>2026-06-24T16:42:22.190Z</recSAFAReceiptTime>
  <recSAFATimeSync>true</recSAFATimeSync>
  <track>
    <trackNum>344</trackNum>
    <mrtTime>2026-06-24T16:42:21.783Z</mrtTime>
    <status>active</status>
    <acAddress>a234ef</acAddress>
    <xPos>762984</xPos>
    <yPos>454910</yPos>
    <lat>41.554</lat>
    <lon>-90.76733</lon>
    <vVert>-1383</vVert>
    <vx>-264</vx>
    <vy>122</vy>
    <vVertRaw>-944</vVertRaw>
    <vxRaw>-1201</vxRaw>
    <vyRaw>553</vyRaw>
    <frozen>0</frozen>
    <new>0</new>
    <pseudo>0</pseudo>
    <adsb>1</adsb>
    <reportedBeaconCode>6504</reportedBeaconCode>
    <reportedAltitude>14100</reportedAltitude>
  </track>
  <flightPlan>
    <sfpn>626</sfpn>
    <ocr>pending</ocr>
    <rnav>0</rnav>
    <scratchPad1>CID</scratchPad1>
    <cps>1T</cps>
    <runway>CID</runway>
    <assignedBeaconCode>6504</assignedBeaconCode>
    <requestedAltitude>0</requestedAltitude>
    <assignedAltitude>29000</assignedAltitude>
    <category>G</category>
    <dbi></dbi>
    <acid>ENY3462</acid>
    <acType>E170</acType>
    <entryFix>MLI</entryFix>
    <exitFix>CID</exitFix>
    <airport>CID</airport>
    <flightRules>IFR</flightRules>
    <rawFlightRules></rawFlightRules>
    <type>A</type>
    <ptdTime>1647</ptdTime>
    <status>active</status>
    <delete>0</delete>
    <suspended>0</suspended>
    <lld>N</lld>
    <ECID>939</ECID>
    <eqptSuffix>unavailable</eqptSuffix>
  </flightPlan>
  <enhancedData>
    <eramGufi>KW489174kj</eramGufi>
    <sfdpsGufi>us.fdps.2026-06-24T13:35:17Z.000/22/4kj</sfdpsGufi>
    <departureAirport>KDCA</departureAirport>
    <destinationAirport>KCID</destinationAirport>
  </enhancedData>
</record>

=== 16:42:32.572 CID ENY3462 ===
<record>
  <recSeqNum>44799</recSeqNum>
  <recSrc>A</recSrc>
  <recType>210</recType>
  <recSTARSTimestamp>60152070</recSTARSTimestamp>
  <recSTARSSrcID>0</recSTARSSrcID>
  <recSTARSTimeSync>true</recSTARSTimeSync>
  <recSAFAReceiptTime>2026-06-24T16:42:32.100Z</recSAFAReceiptTime>
  <recSAFATimeSync>true</recSAFATimeSync>
  <track>
    <trackNum>344</trackNum>
    <mrtTime>2026-06-24T16:42:30.743Z</mrtTime>
    <status>active</status>
    <acAddress>a234ef</acAddress>
    <xPos>762820</xPos>
    <yPos>454985</yPos>
    <lat>41.559</lat>
    <lon>-90.7815</lon>
    <vVert>-1380</vVert>
    <vx>-259</vx>
    <vy>120</vy>
    <vVertRaw>-942</vVertRaw>
    <vxRaw>-1180</vxRaw>
    <vyRaw>544</vyRaw>
    <frozen>0</frozen>
    <new>0</new>
    <pseudo>0</pseudo>
    <adsb>1</adsb>
    <reportedBeaconCode>6504</reportedBeaconCode>
    <reportedAltitude>13900</reportedAltitude>
  </track>
  <flightPlan>
    <sfpn>626</sfpn>
    <ocr>pending</ocr>
    <rnav>0</rnav>
    <scratchPad1>CID</scratchPad1>
    <cps>1T</cps>
    <runway>CID</runway>
    <assignedBeaconCode>6504</assignedBeaconCode>
    <requestedAltitude>0</requestedAltitude>
    <assignedAltitude>29000</assignedAltitude>
    <category>G</category>
    <dbi></dbi>
    <acid>ENY3462</acid>
    <acType>E170</acType>
    <entryFix>MLI</entryFix>
    <exitFix>CID</exitFix>
    <airport>CID</airport>
    <flightRules>IFR</flightRules>
    <rawFlightRules></rawFlightRules>
    <type>A</type>
    <ptdTime>1647</ptdTime>
    <status>active</status>
    <delete>0</delete>
    <suspended>0</suspended>
    <lld>N</lld>
    <ECID>939</ECID>
    <eqptSuffix>unavailable</eqptSuffix>
  </flightPlan>
  <enhancedData>
    <eramGufi>KW489174kj</eramGufi>
    <sfdpsGufi>us.fdps.2026-06-24T13:35:17Z.000/22/4kj</sfdpsGufi>
    <departureAirport>KDCA</departureAirport>
    <destinationAirport>KCID</destinationAirport>
  </enhancedData>
</record>

=== 16:42:34.673 CID ENY3462 ===
<record>
  <recSeqNum>44867</recSeqNum>
  <recSrc>A</recSrc>
  <recType>210</recType>
  <recSTARSTimestamp>60154330</recSTARSTimestamp>
  <recSTARSSrcID>0</recSTARSSrcID>
  <recSTARSTimeSync>true</recSTARSTimeSync>
  <recSAFAReceiptTime>2026-06-24T16:42:34.353Z</recSAFAReceiptTime>
  <recSAFATimeSync>true</recSAFATimeSync>
  <track>
    <trackNum>344</trackNum>
    <mrtTime>2026-06-24T16:42:33.934Z</mrtTime>
    <status>active</status>
    <acAddress>a234ef</acAddress>
    <xPos>762762</xPos>
    <yPos>455012</yPos>
    <lat>41.56078</lat>
    <lon>-90.7865</lon>
    <vVert>-1377</vVert>
    <vx>-258</vx>
    <vy>119</vy>
    <vVertRaw>-940</vVertRaw>
    <vxRaw>-1174</vxRaw>
    <vyRaw>540</vyRaw>
    <frozen>0</frozen>
    <new>0</new>
    <pseudo>0</pseudo>
    <adsb>1</adsb>
    <reportedBeaconCode>6504</reportedBeaconCode>
    <reportedAltitude>13800</reportedAltitude>
  </track>
  <flightPlan>
    <sfpn>626</sfpn>
    <ocr>pending</ocr>
    <rnav>0</rnav>
    <scratchPad1>CID</scratchPad1>
    <cps>1T</cps>
    <runway>CID</runway>
    <assignedBeaconCode>6504</assignedBeaconCode>
    <requestedAltitude>0</requestedAltitude>
    <assignedAltitude>29000</assignedAltitude>
    <category>G</category>
    <dbi></dbi>
    <acid>ENY3462</acid>
    <acType>E170</acType>
    <entryFix>MLI</entryFix>
    <exitFix>CID</exitFix>
    <airport>CID</airport>
    <flightRules>IFR</flightRules>
    <rawFlightRules></rawFlightRules>
    <type>A</type>
    <ptdTime>1647</ptdTime>
    <status>active</status>
    <delete>0</delete>
    <suspended>0</suspended>
    <lld>N</lld>
    <ECID>939</ECID>
    <eqptSuffix>unavailable</eqptSuffix>
  </flightPlan>
  <enhancedData>
    <eramGufi>KW489174kj</eramGufi>
    <sfdpsGufi>us.fdps.2026-06-24T13:35:17Z.000/22/4kj</sfdpsGufi>
    <departureAirport>KDCA</departureAirport>
    <destinationAirport>KCID</destinationAirport>
  </enhancedData>
</record>

=== 16:42:39.554 CID ENY3462 ===
<record>
  <recSeqNum>45024</recSeqNum>
  <recSrc>A</recSrc>
  <recType>210</recType>
  <recSTARSTimestamp>60159120</recSTARSTimestamp>
  <recSTARSSrcID>0</recSTARSSrcID>
  <recSTARSTimeSync>true</recSTARSTimeSync>
  <recSAFAReceiptTime>2026-06-24T16:42:39.161Z</recSAFAReceiptTime>
  <recSAFATimeSync>true</recSAFATimeSync>
  <track>
    <trackNum>344</trackNum>
    <mrtTime>2026-06-24T16:42:37.938Z</mrtTime>
    <status>active</status>
    <acAddress>a234ef</acAddress>
    <xPos>762690</xPos>
    <yPos>455045</yPos>
    <lat>41.563</lat>
    <lon>-90.79272</lon>
    <vVert>-1373</vVert>
    <vx>-256</vx>
    <vy>118</vy>
    <vVertRaw>-937</vVertRaw>
    <vxRaw>-1167</vxRaw>
    <vyRaw>537</vyRaw>
    <frozen>0</frozen>
    <new>0</new>
    <pseudo>0</pseudo>
    <adsb>1</adsb>
    <reportedBeaconCode>6504</reportedBeaconCode>
    <reportedAltitude>13700</reportedAltitude>
  </track>
  <flightPlan>
    <sfpn>626</sfpn>
    <ocr>pending</ocr>
    <rnav>0</rnav>
    <scratchPad1>CID</scratchPad1>
    <cps>1T</cps>
    <runway>CID</runway>
    <assignedBeaconCode>6504</assignedBeaconCode>
    <requestedAltitude>0</requestedAltitude>
    <assignedAltitude>29000</assignedAltitude>
    <category>G</category>
    <dbi></dbi>
    <acid>ENY3462</acid>
    <acType>E170</acType>
    <entryFix>MLI</entryFix>
    <exitFix>CID</exitFix>
    <airport>CID</airport>
    <flightRules>IFR</flightRules>
    <rawFlightRules></rawFlightRules>
    <type>A</type>
    <ptdTime>1647</ptdTime>
    <status>active</status>
    <delete>0</delete>
    <suspended>0</suspended>
    <lld>N</lld>
    <ECID>939</ECID>
    <eqptSuffix>unavailable</eqptSuffix>
  </flightPlan>
  <enhancedData>
    <eramGufi>KW489174kj</eramGufi>
    <sfdpsGufi>us.fdps.2026-06-24T13:35:17Z.000/22/4kj</sfdpsGufi>
    <departureAirport>KDCA</departureAirport>
    <destinationAirport>KCID</destinationAirport>
  </enhancedData>
</record>

=== 16:42:43.415 CID ENY3462 ===
<record>
  <recSeqNum>45147</recSeqNum>
  <recSrc>A</recSrc>
  <recType>210</recType>
  <recSTARSTimestamp>60163180</recSTARSTimestamp>
  <recSTARSSrcID>0</recSTARSSrcID>
  <recSTARSTimeSync>true</recSTARSTimeSync>
  <recSAFAReceiptTime>2026-06-24T16:42:43.215Z</recSAFAReceiptTime>
  <recSAFATimeSync>true</recSAFATimeSync>
  <track>
    <trackNum>344</trackNum>
    <mrtTime>2026-06-24T16:42:42.712Z</mrtTime>
    <status>active</status>
    <acAddress>a234ef</acAddress>
    <xPos>762604</xPos>
    <yPos>455085</yPos>
    <lat>41.56567</lat>
    <lon>-90.80014</lon>
    <vVert>-1368</vVert>
    <vx>-255</vx>
    <vy>117</vy>
    <vVertRaw>-934</vVertRaw>
    <vxRaw>-1160</vxRaw>
    <vyRaw>532</vyRaw>
    <frozen>0</frozen>
    <new>0</new>
    <pseudo>0</pseudo>
    <adsb>1</adsb>
    <reportedBeaconCode>6504</reportedBeaconCode>
    <reportedAltitude>13600</reportedAltitude>
  </track>
  <flightPlan>
    <sfpn>626</sfpn>
    <ocr>pending</ocr>
    <rnav>0</rnav>
    <scratchPad1>CID</scratchPad1>
    <cps>1T</cps>
    <runway>CID</runway>
    <assignedBeaconCode>6504</assignedBeaconCode>
    <requestedAltitude>0</requestedAltitude>
    <assignedAltitude>29000</assignedAltitude>
    <category>G</category>
    <dbi></dbi>
    <acid>ENY3462</acid>
    <acType>E170</acType>
    <entryFix>MLI</entryFix>
    <exitFix>CID</exitFix>
    <airport>CID</airport>
    <flightRules>IFR</flightRules>
    <rawFlightRules></rawFlightRules>
    <type>A</type>
    <ptdTime>1647</ptdTime>
    <status>active</status>
    <delete>0</delete>
    <suspended>0</suspended>
    <lld>N</lld>
    <ECID>939</ECID>
    <eqptSuffix>unavailable</eqptSuffix>
  </flightPlan>
  <enhancedData>
    <eramGufi>KW489174kj</eramGufi>
    <sfdpsGufi>us.fdps.2026-06-24T13:35:17Z.000/22/4kj</sfdpsGufi>
    <departureAirport>KDCA</departureAirport>
    <destinationAirport>KCID</destinationAirport>
  </enhancedData>
</record>

=== 16:42:46.105 T75 SWA733 ===
<record>
  <recSeqNum>14455</recSeqNum>
  <recSrc>A</recSrc>
  <recType>210</recType>
  <recSTARSTimestamp>60165540</recSTARSTimestamp>
  <recSTARSSrcID>0</recSTARSSrcID>
  <recSTARSTimeSync>true</recSTARSTimeSync>
  <recSAFAReceiptTime>2026-06-24T16:42:45.541Z</recSAFAReceiptTime>
  <recSAFATimeSync>true</recSAFATimeSync>
  <track>
    <trackNum>3303</trackNum>
    <mrtTime>2026-06-24T16:42:45.118Z</mrtTime>
    <status>active</status>
    <acAddress>a2bb10</acAddress>
    <xPos>775121</xPos>
    <yPos>402833</yPos>
    <lat>38.63444</lat>
    <lon>-90.15458</lon>
    <vVert>-318</vVert>
    <vx>-119</vx>
    <vy>221</vy>
    <vVertRaw>-217</vVertRaw>
    <vxRaw>-541</vxRaw>
    <vyRaw>1004</vyRaw>
    <frozen>0</frozen>
    <new>0</new>
    <pseudo>0</pseudo>
    <adsb>1</adsb>
    <reportedBeaconCode>1144</reportedBeaconCode>
    <reportedAltitude>3600</reportedAltitude>
  </track>
  <flightPlan>
    <sfpn>296</sfpn>
    <ocr>normal handoff</ocr>
    <rnav>1</rnav>
    <scratchPad1>VAR</scratchPad1>
    <cps>1N</cps>
    <runway>VAR</runway>
    <assignedBeaconCode>1144</assignedBeaconCode>
    <requestedAltitude>0</requestedAltitude>
    <assignedAltitude>10000</assignedAltitude>
    <category>F</category>
    <dbi></dbi>
    <acid>SWA733</acid>
    <acType>B737</acType>
    <entryFix>BOO</entryFix>
    <exitFix>STL</exitFix>
    <airport>STL</airport>
    <flightRules>IFR</flightRules>
    <rawFlightRules></rawFlightRules>
    <type>A</type>
    <ptdTime>1635</ptdTime>
    <status>active</status>
    <delete>0</delete>
    <suspended>0</suspended>
    <lld>NE</lld>
    <ECID>939</ECID>
    <eqptSuffix>unavailable</eqptSuffix>
  </flightPlan>
  <enhancedData>
    <eramGufi>KW461134Iw</eramGufi>
    <sfdpsGufi>us.fdps.2026-06-24T12:48:33Z.000/22/4Iw</sfdpsGufi>
    <departureAirport>KBWI</departureAirport>
    <destinationAirport>KSTL</destinationAirport>
  </enhancedData>
</record>

=== 16:42:48.327 CID ENY3462 ===
<record>
  <recSeqNum>45293</recSeqNum>
  <recSrc>A</recSrc>
  <recType>210</recType>
  <recSTARSTimestamp>60167830</recSTARSTimestamp>
  <recSTARSSrcID>0</recSTARSSrcID>
  <recSTARSTimeSync>true</recSTARSTimeSync>
  <recSAFAReceiptTime>2026-06-24T16:42:47.872Z</recSAFAReceiptTime>
  <recSAFATimeSync>true</recSAFATimeSync>
  <track>
    <trackNum>344</trackNum>
    <mrtTime>2026-06-24T16:42:47.488Z</mrtTime>
    <status>active</status>
    <acAddress>a234ef</acAddress>
    <xPos>762518</xPos>
    <yPos>455124</yPos>
    <lat>41.56825</lat>
    <lon>-90.80756</lon>
    <vVert>-1362</vVert>
    <vx>-253</vx>
    <vy>117</vy>
    <vVertRaw>-930</vVertRaw>
    <vxRaw>-1151</vxRaw>
    <vyRaw>531</vyRaw>
    <frozen>0</frozen>
    <new>0</new>
    <pseudo>0</pseudo>
    <adsb>1</adsb>
    <reportedBeaconCode>6504</reportedBeaconCode>
    <reportedAltitude>13500</reportedAltitude>
  </track>
  <flightPlan>
    <sfpn>626</sfpn>
    <ocr>pending</ocr>
    <rnav>0</rnav>
    <scratchPad1>CID</scratchPad1>
    <cps>1T</cps>
    <runway>CID</runway>
    <assignedBeaconCode>6504</assignedBeaconCode>
    <requestedAltitude>0</requestedAltitude>
    <assignedAltitude>29000</assignedAltitude>
    <category>G</category>
    <dbi></dbi>
    <acid>ENY3462</acid>
    <acType>E170</acType>
    <entryFix>MLI</entryFix>
    <exitFix>CID</exitFix>
    <airport>CID</airport>
    <flightRules>IFR</flightRules>
    <rawFlightRules></rawFlightRules>
    <type>A</type>
    <ptdTime>1647</ptdTime>
    <status>active</status>
    <delete>0</delete>
    <suspended>0</suspended>
    <lld>N</lld>
    <ECID>939</ECID>
    <eqptSuffix>unavailable</eqptSuffix>
  </flightPlan>
  <enhancedData>
    <eramGufi>KW489174kj</eramGufi>
    <sfdpsGufi>us.fdps.2026-06-24T13:35:17Z.000/22/4kj</sfdpsGufi>
    <departureAirport>KDCA</departureAirport>
    <destinationAirport>KCID</destinationAirport>
  </enhancedData>
</record>

=== 16:42:50.647 T75 SWA733 ===
<record>
  <recSeqNum>14605</recSeqNum>
  <recSrc>A</recSrc>
  <recType>210</recType>
  <recSTARSTimestamp>60170190</recSTARSTimestamp>
  <recSTARSSrcID>0</recSTARSSrcID>
  <recSTARSTimeSync>true</recSTARSTimeSync>
  <recSAFAReceiptTime>2026-06-24T16:42:50.196Z</recSAFAReceiptTime>
  <recSAFATimeSync>true</recSAFATimeSync>
  <track>
    <trackNum>3303</trackNum>
    <mrtTime>2026-06-24T16:42:49.886Z</mrtTime>
    <status>active</status>
    <acAddress>a2bb10</acAddress>
    <xPos>775081</xPos>
    <yPos>402905</yPos>
    <lat>38.63914</lat>
    <lon>-90.15794</lon>
    <vVert>-385</vVert>
    <vx>-119</vx>
    <vy>215</vy>
    <vVertRaw>-263</vVertRaw>
    <vxRaw>-540</vxRaw>
    <vyRaw>978</vyRaw>
    <frozen>0</frozen>
    <new>0</new>
    <pseudo>0</pseudo>
    <adsb>1</adsb>
    <reportedBeaconCode>1144</reportedBeaconCode>
    <reportedAltitude>3500</reportedAltitude>
  </track>
  <flightPlan>
    <sfpn>296</sfpn>
    <ocr>normal handoff</ocr>
    <rnav>1</rnav>
    <scratchPad1>VAR</scratchPad1>
    <cps>1N</cps>
    <runway>VAR</runway>
    <assignedBeaconCode>1144</assignedBeaconCode>
    <requestedAltitude>0</requestedAltitude>
    <assignedAltitude>10000</assignedAltitude>
    <category>F</category>
    <dbi></dbi>
    <acid>SWA733</acid>
    <acType>B737</acType>
    <entryFix>BOO</entryFix>
    <exitFix>STL</exitFix>
    <airport>STL</airport>
    <flightRules>IFR</flightRules>
    <rawFlightRules></rawFlightRules>
    <type>A</type>
    <ptdTime>1635</ptdTime>
    <status>active</status>
    <delete>0</delete>
    <suspended>0</suspended>
    <lld>NE</lld>
    <ECID>939</ECID>
    <eqptSuffix>unavailable</eqptSuffix>
  </flightPlan>
  <enhancedData>
    <eramGufi>KW461134Iw</eramGufi>
    <sfdpsGufi>us.fdps.2026-06-24T12:48:33Z.000/22/4Iw</sfdpsGufi>
    <departureAirport>KBWI</departureAirport>
    <destinationAirport>KSTL</destinationAirport>
  </enhancedData>
</record>

=== 16:42:52.525 CID ENY3462 ===
<record>
  <recSeqNum>45417</recSeqNum>
  <recSrc>A</recSrc>
  <recType>210</recType>
  <recSTARSTimestamp>60172030</recSTARSTimestamp>
  <recSTARSSrcID>0</recSTARSSrcID>
  <recSTARSTimeSync>true</recSTARSTimeSync>
  <recSAFAReceiptTime>2026-06-24T16:42:52.077Z</recSAFAReceiptTime>
  <recSAFATimeSync>true</recSAFATimeSync>
  <track>
    <trackNum>344</trackNum>
    <mrtTime>2026-06-24T16:42:51.672Z</mrtTime>
    <status>active</status>
    <acAddress>a234ef</acAddress>
    <xPos>762444</xPos>
    <yPos>455158</yPos>
    <lat>41.57053</lat>
    <lon>-90.81394</lon>
    <vVert>-1295</vVert>
    <vx>-252</vx>
    <vy>116</vy>
    <vVertRaw>-884</vVertRaw>
    <vxRaw>-1146</vxRaw>
    <vyRaw>528</vyRaw>
    <frozen>0</frozen>
    <new>0</new>
    <pseudo>0</pseudo>
    <adsb>1</adsb>
    <reportedBeaconCode>6504</reportedBeaconCode>
    <reportedAltitude>13400</reportedAltitude>
  </track>
  <flightPlan>
    <sfpn>626</sfpn>
    <ocr>normal handoff</ocr>
    <rnav>0</rnav>
    <scratchPad1>CID</scratchPad1>
    <cps>1T</cps>
    <runway>CID</runway>
    <assignedBeaconCode>6504</assignedBeaconCode>
    <requestedAltitude>0</requestedAltitude>
    <assignedAltitude>29000</assignedAltitude>
    <category>G</category>
    <dbi></dbi>
    <acid>ENY3462</acid>
    <acType>E170</acType>
    <entryFix>MLI</entryFix>
    <exitFix>CID</exitFix>
    <airport>CID</airport>
    <flightRules>IFR</flightRules>
    <rawFlightRules></rawFlightRules>
    <type>A</type>
    <ptdTime>1647</ptdTime>
    <status>active</status>
    <delete>0</delete>
    <suspended>0</suspended>
    <lld>N</lld>
    <ECID>939</ECID>
    <eqptSuffix>unavailable</eqptSuffix>
  </flightPlan>
  <enhancedData>
    <eramGufi>KW489174kj</eramGufi>
    <sfdpsGufi>us.fdps.2026-06-24T13:35:17Z.000/22/4kj</sfdpsGufi>
    <departureAirport>KDCA</departureAirport>
    <destinationAirport>KCID</destinationAirport>
  </enhancedData>
</record>

=== 16:42:53.571 CID ENY3462 ===
<record>
  <recSeqNum>45441</recSeqNum>
  <recSrc>A</recSrc>
  <recType>210</recType>
  <recSTARSTimestamp>60173080</recSTARSTimestamp>
  <recSTARSSrcID>0</recSTARSSrcID>
  <recSTARSTimeSync>true</recSTARSTimeSync>
  <recSAFAReceiptTime>2026-06-24T16:42:53.124Z</recSAFAReceiptTime>
  <recSAFATimeSync>true</recSAFATimeSync>
  <track>
    <trackNum>344</trackNum>
    <mrtTime>2026-06-24T16:42:52.605Z</mrtTime>
    <status>active</status>
    <acAddress>a234ef</acAddress>
    <xPos>762427</xPos>
    <yPos>455166</yPos>
    <lat>41.57106</lat>
    <lon>-90.81542</lon>
    <vVert>-1295</vVert>
    <vx>-252</vx>
    <vy>116</vy>
    <vVertRaw>-884</vVertRaw>
    <vxRaw>-1146</vxRaw>
    <vyRaw>529</vyRaw>
    <frozen>0</frozen>
    <new>0</new>
    <pseudo>0</pseudo>
    <adsb>1</adsb>
    <reportedBeaconCode>6504</reportedBeaconCode>
    <reportedAltitude>13400</reportedAltitude>
  </track>
  <flightPlan>
    <sfpn>626</sfpn>
    <ocr>normal handoff</ocr>
    <rnav>0</rnav>
    <scratchPad1>CID</scratchPad1>
    <cps>1T</cps>
    <runway>CID</runway>
    <assignedBeaconCode>6504</assignedBeaconCode>
    <requestedAltitude>0</requestedAltitude>
    <assignedAltitude>29000</assignedAltitude>
    <category>G</category>
    <dbi></dbi>
    <acid>ENY3462</acid>
    <acType>E170</acType>
    <entryFix>MLI</entryFix>
    <exitFix>CID</exitFix>
    <airport>CID</airport>
    <flightRules>IFR</flightRules>
    <rawFlightRules></rawFlightRules>
    <type>A</type>
    <ptdTime>1647</ptdTime>
    <status>active</status>
    <delete>0</delete>
    <suspended>0</suspended>
    <lld>N</lld>
    <ECID>939</ECID>
    <eqptSuffix>unavailable</eqptSuffix>
  </flightPlan>
  <enhancedData>
    <eramGufi>KW489174kj</eramGufi>
    <sfdpsGufi>us.fdps.2026-06-24T13:35:17Z.000/22/4kj</sfdpsGufi>
    <departureAirport>KDCA</departureAirport>
    <destinationAirport>KCID</destinationAirport>
  </enhancedData>
</record>

=== 16:42:59.716 T75 SWA733 ===
<record>
  <recSeqNum>14922</recSeqNum>
  <recSrc>A</recSrc>
  <recType>210</recType>
  <recSTARSTimestamp>60179340</recSTARSTimestamp>
  <recSTARSSrcID>0</recSTARSSrcID>
  <recSTARSTimeSync>true</recSTARSTimeSync>
  <recSAFAReceiptTime>2026-06-24T16:42:59.356Z</recSAFAReceiptTime>
  <recSAFATimeSync>true</recSAFATimeSync>
  <track>
    <trackNum>3303</trackNum>
    <mrtTime>2026-06-24T16:42:58.972Z</mrtTime>
    <status>active</status>
    <acAddress>a2bb10</acAddress>
    <xPos>775007</xPos>
    <yPos>403037</yPos>
    <lat>38.64772</lat>
    <lon>-90.16411</lon>
    <vVert>-419</vVert>
    <vx>-117</vx>
    <vy>203</vy>
    <vVertRaw>-286</vVertRaw>
    <vxRaw>-531</vxRaw>
    <vyRaw>926</vyRaw>
    <frozen>0</frozen>
    <new>0</new>
    <pseudo>0</pseudo>
    <adsb>1</adsb>
    <reportedBeaconCode>1144</reportedBeaconCode>
    <reportedAltitude>3500</reportedAltitude>
  </track>
  <flightPlan>
    <sfpn>296</sfpn>
    <ocr>normal handoff</ocr>
    <rnav>1</rnav>
    <scratchPad1>VAR</scratchPad1>
    <cps>1N</cps>
    <runway>VAR</runway>
    <assignedBeaconCode>1144</assignedBeaconCode>
    <requestedAltitude>0</requestedAltitude>
    <assignedAltitude>10000</assignedAltitude>
    <category>F</category>
    <dbi></dbi>
    <acid>SWA733</acid>
    <acType>B737</acType>
    <entryFix>BOO</entryFix>
    <exitFix>STL</exitFix>
    <airport>STL</airport>
    <flightRules>IFR</flightRules>
    <rawFlightRules></rawFlightRules>
    <type>A</type>
    <ptdTime>1635</ptdTime>
    <status>active</status>
    <delete>0</delete>
    <suspended>0</suspended>
    <lld>NE</lld>
    <ECID>939</ECID>
    <eqptSuffix>unavailable</eqptSuffix>
  </flightPlan>
  <enhancedData>
    <eramGufi>KW461134Iw</eramGufi>
    <sfdpsGufi>us.fdps.2026-06-24T12:48:33Z.000/22/4Iw</sfdpsGufi>
    <departureAirport>KBWI</departureAirport>
    <destinationAirport>KSTL</destinationAirport>
  </enhancedData>
</record>

=== 16:43:01.613 CID ENY3462 ===
<record>
  <recSeqNum>45708</recSeqNum>
  <recSrc>A</recSrc>
  <recType>210</recType>
  <recSTARSTimestamp>60181180</recSTARSTimestamp>
  <recSTARSSrcID>0</recSTARSSrcID>
  <recSTARSTimeSync>true</recSTARSTimeSync>
  <recSAFAReceiptTime>2026-06-24T16:43:01.183Z</recSAFAReceiptTime>
  <recSAFATimeSync>true</recSAFATimeSync>
  <track>
    <trackNum>344</trackNum>
    <mrtTime>2026-06-24T16:43:00.741Z</mrtTime>
    <status>active</status>
    <acAddress>a234ef</acAddress>
    <xPos>762283</xPos>
    <yPos>455233</yPos>
    <lat>41.5755</lat>
    <lon>-90.82783</lon>
    <vVert>-1229</vVert>
    <vx>-250</vx>
    <vy>115</vy>
    <vVertRaw>-839</vVertRaw>
    <vxRaw>-1140</vxRaw>
    <vyRaw>525</vyRaw>
    <frozen>0</frozen>
    <new>0</new>
    <pseudo>0</pseudo>
    <adsb>1</adsb>
    <reportedBeaconCode>6504</reportedBeaconCode>
    <reportedAltitude>13200</reportedAltitude>
  </track>
  <flightPlan>
    <sfpn>626</sfpn>
    <ocr>normal handoff</ocr>
    <rnav>0</rnav>
    <scratchPad1>CID</scratchPad1>
    <cps>1T</cps>
    <runway>CID</runway>
    <assignedBeaconCode>6504</assignedBeaconCode>
    <requestedAltitude>0</requestedAltitude>
    <assignedAltitude>29000</assignedAltitude>
    <category>G</category>
    <dbi></dbi>
    <acid>ENY3462</acid>
    <acType>E170</acType>
    <entryFix>MLI</entryFix>
    <exitFix>CID</exitFix>
    <airport>CID</airport>
    <flightRules>IFR</flightRules>
    <rawFlightRules></rawFlightRules>
    <type>A</type>
    <ptdTime>1647</ptdTime>
    <status>active</status>
    <delete>0</delete>
    <suspended>0</suspended>
    <lld>N</lld>
    <ECID>939</ECID>
    <eqptSuffix>unavailable</eqptSuffix>
  </flightPlan>
  <enhancedData>
    <eramGufi>KW489174kj</eramGufi>
    <sfdpsGufi>us.fdps.2026-06-24T13:35:17Z.000/22/4kj</sfdpsGufi>
    <departureAirport>KDCA</departureAirport>
    <destinationAirport>KCID</destinationAirport>
  </enhancedData>
</record>

=== 16:43:04.606 T75 SWA733 ===
<record>
  <recSeqNum>15079</recSeqNum>
  <recSrc>A</recSrc>
  <recType>210</recType>
  <recSTARSTimestamp>60184140</recSTARSTimestamp>
  <recSTARSSrcID>0</recSTARSSrcID>
  <recSTARSTimeSync>true</recSTARSTimeSync>
  <recSAFAReceiptTime>2026-06-24T16:43:04.153Z</recSAFAReceiptTime>
  <recSAFATimeSync>true</recSAFATimeSync>
  <track>
    <trackNum>3303</trackNum>
    <mrtTime>2026-06-24T16:43:03.751Z</mrtTime>
    <status>active</status>
    <acAddress>a2bb10</acAddress>
    <xPos>774962</xPos>
    <yPos>403098</yPos>
    <lat>38.65169</lat>
    <lon>-90.16786</lon>
    <vVert>-253</vVert>
    <vx>-140</vx>
    <vy>176</vy>
    <vVertRaw>-173</vVertRaw>
    <vxRaw>-636</vxRaw>
    <vyRaw>803</vyRaw>
    <frozen>0</frozen>
    <new>0</new>
    <pseudo>0</pseudo>
    <adsb>1</adsb>
    <reportedBeaconCode>1144</reportedBeaconCode>
    <reportedAltitude>3500</reportedAltitude>
  </track>
  <flightPlan>
    <sfpn>296</sfpn>
    <ocr>normal handoff</ocr>
    <rnav>1</rnav>
    <scratchPad1>VAR</scratchPad1>
    <cps>1N</cps>
    <runway>VAR</runway>
    <assignedBeaconCode>1144</assignedBeaconCode>
    <requestedAltitude>0</requestedAltitude>
    <assignedAltitude>10000</assignedAltitude>
    <category>F</category>
    <dbi></dbi>
    <acid>SWA733</acid>
    <acType>B737</acType>
    <entryFix>BOO</entryFix>
    <exitFix>STL</exitFix>
    <airport>STL</airport>
    <flightRules>IFR</flightRules>
    <rawFlightRules></rawFlightRules>
    <type>A</type>
    <ptdTime>1635</ptdTime>
    <status>active</status>
    <delete>0</delete>
    <suspended>0</suspended>
    <lld>NE</lld>
    <ECID>939</ECID>
    <eqptSuffix>unavailable</eqptSuffix>
  </flightPlan>
  <enhancedData>
    <eramGufi>KW461134Iw</eramGufi>
    <sfdpsGufi>us.fdps.2026-06-24T12:48:33Z.000/22/4Iw</sfdpsGufi>
    <departureAirport>KBWI</departureAirport>
    <destinationAirport>KSTL</destinationAirport>
  </enhancedData>
</record>

=== 16:43:06.169 CID ENY3462 ===
<record>
  <recSeqNum>45841</recSeqNum>
  <recSrc>A</recSrc>
  <recType>210</recType>
  <recSTARSTimestamp>60185980</recSTARSTimestamp>
  <recSTARSSrcID>0</recSTARSSrcID>
  <recSTARSTimeSync>true</recSTARSTimeSync>
  <recSAFAReceiptTime>2026-06-24T16:43:05.993Z</recSAFAReceiptTime>
  <recSAFATimeSync>true</recSAFATimeSync>
  <track>
    <trackNum>344</trackNum>
    <mrtTime>2026-06-24T16:43:05.697Z</mrtTime>
    <status>active</status>
    <acAddress>a234ef</acAddress>
    <xPos>762195</xPos>
    <yPos>455273</yPos>
    <lat>41.57817</lat>
    <lon>-90.83544</lon>
    <vVert>-1244</vVert>
    <vx>-250</vx>
    <vy>115</vy>
    <vVertRaw>-849</vVertRaw>
    <vxRaw>-1139</vxRaw>
    <vyRaw>523</vyRaw>
    <frozen>0</frozen>
    <new>0</new>
    <pseudo>0</pseudo>
    <adsb>1</adsb>
    <reportedBeaconCode>6504</reportedBeaconCode>
    <reportedAltitude>13100</reportedAltitude>
  </track>
  <flightPlan>
    <sfpn>626</sfpn>
    <ocr>normal handoff</ocr>
    <rnav>0</rnav>
    <scratchPad1>CID</scratchPad1>
    <cps>1T</cps>
    <runway>CID</runway>
    <assignedBeaconCode>6504</assignedBeaconCode>
    <requestedAltitude>0</requestedAltitude>
    <assignedAltitude>29000</assignedAltitude>
    <category>G</category>
    <dbi></dbi>
    <acid>ENY3462</acid>
    <acType>E170</acType>
    <entryFix>MLI</entryFix>
    <exitFix>CID</exitFix>
    <airport>CID</airport>
    <flightRules>IFR</flightRules>
    <rawFlightRules></rawFlightRules>
    <type>A</type>
    <ptdTime>1647</ptdTime>
    <status>active</status>
    <delete>0</delete>
    <suspended>0</suspended>
    <lld>N</lld>
    <ECID>939</ECID>
    <eqptSuffix>unavailable</eqptSuffix>
  </flightPlan>
  <enhancedData>
    <eramGufi>KW489174kj</eramGufi>
    <sfdpsGufi>us.fdps.2026-06-24T13:35:17Z.000/22/4kj</sfdpsGufi>
    <departureAirport>KDCA</departureAirport>
    <destinationAirport>KCID</destinationAirport>
  </enhancedData>
</record>

=== 16:43:10.698 CID ENY3462 ===
<record>
  <recSeqNum>45975</recSeqNum>
  <recSrc>A</recSrc>
  <recType>210</recType>
  <recSTARSTimestamp>60190330</recSTARSTimestamp>
  <recSTARSSrcID>0</recSTARSSrcID>
  <recSTARSTimeSync>true</recSTARSTimeSync>
  <recSAFAReceiptTime>2026-06-24T16:43:10.348Z</recSAFAReceiptTime>
  <recSAFATimeSync>true</recSAFATimeSync>
  <track>
    <trackNum>344</trackNum>
    <mrtTime>2026-06-24T16:43:09.950Z</mrtTime>
    <status>active</status>
    <acAddress>a234ef</acAddress>
    <xPos>762119</xPos>
    <yPos>455308</yPos>
    <lat>41.5805</lat>
    <lon>-90.842</lon>
    <vVert>-1260</vVert>
    <vx>-250</vx>
    <vy>115</vy>
    <vVertRaw>-860</vVertRaw>
    <vxRaw>-1139</vxRaw>
    <vyRaw>524</vyRaw>
    <frozen>0</frozen>
    <new>0</new>
    <pseudo>0</pseudo>
    <adsb>1</adsb>
    <reportedBeaconCode>6504</reportedBeaconCode>
    <reportedAltitude>13000</reportedAltitude>
  </track>
  <flightPlan>
    <sfpn>626</sfpn>
    <ocr>normal handoff</ocr>
    <rnav>0</rnav>
    <scratchPad1>CID</scratchPad1>
    <cps>1T</cps>
    <runway>CID</runway>
    <assignedBeaconCode>6504</assignedBeaconCode>
    <requestedAltitude>0</requestedAltitude>
    <assignedAltitude>29000</assignedAltitude>
    <category>G</category>
    <dbi></dbi>
    <acid>ENY3462</acid>
    <acType>E170</acType>
    <entryFix>MLI</entryFix>
    <exitFix>CID</exitFix>
    <airport>CID</airport>
    <flightRules>IFR</flightRules>
    <rawFlightRules></rawFlightRules>
    <type>A</type>
    <ptdTime>1647</ptdTime>
    <status>active</status>
    <delete>0</delete>
    <suspended>0</suspended>
    <lld>N</lld>
    <ECID>939</ECID>
    <eqptSuffix>unavailable</eqptSuffix>
  </flightPlan>
  <enhancedData>
    <eramGufi>KW489174kj</eramGufi>
    <sfdpsGufi>us.fdps.2026-06-24T13:35:17Z.000/22/4kj</sfdpsGufi>
    <departureAirport>KDCA</departureAirport>
    <destinationAirport>KCID</destinationAirport>
  </enhancedData>
</record>

=== 16:43:14.554 CID ENY3462 ===
<record>
  <recSeqNum>46105</recSeqNum>
  <recSrc>A</recSrc>
  <recType>210</recType>
  <recSTARSTimestamp>60194380</recSTARSTimestamp>
  <recSTARSSrcID>0</recSTARSSrcID>
  <recSTARSTimeSync>true</recSTARSTimeSync>
  <recSAFAReceiptTime>2026-06-24T16:43:14.403Z</recSAFAReceiptTime>
  <recSAFATimeSync>true</recSAFATimeSync>
  <track>
    <trackNum>344</trackNum>
    <mrtTime>2026-06-24T16:43:13.923Z</mrtTime>
    <status>active</status>
    <acAddress>a234ef</acAddress>
    <xPos>762048</xPos>
    <yPos>455341</yPos>
    <lat>41.58269</lat>
    <lon>-90.84814</lon>
    <vVert>-1277</vVert>
    <vx>-250</vx>
    <vy>115</vy>
    <vVertRaw>-872</vVertRaw>
    <vxRaw>-1139</vxRaw>
    <vyRaw>524</vyRaw>
    <frozen>0</frozen>
    <new>0</new>
    <pseudo>0</pseudo>
    <adsb>1</adsb>
    <reportedBeaconCode>6504</reportedBeaconCode>
    <reportedAltitude>12900</reportedAltitude>
  </track>
  <flightPlan>
    <sfpn>626</sfpn>
    <ocr>normal handoff</ocr>
    <rnav>0</rnav>
    <scratchPad1>CID</scratchPad1>
    <cps>1T</cps>
    <runway>CID</runway>
    <assignedBeaconCode>6504</assignedBeaconCode>
    <requestedAltitude>0</requestedAltitude>
    <assignedAltitude>29000</assignedAltitude>
    <category>G</category>
    <dbi></dbi>
    <acid>ENY3462</acid>
    <acType>E170</acType>
    <entryFix>MLI</entryFix>
    <exitFix>CID</exitFix>
    <airport>CID</airport>
    <flightRules>IFR</flightRules>
    <rawFlightRules></rawFlightRules>
    <type>A</type>
    <ptdTime>1647</ptdTime>
    <status>active</status>
    <delete>0</delete>
    <suspended>0</suspended>
    <lld>N</lld>
    <ECID>939</ECID>
    <eqptSuffix>unavailable</eqptSuffix>
  </flightPlan>
  <enhancedData>
    <eramGufi>KW489174kj</eramGufi>
    <sfdpsGufi>us.fdps.2026-06-24T13:35:17Z.000/22/4kj</sfdpsGufi>
    <departureAirport>KDCA</departureAirport>
    <destinationAirport>KCID</destinationAirport>
  </enhancedData>
</record>

=== 16:43:23.678 CID ENY3462 ===
<record>
  <recSeqNum>46373</recSeqNum>
  <recSrc>A</recSrc>
  <recType>210</recType>
  <recSTARSTimestamp>60203380</recSTARSTimestamp>
  <recSTARSSrcID>0</recSTARSSrcID>
  <recSTARSTimeSync>true</recSTARSTimeSync>
  <recSAFAReceiptTime>2026-06-24T16:43:23.416Z</recSAFAReceiptTime>
  <recSAFATimeSync>true</recSAFATimeSync>
  <track>
    <trackNum>344</trackNum>
    <mrtTime>2026-06-24T16:43:23.092Z</mrtTime>
    <status>active</status>
    <acAddress>a234ef</acAddress>
    <xPos>761884</xPos>
    <yPos>455416</yPos>
    <lat>41.58769</lat>
    <lon>-90.86228</lon>
    <vVert>-1298</vVert>
    <vx>-251</vx>
    <vy>116</vy>
    <vVertRaw>-886</vVertRaw>
    <vxRaw>-1142</vxRaw>
    <vyRaw>527</vyRaw>
    <frozen>0</frozen>
    <new>0</new>
    <pseudo>0</pseudo>
    <adsb>1</adsb>
    <reportedBeaconCode>6504</reportedBeaconCode>
    <reportedAltitude>12700</reportedAltitude>
  </track>
  <flightPlan>
    <sfpn>626</sfpn>
    <ocr>normal handoff</ocr>
    <rnav>0</rnav>
    <scratchPad1>CID</scratchPad1>
    <cps>1T</cps>
    <runway>CID</runway>
    <assignedBeaconCode>6504</assignedBeaconCode>
    <requestedAltitude>0</requestedAltitude>
    <assignedAltitude>29000</assignedAltitude>
    <category>G</category>
    <dbi></dbi>
    <acid>ENY3462</acid>
    <acType>E170</acType>
    <entryFix>MLI</entryFix>
    <exitFix>CID</exitFix>
    <airport>CID</airport>
    <flightRules>IFR</flightRules>
    <rawFlightRules></rawFlightRules>
    <type>A</type>
    <ptdTime>1647</ptdTime>
    <status>active</status>
    <delete>0</delete>
    <suspended>0</suspended>
    <lld>N</lld>
    <ECID>939</ECID>
    <eqptSuffix>unavailable</eqptSuffix>
  </flightPlan>
  <enhancedData>
    <eramGufi>KW489174kj</eramGufi>
    <sfdpsGufi>us.fdps.2026-06-24T13:35:17Z.000/22/4kj</sfdpsGufi>
    <departureAirport>KDCA</departureAirport>
    <destinationAirport>KCID</destinationAirport>
  </enhancedData>
</record>

=== 16:43:25.662 T75 SWA733 ===
<record>
  <recSeqNum>15791</recSeqNum>
  <recSrc>A</recSrc>
  <recType>210</recType>
  <recSTARSTimestamp>60205290</recSTARSTimestamp>
  <recSTARSSrcID>0</recSTARSSrcID>
  <recSTARSTimeSync>true</recSTARSTimeSync>
  <recSAFAReceiptTime>2026-06-24T16:43:25.329Z</recSAFAReceiptTime>
  <recSAFATimeSync>true</recSAFATimeSync>
  <track>
    <trackNum>3303</trackNum>
    <mrtTime>2026-06-24T16:43:24.964Z</mrtTime>
    <status>active</status>
    <acAddress>a2bb10</acAddress>
    <xPos>774716</xPos>
    <yPos>403292</yPos>
    <lat>38.66428</lat>
    <lon>-90.18839</lon>
    <vVert>-1083</vVert>
    <vx>-176</vx>
    <vy>100</vy>
    <vVertRaw>-739</vVertRaw>
    <vxRaw>-800</vxRaw>
    <vyRaw>456</vyRaw>
    <frozen>0</frozen>
    <new>0</new>
    <pseudo>0</pseudo>
    <adsb>1</adsb>
    <reportedBeaconCode>1144</reportedBeaconCode>
    <reportedAltitude>3200</reportedAltitude>
  </track>
  <flightPlan>
    <sfpn>296</sfpn>
    <ocr>normal handoff</ocr>
    <rnav>1</rnav>
    <scratchPad1>VAR</scratchPad1>
    <cps>1N</cps>
    <runway>VAR</runway>
    <assignedBeaconCode>1144</assignedBeaconCode>
    <requestedAltitude>0</requestedAltitude>
    <assignedAltitude>10000</assignedAltitude>
    <category>F</category>
    <dbi></dbi>
    <acid>SWA733</acid>
    <acType>B737</acType>
    <entryFix>BOO</entryFix>
    <exitFix>STL</exitFix>
    <airport>STL</airport>
    <flightRules>IFR</flightRules>
    <rawFlightRules></rawFlightRules>
    <type>A</type>
    <ptdTime>1635</ptdTime>
    <status>active</status>
    <delete>0</delete>
    <suspended>0</suspended>
    <lld>NE</lld>
    <ECID>939</ECID>
    <eqptSuffix>unavailable</eqptSuffix>
  </flightPlan>
  <enhancedData>
    <eramGufi>KW461134Iw</eramGufi>
    <sfdpsGufi>us.fdps.2026-06-24T12:48:33Z.000/22/4Iw</sfdpsGufi>
    <departureAirport>KBWI</departureAirport>
    <destinationAirport>KSTL</destinationAirport>
  </enhancedData>
</record>

=== 16:43:27.884 CID ENY3462 ===
<record>
  <recSeqNum>46512</recSeqNum>
  <recSrc>A</recSrc>
  <recType>210</recType>
  <recSTARSTimestamp>60207580</recSTARSTimestamp>
  <recSTARSSrcID>0</recSTARSSrcID>
  <recSTARSTimeSync>true</recSTARSTimeSync>
  <recSAFAReceiptTime>2026-06-24T16:43:27.612Z</recSAFAReceiptTime>
  <recSAFATimeSync>true</recSAFATimeSync>
  <track>
    <trackNum>344</trackNum>
    <mrtTime>2026-06-24T16:43:26.844Z</mrtTime>
    <status>active</status>
    <acAddress>a234ef</acAddress>
    <xPos>761817</xPos>
    <yPos>455448</yPos>
    <lat>41.58981</lat>
    <lon>-90.86808</lon>
    <vVert>-1298</vVert>
    <vx>-252</vx>
    <vy>116</vy>
    <vVertRaw>-886</vVertRaw>
    <vxRaw>-1145</vxRaw>
    <vyRaw>530</vyRaw>
    <frozen>0</frozen>
    <new>0</new>
    <pseudo>0</pseudo>
    <adsb>1</adsb>
    <reportedBeaconCode>6504</reportedBeaconCode>
    <reportedAltitude>12600</reportedAltitude>
  </track>
  <flightPlan>
    <sfpn>626</sfpn>
    <ocr>normal handoff</ocr>
    <rnav>0</rnav>
    <scratchPad1>CID</scratchPad1>
    <cps>1T</cps>
    <runway>CID</runway>
    <assignedBeaconCode>6504</assignedBeaconCode>
    <requestedAltitude>0</requestedAltitude>
    <assignedAltitude>29000</assignedAltitude>
    <category>G</category>
    <dbi></dbi>
    <acid>ENY3462</acid>
    <acType>E170</acType>
    <entryFix>MLI</entryFix>
    <exitFix>CID</exitFix>
    <airport>CID</airport>
    <flightRules>IFR</flightRules>
    <rawFlightRules></rawFlightRules>
    <type>A</type>
    <ptdTime>1647</ptdTime>
    <status>active</status>
    <delete>0</delete>
    <suspended>0</suspended>
    <lld>N</lld>
    <ECID>939</ECID>
    <eqptSuffix>unavailable</eqptSuffix>
  </flightPlan>
  <enhancedData>
    <eramGufi>KW489174kj</eramGufi>
    <sfdpsGufi>us.fdps.2026-06-24T13:35:17Z.000/22/4kj</sfdpsGufi>
    <departureAirport>KDCA</departureAirport>
    <destinationAirport>KCID</destinationAirport>
  </enhancedData>
</record>

=== 16:43:39.637 T75 SWA733 ===
<record>
  <recSeqNum>16282</recSeqNum>
  <recSrc>A</recSrc>
  <recType>210</recType>
  <recSTARSTimestamp>60219390</recSTARSTimestamp>
  <recSTARSSrcID>0</recSTARSSrcID>
  <recSTARSTimeSync>true</recSTARSTimeSync>
  <recSAFAReceiptTime>2026-06-24T16:43:39.398Z</recSAFAReceiptTime>
  <recSAFATimeSync>true</recSAFATimeSync>
  <track>
    <trackNum>3303</trackNum>
    <mrtTime>2026-06-24T16:43:38.096Z</mrtTime>
    <status>active</status>
    <acAddress>a2bb10</acAddress>
    <xPos>774557</xPos>
    <yPos>403384</yPos>
    <lat>38.67022</lat>
    <lon>-90.20161</lon>
    <vVert>-1119</vVert>
    <vx>-170</vx>
    <vy>100</vy>
    <vVertRaw>-764</vVertRaw>
    <vxRaw>-774</vxRaw>
    <vyRaw>454</vyRaw>
    <frozen>0</frozen>
    <new>0</new>
    <pseudo>0</pseudo>
    <adsb>1</adsb>
    <reportedBeaconCode>1144</reportedBeaconCode>
    <reportedAltitude>3000</reportedAltitude>
  </track>
  <flightPlan>
    <sfpn>296</sfpn>
    <ocr>normal handoff</ocr>
    <rnav>1</rnav>
    <scratchPad1>VAR</scratchPad1>
    <cps>1N</cps>
    <runway>VAR</runway>
    <assignedBeaconCode>1144</assignedBeaconCode>
    <requestedAltitude>0</requestedAltitude>
    <assignedAltitude>10000</assignedAltitude>
    <category>F</category>
    <dbi></dbi>
    <acid>SWA733</acid>
    <acType>B737</acType>
    <entryFix>BOO</entryFix>
    <exitFix>STL</exitFix>
    <airport>STL</airport>
    <flightRules>IFR</flightRules>
    <rawFlightRules></rawFlightRules>
    <type>A</type>
    <ptdTime>1635</ptdTime>
    <status>active</status>
    <delete>0</delete>
    <suspended>0</suspended>
    <lld>NE</lld>
    <ECID>939</ECID>
    <eqptSuffix>unavailable</eqptSuffix>
  </flightPlan>
  <enhancedData>
    <eramGufi>KW461134Iw</eramGufi>
    <sfdpsGufi>us.fdps.2026-06-24T12:48:33Z.000/22/4Iw</sfdpsGufi>
    <departureAirport>KBWI</departureAirport>
    <destinationAirport>KSTL</destinationAirport>
  </enhancedData>
</record>

=== 16:43:43.827 T75 SWA733 ===
<record>
  <recSeqNum>16423</recSeqNum>
  <recSrc>A</recSrc>
  <recType>210</recType>
  <recSTARSTimestamp>60223440</recSTARSTimestamp>
  <recSTARSSrcID>0</recSTARSSrcID>
  <recSTARSTimeSync>true</recSTARSTimeSync>
  <recSAFAReceiptTime>2026-06-24T16:43:43.450Z</recSAFAReceiptTime>
  <recSAFATimeSync>true</recSAFATimeSync>
  <track>
    <trackNum>3303</trackNum>
    <mrtTime>2026-06-24T16:43:43.105Z</mrtTime>
    <status>active</status>
    <acAddress>a2bb10</acAddress>
    <xPos>774498</xPos>
    <yPos>403420</yPos>
    <lat>38.67256</lat>
    <lon>-90.20653</lon>
    <vVert>-1097</vVert>
    <vx>-167</vx>
    <vy>101</vy>
    <vVertRaw>-749</vVertRaw>
    <vxRaw>-760</vxRaw>
    <vyRaw>460</vyRaw>
    <frozen>0</frozen>
    <new>0</new>
    <pseudo>0</pseudo>
    <adsb>1</adsb>
    <reportedBeaconCode>1144</reportedBeaconCode>
    <reportedAltitude>2900</reportedAltitude>
  </track>
  <flightPlan>
    <sfpn>296</sfpn>
    <ocr>normal handoff</ocr>
    <rnav>1</rnav>
    <scratchPad1>VAR</scratchPad1>
    <cps>1N</cps>
    <runway>VAR</runway>
    <assignedBeaconCode>1144</assignedBeaconCode>
    <requestedAltitude>0</requestedAltitude>
    <assignedAltitude>10000</assignedAltitude>
    <category>F</category>
    <dbi></dbi>
    <acid>SWA733</acid>
    <acType>B737</acType>
    <entryFix>BOO</entryFix>
    <exitFix>STL</exitFix>
    <airport>STL</airport>
    <flightRules>IFR</flightRules>
    <rawFlightRules></rawFlightRules>
    <type>A</type>
    <ptdTime>1635</ptdTime>
    <status>active</status>
    <delete>0</delete>
    <suspended>0</suspended>
    <lld>NE</lld>
    <ECID>939</ECID>
    <eqptSuffix>unavailable</eqptSuffix>
  </flightPlan>
  <enhancedData>
    <eramGufi>KW461134Iw</eramGufi>
    <sfdpsGufi>us.fdps.2026-06-24T12:48:33Z.000/22/4Iw</sfdpsGufi>
    <departureAirport>KBWI</departureAirport>
    <destinationAirport>KSTL</destinationAirport>
  </enhancedData>
</record>

=== 16:43:45.692 CID ENY3462 ===
<record>
  <recSeqNum>47031</recSeqNum>
  <recSrc>A</recSrc>
  <recType>210</recType>
  <recSTARSTimestamp>60225430</recSTARSTimestamp>
  <recSTARSSrcID>0</recSTARSSrcID>
  <recSTARSTimeSync>true</recSTARSTimeSync>
  <recSAFAReceiptTime>2026-06-24T16:43:45.442Z</recSAFAReceiptTime>
  <recSAFATimeSync>true</recSAFATimeSync>
  <track>
    <trackNum>344</trackNum>
    <mrtTime>2026-06-24T16:43:45.043Z</mrtTime>
    <status>active</status>
    <acAddress>a234ef</acAddress>
    <xPos>761492</xPos>
    <yPos>455598</yPos>
    <lat>41.59978</lat>
    <lon>-90.89614</lon>
    <vVert>-1302</vVert>
    <vx>-251</vx>
    <vy>116</vy>
    <vVertRaw>-889</vVertRaw>
    <vxRaw>-1144</vxRaw>
    <vyRaw>528</vyRaw>
    <frozen>0</frozen>
    <new>0</new>
    <pseudo>0</pseudo>
    <adsb>1</adsb>
    <reportedBeaconCode>6504</reportedBeaconCode>
    <reportedAltitude>12200</reportedAltitude>
  </track>
  <flightPlan>
    <sfpn>626</sfpn>
    <ocr>normal handoff</ocr>
    <rnav>0</rnav>
    <scratchPad1>CID</scratchPad1>
    <cps>1T</cps>
    <runway>CID</runway>
    <assignedBeaconCode>6504</assignedBeaconCode>
    <requestedAltitude>0</requestedAltitude>
    <assignedAltitude>29000</assignedAltitude>
    <category>G</category>
    <dbi></dbi>
    <acid>ENY3462</acid>
    <acType>E170</acType>
    <entryFix>MLI</entryFix>
    <exitFix>CID</exitFix>
    <airport>CID</airport>
    <flightRules>IFR</flightRules>
    <rawFlightRules></rawFlightRules>
    <type>A</type>
    <ptdTime>1647</ptdTime>
    <status>active</status>
    <delete>0</delete>
    <suspended>0</suspended>
    <lld>N</lld>
    <ECID>939</ECID>
    <eqptSuffix>unavailable</eqptSuffix>
  </flightPlan>
  <enhancedData>
    <eramGufi>KW489174kj</eramGufi>
    <sfdpsGufi>us.fdps.2026-06-24T13:35:17Z.000/22/4kj</sfdpsGufi>
    <departureAirport>KDCA</departureAirport>
    <destinationAirport>KCID</destinationAirport>
  </enhancedData>
</record>
